2026-01-01T00:34:27.892958444Z container prune  (reclaimed=0)
2026-01-01T00:34:36.220847294Z image pull maven:3.9.9-eclipse-temurin-21 (name=maven, org.opencontainers.image.description=Apache Maven is a software project management and comprehension tool. Based on the concept of a project object model (POM), Maven can manage a project's build, reporting and documentation from a central piece of information., org.opencontainers.image.ref.name=ubuntu, org.opencontainers.image.source=https://github.com/carlossg/docker-maven, org.opencontainers.image.title=Apache Maven, org.opencontainers.image.url=https://github.com/carlossg/docker-maven, org.opencontainers.image.version=24.04)
2026-01-01T00:34:40.845150081Z image pull eclipse-temurin:21-jre (name=eclipse-temurin, org.opencontainers.image.ref.name=ubuntu, org.opencontainers.image.version=24.04)
2026-01-01T00:36:16.390474454Z image tag sha256:588eccf33c02e418b798f7bb4237dd362b52fb5927e81dc42c056ffa4963a568 (name=aws_beanstalk/staging-app, org.opencontainers.image.ref.name=ubuntu, org.opencontainers.image.version=24.04)
2026-01-01T00:36:19.984726863Z container create 25ec71eb124b86be0407c1378d724f18df00f0653816760869a65939f53c94b6 (image=588eccf33c02, name=trusting_hofstadter, org.opencontainers.image.ref.name=ubuntu, org.opencontainers.image.version=24.04)
2026-01-01T00:36:20.023578703Z network connect 05df5f4f6763471d87767c42c992b37639ee2b26ed5c62a915473238af69a44a (container=25ec71eb124b86be0407c1378d724f18df00f0653816760869a65939f53c94b6, name=bridge, type=bridge)
2026-01-01T00:36:20.852825904Z container start 25ec71eb124b86be0407c1378d724f18df00f0653816760869a65939f53c94b6 (image=588eccf33c02, name=trusting_hofstadter, org.opencontainers.image.ref.name=ubuntu, org.opencontainers.image.version=24.04)
2026-01-01T00:36:27.586650534Z image tag sha256:588eccf33c02e418b798f7bb4237dd362b52fb5927e81dc42c056ffa4963a568 (name=aws_beanstalk/current-app:latest, org.opencontainers.image.ref.name=ubuntu, org.opencontainers.image.version=24.04)
2026-01-01T00:36:27.619614590Z image untag sha256:588eccf33c02e418b798f7bb4237dd362b52fb5927e81dc42c056ffa4963a568 (name=sha256:588eccf33c02e418b798f7bb4237dd362b52fb5927e81dc42c056ffa4963a568, org.opencontainers.image.ref.name=ubuntu, org.opencontainers.image.version=24.04)
2026-01-01T00:36:28.712678658Z network disconnect 05df5f4f6763471d87767c42c992b37639ee2b26ed5c62a915473238af69a44a (container=25ec71eb124b86be0407c1378d724f18df00f0653816760869a65939f53c94b6, name=bridge, type=bridge)
2026-01-01T00:36:28.721957320Z container die 25ec71eb124b86be0407c1378d724f18df00f0653816760869a65939f53c94b6 (execDuration=7, exitCode=1, image=588eccf33c02, name=trusting_hofstadter, org.opencontainers.image.ref.name=ubuntu, org.opencontainers.image.version=24.04)
2026-01-01T00:36:29.388212084Z image untag sha256:2e463b829a56f5f3a69c181b83f2cbb2a56b90df555c213716d5b3811f956be1 (name=sha256:2e463b829a56f5f3a69c181b83f2cbb2a56b90df555c213716d5b3811f956be1, org.opencontainers.image.ref.name=ubuntu, org.opencontainers.image.version=24.04)
2026-01-01T00:36:29.400037152Z image untag sha256:2e463b829a56f5f3a69c181b83f2cbb2a56b90df555c213716d5b3811f956be1 (name=sha256:2e463b829a56f5f3a69c181b83f2cbb2a56b90df555c213716d5b3811f956be1, org.opencontainers.image.ref.name=ubuntu, org.opencontainers.image.version=24.04)
2026-01-01T00:36:29.423996606Z network connect 05df5f4f6763471d87767c42c992b37639ee2b26ed5c62a915473238af69a44a (container=25ec71eb124b86be0407c1378d724f18df00f0653816760869a65939f53c94b6, name=bridge, type=bridge)
2026-01-01T00:36:29.852574128Z container start 25ec71eb124b86be0407c1378d724f18df00f0653816760869a65939f53c94b6 (image=588eccf33c02, name=trusting_hofstadter, org.opencontainers.image.ref.name=ubuntu, org.opencontainers.image.version=24.04)
2026-01-01T00:36:29.862957783Z image delete sha256:2e463b829a56f5f3a69c181b83f2cbb2a56b90df555c213716d5b3811f956be1 (name=sha256:2e463b829a56f5f3a69c181b83f2cbb2a56b90df555c213716d5b3811f956be1)
2026-01-01T00:36:29.866208727Z image untag sha256:4efe8769cc3208b00c72c06813da9e4f65da0007a474645e1e9ff3f8e59fbf5b (name=sha256:4efe8769cc3208b00c72c06813da9e4f65da0007a474645e1e9ff3f8e59fbf5b, org.opencontainers.image.description=Apache Maven is a software project management and comprehension tool. Based on the concept of a project object model (POM), Maven can manage a project's build, reporting and documentation from a central piece of information., org.opencontainers.image.ref.name=ubuntu, org.opencontainers.image.source=https://github.com/carlossg/docker-maven, org.opencontainers.image.title=Apache Maven, org.opencontainers.image.url=https://github.com/carlossg/docker-maven, org.opencontainers.image.version=24.04)
2026-01-01T00:36:29.868586284Z image untag sha256:4efe8769cc3208b00c72c06813da9e4f65da0007a474645e1e9ff3f8e59fbf5b (name=sha256:4efe8769cc3208b00c72c06813da9e4f65da0007a474645e1e9ff3f8e59fbf5b, org.opencontainers.image.description=Apache Maven is a software project management and comprehension tool. Based on the concept of a project object model (POM), Maven can manage a project's build, reporting and documentation from a central piece of information., org.opencontainers.image.ref.name=ubuntu, org.opencontainers.image.source=https://github.com/carlossg/docker-maven, org.opencontainers.image.title=Apache Maven, org.opencontainers.image.url=https://github.com/carlossg/docker-maven, org.opencontainers.image.version=24.04)
2026-01-01T00:36:29.871566381Z image delete sha256:4efe8769cc3208b00c72c06813da9e4f65da0007a474645e1e9ff3f8e59fbf5b (name=sha256:4efe8769cc3208b00c72c06813da9e4f65da0007a474645e1e9ff3f8e59fbf5b)
2026-01-01T00:36:36.778821473Z network disconnect 05df5f4f6763471d87767c42c992b37639ee2b26ed5c62a915473238af69a44a (container=25ec71eb124b86be0407c1378d724f18df00f0653816760869a65939f53c94b6, name=bridge, type=bridge)
2026-01-01T00:36:36.803299441Z container die 25ec71eb124b86be0407c1378d724f18df00f0653816760869a65939f53c94b6 (execDuration=6, exitCode=1, image=588eccf33c02, name=trusting_hofstadter, org.opencontainers.image.ref.name=ubuntu, org.opencontainers.image.version=24.04)
2026-01-01T00:36:37.898216232Z network connect 05df5f4f6763471d87767c42c992b37639ee2b26ed5c62a915473238af69a44a (container=25ec71eb124b86be0407c1378d724f18df00f0653816760869a65939f53c94b6, name=bridge, type=bridge)
2026-01-01T00:36:38.234376624Z container start 25ec71eb124b86be0407c1378d724f18df00f0653816760869a65939f53c94b6 (image=588eccf33c02, name=trusting_hofstadter, org.opencontainers.image.ref.name=ubuntu, org.opencontainers.image.version=24.04)
2026-01-01T00:36:44.479033041Z network disconnect 05df5f4f6763471d87767c42c992b37639ee2b26ed5c62a915473238af69a44a (container=25ec71eb124b86be0407c1378d724f18df00f0653816760869a65939f53c94b6, name=bridge, type=bridge)
2026-01-01T00:36:44.487842675Z container die 25ec71eb124b86be0407c1378d724f18df00f0653816760869a65939f53c94b6 (execDuration=6, exitCode=1, image=588eccf33c02, name=trusting_hofstadter, org.opencontainers.image.ref.name=ubuntu, org.opencontainers.image.version=24.04)
2026-01-01T00:36:45.638683846Z network connect 05df5f4f6763471d87767c42c992b37639ee2b26ed5c62a915473238af69a44a (container=25ec71eb124b86be0407c1378d724f18df00f0653816760869a65939f53c94b6, name=bridge, type=bridge)
2026-01-01T00:36:45.959910945Z container start 25ec71eb124b86be0407c1378d724f18df00f0653816760869a65939f53c94b6 (image=588eccf33c02, name=trusting_hofstadter, org.opencontainers.image.ref.name=ubuntu, org.opencontainers.image.version=24.04)
2026-01-01T00:36:51.718867605Z network disconnect 05df5f4f6763471d87767c42c992b37639ee2b26ed5c62a915473238af69a44a (container=25ec71eb124b86be0407c1378d724f18df00f0653816760869a65939f53c94b6, name=bridge, type=bridge)
2026-01-01T00:36:51.726933066Z container die 25ec71eb124b86be0407c1378d724f18df00f0653816760869a65939f53c94b6 (execDuration=5, exitCode=1, image=588eccf33c02, name=trusting_hofstadter, org.opencontainers.image.ref.name=ubuntu, org.opencontainers.image.version=24.04)
2026-01-01T00:36:52.889929057Z network connect 05df5f4f6763471d87767c42c992b37639ee2b26ed5c62a915473238af69a44a (container=25ec71eb124b86be0407c1378d724f18df00f0653816760869a65939f53c94b6, name=bridge, type=bridge)
2026-01-01T00:36:53.181799135Z container start 25ec71eb124b86be0407c1378d724f18df00f0653816760869a65939f53c94b6 (image=588eccf33c02, name=trusting_hofstadter, org.opencontainers.image.ref.name=ubuntu, org.opencontainers.image.version=24.04)
2026-01-01T00:36:59.538816527Z network disconnect 05df5f4f6763471d87767c42c992b37639ee2b26ed5c62a915473238af69a44a (container=25ec71eb124b86be0407c1378d724f18df00f0653816760869a65939f53c94b6, name=bridge, type=bridge)
2026-01-01T00:36:59.552372756Z container die 25ec71eb124b86be0407c1378d724f18df00f0653816760869a65939f53c94b6 (execDuration=6, exitCode=1, image=588eccf33c02, name=trusting_hofstadter, org.opencontainers.image.ref.name=ubuntu, org.opencontainers.image.version=24.04)
2026-01-01T00:37:00.714402272Z network connect 05df5f4f6763471d87767c42c992b37639ee2b26ed5c62a915473238af69a44a (container=25ec71eb124b86be0407c1378d724f18df00f0653816760869a65939f53c94b6, name=bridge, type=bridge)
2026-01-01T00:37:00.996422984Z container start 25ec71eb124b86be0407c1378d724f18df00f0653816760869a65939f53c94b6 (image=588eccf33c02, name=trusting_hofstadter, org.opencontainers.image.ref.name=ubuntu, org.opencontainers.image.version=24.04)
2026-01-01T00:37:07.258623907Z network disconnect 05df5f4f6763471d87767c42c992b37639ee2b26ed5c62a915473238af69a44a (container=25ec71eb124b86be0407c1378d724f18df00f0653816760869a65939f53c94b6, name=bridge, type=bridge)
2026-01-01T00:37:07.306909818Z container die 25ec71eb124b86be0407c1378d724f18df00f0653816760869a65939f53c94b6 (execDuration=6, exitCode=1, image=588eccf33c02, name=trusting_hofstadter, org.opencontainers.image.ref.name=ubuntu, org.opencontainers.image.version=24.04)
2026-01-01T00:37:08.393004481Z network connect 05df5f4f6763471d87767c42c992b37639ee2b26ed5c62a915473238af69a44a (container=25ec71eb124b86be0407c1378d724f18df00f0653816760869a65939f53c94b6, name=bridge, type=bridge)
2026-01-01T00:37:08.700237471Z container start 25ec71eb124b86be0407c1378d724f18df00f0653816760869a65939f53c94b6 (image=588eccf33c02, name=trusting_hofstadter, org.opencontainers.image.ref.name=ubuntu, org.opencontainers.image.version=24.04)
2026-01-01T00:37:14.988657535Z network disconnect 05df5f4f6763471d87767c42c992b37639ee2b26ed5c62a915473238af69a44a (container=25ec71eb124b86be0407c1378d724f18df00f0653816760869a65939f53c94b6, name=bridge, type=bridge)
2026-01-01T00:37:14.996161552Z container die 25ec71eb124b86be0407c1378d724f18df00f0653816760869a65939f53c94b6 (execDuration=6, exitCode=1, image=588eccf33c02, name=trusting_hofstadter, org.opencontainers.image.ref.name=ubuntu, org.opencontainers.image.version=24.04)
2026-01-01T00:37:16.116425732Z network connect 05df5f4f6763471d87767c42c992b37639ee2b26ed5c62a915473238af69a44a (container=25ec71eb124b86be0407c1378d724f18df00f0653816760869a65939f53c94b6, name=bridge, type=bridge)
2026-01-01T00:37:16.410850230Z container start 25ec71eb124b86be0407c1378d724f18df00f0653816760869a65939f53c94b6 (image=588eccf33c02, name=trusting_hofstadter, org.opencontainers.image.ref.name=ubuntu, org.opencontainers.image.version=24.04)
2026-01-01T00:37:22.609546646Z network disconnect 05df5f4f6763471d87767c42c992b37639ee2b26ed5c62a915473238af69a44a (container=25ec71eb124b86be0407c1378d724f18df00f0653816760869a65939f53c94b6, name=bridge, type=bridge)
2026-01-01T00:37:22.617338178Z container die 25ec71eb124b86be0407c1378d724f18df00f0653816760869a65939f53c94b6 (execDuration=6, exitCode=1, image=588eccf33c02, name=trusting_hofstadter, org.opencontainers.image.ref.name=ubuntu, org.opencontainers.image.version=24.04)
2026-01-01T00:37:23.608821872Z network connect 05df5f4f6763471d87767c42c992b37639ee2b26ed5c62a915473238af69a44a (container=25ec71eb124b86be0407c1378d724f18df00f0653816760869a65939f53c94b6, name=bridge, type=bridge)
2026-01-01T00:37:23.934628279Z container start 25ec71eb124b86be0407c1378d724f18df00f0653816760869a65939f53c94b6 (image=588eccf33c02, name=trusting_hofstadter, org.opencontainers.image.ref.name=ubuntu, org.opencontainers.image.version=24.04)
2026-01-01T00:37:30.269246961Z network disconnect 05df5f4f6763471d87767c42c992b37639ee2b26ed5c62a915473238af69a44a (container=25ec71eb124b86be0407c1378d724f18df00f0653816760869a65939f53c94b6, name=bridge, type=bridge)
2026-01-01T00:37:30.278242919Z container die 25ec71eb124b86be0407c1378d724f18df00f0653816760869a65939f53c94b6 (execDuration=6, exitCode=1, image=588eccf33c02, name=trusting_hofstadter, org.opencontainers.image.ref.name=ubuntu, org.opencontainers.image.version=24.04)
2026-01-01T00:37:31.393147551Z network connect 05df5f4f6763471d87767c42c992b37639ee2b26ed5c62a915473238af69a44a (container=25ec71eb124b86be0407c1378d724f18df00f0653816760869a65939f53c94b6, name=bridge, type=bridge)
2026-01-01T00:37:31.672269572Z container start 25ec71eb124b86be0407c1378d724f18df00f0653816760869a65939f53c94b6 (image=588eccf33c02, name=trusting_hofstadter, org.opencontainers.image.ref.name=ubuntu, org.opencontainers.image.version=24.04)
2026-01-01T00:37:37.898654963Z network disconnect 05df5f4f6763471d87767c42c992b37639ee2b26ed5c62a915473238af69a44a (container=25ec71eb124b86be0407c1378d724f18df00f0653816760869a65939f53c94b6, name=bridge, type=bridge)
2026-01-01T00:37:37.909022954Z container die 25ec71eb124b86be0407c1378d724f18df00f0653816760869a65939f53c94b6 (execDuration=6, exitCode=1, image=588eccf33c02, name=trusting_hofstadter, org.opencontainers.image.ref.name=ubuntu, org.opencontainers.image.version=24.04)
2026-01-01T00:37:39.112436280Z network connect 05df5f4f6763471d87767c42c992b37639ee2b26ed5c62a915473238af69a44a (container=25ec71eb124b86be0407c1378d724f18df00f0653816760869a65939f53c94b6, name=bridge, type=bridge)
2026-01-01T00:37:39.365927686Z container start 25ec71eb124b86be0407c1378d724f18df00f0653816760869a65939f53c94b6 (image=588eccf33c02, name=trusting_hofstadter, org.opencontainers.image.ref.name=ubuntu, org.opencontainers.image.version=24.04)
2026-01-01T00:37:45.520136321Z network disconnect 05df5f4f6763471d87767c42c992b37639ee2b26ed5c62a915473238af69a44a (container=25ec71eb124b86be0407c1378d724f18df00f0653816760869a65939f53c94b6, name=bridge, type=bridge)
2026-01-01T00:37:45.530145132Z container die 25ec71eb124b86be0407c1378d724f18df00f0653816760869a65939f53c94b6 (execDuration=5, exitCode=1, image=588eccf33c02, name=trusting_hofstadter, org.opencontainers.image.ref.name=ubuntu, org.opencontainers.image.version=24.04)
2026-01-01T00:37:46.617969732Z network connect 05df5f4f6763471d87767c42c992b37639ee2b26ed5c62a915473238af69a44a (container=25ec71eb124b86be0407c1378d724f18df00f0653816760869a65939f53c94b6, name=bridge, type=bridge)
2026-01-01T00:37:47.000847153Z container start 25ec71eb124b86be0407c1378d724f18df00f0653816760869a65939f53c94b6 (image=588eccf33c02, name=trusting_hofstadter, org.opencontainers.image.ref.name=ubuntu, org.opencontainers.image.version=24.04)
2026-01-01T00:37:53.638936805Z network disconnect 05df5f4f6763471d87767c42c992b37639ee2b26ed5c62a915473238af69a44a (container=25ec71eb124b86be0407c1378d724f18df00f0653816760869a65939f53c94b6, name=bridge, type=bridge)
2026-01-01T00:37:53.648219895Z container die 25ec71eb124b86be0407c1378d724f18df00f0653816760869a65939f53c94b6 (execDuration=6, exitCode=1, image=588eccf33c02, name=trusting_hofstadter, org.opencontainers.image.ref.name=ubuntu, org.opencontainers.image.version=24.04)
2026-01-01T00:37:54.609589207Z network connect 05df5f4f6763471d87767c42c992b37639ee2b26ed5c62a915473238af69a44a (container=25ec71eb124b86be0407c1378d724f18df00f0653816760869a65939f53c94b6, name=bridge, type=bridge)
2026-01-01T00:37:54.956066218Z container start 25ec71eb124b86be0407c1378d724f18df00f0653816760869a65939f53c94b6 (image=588eccf33c02, name=trusting_hofstadter, org.opencontainers.image.ref.name=ubuntu, org.opencontainers.image.version=24.04)
2026-01-01T00:38:01.380234850Z network disconnect 05df5f4f6763471d87767c42c992b37639ee2b26ed5c62a915473238af69a44a (container=25ec71eb124b86be0407c1378d724f18df00f0653816760869a65939f53c94b6, name=bridge, type=bridge)
2026-01-01T00:38:01.388988738Z container die 25ec71eb124b86be0407c1378d724f18df00f0653816760869a65939f53c94b6 (execDuration=6, exitCode=1, image=588eccf33c02, name=trusting_hofstadter, org.opencontainers.image.ref.name=ubuntu, org.opencontainers.image.version=24.04)
2026-01-01T00:38:02.500738799Z network connect 05df5f4f6763471d87767c42c992b37639ee2b26ed5c62a915473238af69a44a (container=25ec71eb124b86be0407c1378d724f18df00f0653816760869a65939f53c94b6, name=bridge, type=bridge)
2026-01-01T00:38:02.836580276Z container start 25ec71eb124b86be0407c1378d724f18df00f0653816760869a65939f53c94b6 (image=588eccf33c02, name=trusting_hofstadter, org.opencontainers.image.ref.name=ubuntu, org.opencontainers.image.version=24.04)
2026-01-01T00:38:09.129039856Z network disconnect 05df5f4f6763471d87767c42c992b37639ee2b26ed5c62a915473238af69a44a (container=25ec71eb124b86be0407c1378d724f18df00f0653816760869a65939f53c94b6, name=bridge, type=bridge)
2026-01-01T00:38:09.141995642Z container die 25ec71eb124b86be0407c1378d724f18df00f0653816760869a65939f53c94b6 (execDuration=6, exitCode=1, image=588eccf33c02, name=trusting_hofstadter, org.opencontainers.image.ref.name=ubuntu, org.opencontainers.image.version=24.04)
2026-01-01T00:38:10.119443133Z network connect 05df5f4f6763471d87767c42c992b37639ee2b26ed5c62a915473238af69a44a (container=25ec71eb124b86be0407c1378d724f18df00f0653816760869a65939f53c94b6, name=bridge, type=bridge)
2026-01-01T00:38:10.452356129Z container start 25ec71eb124b86be0407c1378d724f18df00f0653816760869a65939f53c94b6 (image=588eccf33c02, name=trusting_hofstadter, org.opencontainers.image.ref.name=ubuntu, org.opencontainers.image.version=24.04)
2026-01-01T00:38:16.668990731Z network disconnect 05df5f4f6763471d87767c42c992b37639ee2b26ed5c62a915473238af69a44a (container=25ec71eb124b86be0407c1378d724f18df00f0653816760869a65939f53c94b6, name=bridge, type=bridge)
2026-01-01T00:38:16.676817543Z container die 25ec71eb124b86be0407c1378d724f18df00f0653816760869a65939f53c94b6 (execDuration=5, exitCode=1, image=588eccf33c02, name=trusting_hofstadter, org.opencontainers.image.ref.name=ubuntu, org.opencontainers.image.version=24.04)
2026-01-01T00:38:17.580654380Z network connect 05df5f4f6763471d87767c42c992b37639ee2b26ed5c62a915473238af69a44a (container=25ec71eb124b86be0407c1378d724f18df00f0653816760869a65939f53c94b6, name=bridge, type=bridge)
2026-01-01T00:38:17.870298268Z container start 25ec71eb124b86be0407c1378d724f18df00f0653816760869a65939f53c94b6 (image=588eccf33c02, name=trusting_hofstadter, org.opencontainers.image.ref.name=ubuntu, org.opencontainers.image.version=24.04)
2026-01-01T00:38:24.359959206Z network disconnect 05df5f4f6763471d87767c42c992b37639ee2b26ed5c62a915473238af69a44a (container=25ec71eb124b86be0407c1378d724f18df00f0653816760869a65939f53c94b6, name=bridge, type=bridge)
2026-01-01T00:38:24.417847597Z container die 25ec71eb124b86be0407c1378d724f18df00f0653816760869a65939f53c94b6 (execDuration=6, exitCode=1, image=588eccf33c02, name=trusting_hofstadter, org.opencontainers.image.ref.name=ubuntu, org.opencontainers.image.version=24.04)
2026-01-01T00:38:25.403408920Z network connect 05df5f4f6763471d87767c42c992b37639ee2b26ed5c62a915473238af69a44a (container=25ec71eb124b86be0407c1378d724f18df00f0653816760869a65939f53c94b6, name=bridge, type=bridge)
2026-01-01T00:38:25.694202547Z container start 25ec71eb124b86be0407c1378d724f18df00f0653816760869a65939f53c94b6 (image=588eccf33c02, name=trusting_hofstadter, org.opencontainers.image.ref.name=ubuntu, org.opencontainers.image.version=24.04)
2026-01-01T00:38:32.008853615Z network disconnect 05df5f4f6763471d87767c42c992b37639ee2b26ed5c62a915473238af69a44a (container=25ec71eb124b86be0407c1378d724f18df00f0653816760869a65939f53c94b6, name=bridge, type=bridge)
2026-01-01T00:38:32.018108207Z container die 25ec71eb124b86be0407c1378d724f18df00f0653816760869a65939f53c94b6 (execDuration=6, exitCode=1, image=588eccf33c02, name=trusting_hofstadter, org.opencontainers.image.ref.name=ubuntu, org.opencontainers.image.version=24.04)
2026-01-01T00:38:33.091470046Z network connect 05df5f4f6763471d87767c42c992b37639ee2b26ed5c62a915473238af69a44a (container=25ec71eb124b86be0407c1378d724f18df00f0653816760869a65939f53c94b6, name=bridge, type=bridge)
2026-01-01T00:38:33.414383162Z container start 25ec71eb124b86be0407c1378d724f18df00f0653816760869a65939f53c94b6 (image=588eccf33c02, name=trusting_hofstadter, org.opencontainers.image.ref.name=ubuntu, org.opencontainers.image.version=24.04)
2026-01-01T00:38:38.869560273Z network disconnect 05df5f4f6763471d87767c42c992b37639ee2b26ed5c62a915473238af69a44a (container=25ec71eb124b86be0407c1378d724f18df00f0653816760869a65939f53c94b6, name=bridge, type=bridge)
2026-01-01T00:38:38.879423055Z container die 25ec71eb124b86be0407c1378d724f18df00f0653816760869a65939f53c94b6 (execDuration=5, exitCode=1, image=588eccf33c02, name=trusting_hofstadter, org.opencontainers.image.ref.name=ubuntu, org.opencontainers.image.version=24.04)
2026-01-01T00:38:39.859048868Z network connect 05df5f4f6763471d87767c42c992b37639ee2b26ed5c62a915473238af69a44a (container=25ec71eb124b86be0407c1378d724f18df00f0653816760869a65939f53c94b6, name=bridge, type=bridge)
2026-01-01T00:38:40.174238543Z container start 25ec71eb124b86be0407c1378d724f18df00f0653816760869a65939f53c94b6 (image=588eccf33c02, name=trusting_hofstadter, org.opencontainers.image.ref.name=ubuntu, org.opencontainers.image.version=24.04)
2026-01-01T00:38:45.518835838Z network disconnect 05df5f4f6763471d87767c42c992b37639ee2b26ed5c62a915473238af69a44a (container=25ec71eb124b86be0407c1378d724f18df00f0653816760869a65939f53c94b6, name=bridge, type=bridge)
2026-01-01T00:38:45.528758675Z container die 25ec71eb124b86be0407c1378d724f18df00f0653816760869a65939f53c94b6 (execDuration=5, exitCode=1, image=588eccf33c02, name=trusting_hofstadter, org.opencontainers.image.ref.name=ubuntu, org.opencontainers.image.version=24.04)
2026-01-01T00:38:46.615366904Z network connect 05df5f4f6763471d87767c42c992b37639ee2b26ed5c62a915473238af69a44a (container=25ec71eb124b86be0407c1378d724f18df00f0653816760869a65939f53c94b6, name=bridge, type=bridge)
2026-01-01T00:38:46.909273267Z container start 25ec71eb124b86be0407c1378d724f18df00f0653816760869a65939f53c94b6 (image=588eccf33c02, name=trusting_hofstadter, org.opencontainers.image.ref.name=ubuntu, org.opencontainers.image.version=24.04)
2026-01-01T00:38:53.289684229Z network disconnect 05df5f4f6763471d87767c42c992b37639ee2b26ed5c62a915473238af69a44a (container=25ec71eb124b86be0407c1378d724f18df00f0653816760869a65939f53c94b6, name=bridge, type=bridge)
2026-01-01T00:38:53.346992493Z container die 25ec71eb124b86be0407c1378d724f18df00f0653816760869a65939f53c94b6 (execDuration=6, exitCode=1, image=588eccf33c02, name=trusting_hofstadter, org.opencontainers.image.ref.name=ubuntu, org.opencontainers.image.version=24.04)
2026-01-01T00:38:54.361268544Z network connect 05df5f4f6763471d87767c42c992b37639ee2b26ed5c62a915473238af69a44a (container=25ec71eb124b86be0407c1378d724f18df00f0653816760869a65939f53c94b6, name=bridge, type=bridge)
2026-01-01T00:38:54.621186430Z container start 25ec71eb124b86be0407c1378d724f18df00f0653816760869a65939f53c94b6 (image=588eccf33c02, name=trusting_hofstadter, org.opencontainers.image.ref.name=ubuntu, org.opencontainers.image.version=24.04)
2026-01-01T00:39:00.928714790Z network disconnect 05df5f4f6763471d87767c42c992b37639ee2b26ed5c62a915473238af69a44a (container=25ec71eb124b86be0407c1378d724f18df00f0653816760869a65939f53c94b6, name=bridge, type=bridge)
2026-01-01T00:39:00.937199862Z container die 25ec71eb124b86be0407c1378d724f18df00f0653816760869a65939f53c94b6 (execDuration=6, exitCode=1, image=588eccf33c02, name=trusting_hofstadter, org.opencontainers.image.ref.name=ubuntu, org.opencontainers.image.version=24.04)
2026-01-01T00:39:02.190821710Z network connect 05df5f4f6763471d87767c42c992b37639ee2b26ed5c62a915473238af69a44a (container=25ec71eb124b86be0407c1378d724f18df00f0653816760869a65939f53c94b6, name=bridge, type=bridge)
2026-01-01T00:39:02.552200290Z container start 25ec71eb124b86be0407c1378d724f18df00f0653816760869a65939f53c94b6 (image=588eccf33c02, name=trusting_hofstadter, org.opencontainers.image.ref.name=ubuntu, org.opencontainers.image.version=24.04)
2026-01-01T00:39:09.029347757Z network disconnect 05df5f4f6763471d87767c42c992b37639ee2b26ed5c62a915473238af69a44a (container=25ec71eb124b86be0407c1378d724f18df00f0653816760869a65939f53c94b6, name=bridge, type=bridge)
2026-01-01T00:39:09.038951387Z container die 25ec71eb124b86be0407c1378d724f18df00f0653816760869a65939f53c94b6 (execDuration=6, exitCode=1, image=588eccf33c02, name=trusting_hofstadter, org.opencontainers.image.ref.name=ubuntu, org.opencontainers.image.version=24.04)
2026-01-01T00:39:10.095534826Z network connect 05df5f4f6763471d87767c42c992b37639ee2b26ed5c62a915473238af69a44a (container=25ec71eb124b86be0407c1378d724f18df00f0653816760869a65939f53c94b6, name=bridge, type=bridge)
2026-01-01T00:39:10.397929669Z container start 25ec71eb124b86be0407c1378d724f18df00f0653816760869a65939f53c94b6 (image=588eccf33c02, name=trusting_hofstadter, org.opencontainers.image.ref.name=ubuntu, org.opencontainers.image.version=24.04)
2026-01-01T00:39:16.739652653Z network disconnect 05df5f4f6763471d87767c42c992b37639ee2b26ed5c62a915473238af69a44a (container=25ec71eb124b86be0407c1378d724f18df00f0653816760869a65939f53c94b6, name=bridge, type=bridge)
2026-01-01T00:39:16.750707696Z container die 25ec71eb124b86be0407c1378d724f18df00f0653816760869a65939f53c94b6 (execDuration=6, exitCode=1, image=588eccf33c02, name=trusting_hofstadter, org.opencontainers.image.ref.name=ubuntu, org.opencontainers.image.version=24.04)
2026-01-01T00:39:17.858018902Z network connect 05df5f4f6763471d87767c42c992b37639ee2b26ed5c62a915473238af69a44a (container=25ec71eb124b86be0407c1378d724f18df00f0653816760869a65939f53c94b6, name=bridge, type=bridge)
2026-01-01T00:39:18.141176074Z container start 25ec71eb124b86be0407c1378d724f18df00f0653816760869a65939f53c94b6 (image=588eccf33c02, name=trusting_hofstadter, org.opencontainers.image.ref.name=ubuntu, org.opencontainers.image.version=24.04)
2026-01-01T00:39:24.498887892Z network disconnect 05df5f4f6763471d87767c42c992b37639ee2b26ed5c62a915473238af69a44a (container=25ec71eb124b86be0407c1378d724f18df00f0653816760869a65939f53c94b6, name=bridge, type=bridge)
2026-01-01T00:39:24.507104429Z container die 25ec71eb124b86be0407c1378d724f18df00f0653816760869a65939f53c94b6 (execDuration=6, exitCode=1, image=588eccf33c02, name=trusting_hofstadter, org.opencontainers.image.ref.name=ubuntu, org.opencontainers.image.version=24.04)
2026-01-01T00:39:25.610805831Z network connect 05df5f4f6763471d87767c42c992b37639ee2b26ed5c62a915473238af69a44a (container=25ec71eb124b86be0407c1378d724f18df00f0653816760869a65939f53c94b6, name=bridge, type=bridge)
2026-01-01T00:39:25.920427339Z container start 25ec71eb124b86be0407c1378d724f18df00f0653816760869a65939f53c94b6 (image=588eccf33c02, name=trusting_hofstadter, org.opencontainers.image.ref.name=ubuntu, org.opencontainers.image.version=24.04)
2026-01-01T00:39:31.638593421Z network disconnect 05df5f4f6763471d87767c42c992b37639ee2b26ed5c62a915473238af69a44a (container=25ec71eb124b86be0407c1378d724f18df00f0653816760869a65939f53c94b6, name=bridge, type=bridge)
2026-01-01T00:39:31.648667504Z container die 25ec71eb124b86be0407c1378d724f18df00f0653816760869a65939f53c94b6 (execDuration=5, exitCode=1, image=588eccf33c02, name=trusting_hofstadter, org.opencontainers.image.ref.name=ubuntu, org.opencontainers.image.version=24.04)
2026-01-01T00:39:32.658760754Z network connect 05df5f4f6763471d87767c42c992b37639ee2b26ed5c62a915473238af69a44a (container=25ec71eb124b86be0407c1378d724f18df00f0653816760869a65939f53c94b6, name=bridge, type=bridge)
2026-01-01T00:39:32.957862363Z container start 25ec71eb124b86be0407c1378d724f18df00f0653816760869a65939f53c94b6 (image=588eccf33c02, name=trusting_hofstadter, org.opencontainers.image.ref.name=ubuntu, org.opencontainers.image.version=24.04)
2026-01-01T00:39:38.878488210Z network disconnect 05df5f4f6763471d87767c42c992b37639ee2b26ed5c62a915473238af69a44a (container=25ec71eb124b86be0407c1378d724f18df00f0653816760869a65939f53c94b6, name=bridge, type=bridge)
2026-01-01T00:39:38.887981199Z container die 25ec71eb124b86be0407c1378d724f18df00f0653816760869a65939f53c94b6 (execDuration=5, exitCode=1, image=588eccf33c02, name=trusting_hofstadter, org.opencontainers.image.ref.name=ubuntu, org.opencontainers.image.version=24.04)
2026-01-01T00:39:39.881057747Z network connect 05df5f4f6763471d87767c42c992b37639ee2b26ed5c62a915473238af69a44a (container=25ec71eb124b86be0407c1378d724f18df00f0653816760869a65939f53c94b6, name=bridge, type=bridge)
2026-01-01T00:39:40.161327483Z container start 25ec71eb124b86be0407c1378d724f18df00f0653816760869a65939f53c94b6 (image=588eccf33c02, name=trusting_hofstadter, org.opencontainers.image.ref.name=ubuntu, org.opencontainers.image.version=24.04)
2026-01-01T00:39:46.359678609Z network disconnect 05df5f4f6763471d87767c42c992b37639ee2b26ed5c62a915473238af69a44a (container=25ec71eb124b86be0407c1378d724f18df00f0653816760869a65939f53c94b6, name=bridge, type=bridge)
2026-01-01T00:39:46.369097156Z container die 25ec71eb124b86be0407c1378d724f18df00f0653816760869a65939f53c94b6 (execDuration=5, exitCode=1, image=588eccf33c02, name=trusting_hofstadter, org.opencontainers.image.ref.name=ubuntu, org.opencontainers.image.version=24.04)
2026-01-01T00:39:47.402372256Z network connect 05df5f4f6763471d87767c42c992b37639ee2b26ed5c62a915473238af69a44a (container=25ec71eb124b86be0407c1378d724f18df00f0653816760869a65939f53c94b6, name=bridge, type=bridge)
2026-01-01T00:39:47.699500016Z container start 25ec71eb124b86be0407c1378d724f18df00f0653816760869a65939f53c94b6 (image=588eccf33c02, name=trusting_hofstadter, org.opencontainers.image.ref.name=ubuntu, org.opencontainers.image.version=24.04)
2026-01-01T00:39:54.258867983Z network disconnect 05df5f4f6763471d87767c42c992b37639ee2b26ed5c62a915473238af69a44a (container=25ec71eb124b86be0407c1378d724f18df00f0653816760869a65939f53c94b6, name=bridge, type=bridge)
2026-01-01T00:39:54.269845824Z container die 25ec71eb124b86be0407c1378d724f18df00f0653816760869a65939f53c94b6 (execDuration=6, exitCode=1, image=588eccf33c02, name=trusting_hofstadter, org.opencontainers.image.ref.name=ubuntu, org.opencontainers.image.version=24.04)
2026-01-01T00:39:55.389990485Z network connect 05df5f4f6763471d87767c42c992b37639ee2b26ed5c62a915473238af69a44a (container=25ec71eb124b86be0407c1378d724f18df00f0653816760869a65939f53c94b6, name=bridge, type=bridge)
2026-01-01T00:39:55.708493202Z container start 25ec71eb124b86be0407c1378d724f18df00f0653816760869a65939f53c94b6 (image=588eccf33c02, name=trusting_hofstadter, org.opencontainers.image.ref.name=ubuntu, org.opencontainers.image.version=24.04)
2026-01-01T00:40:01.919314069Z network disconnect 05df5f4f6763471d87767c42c992b37639ee2b26ed5c62a915473238af69a44a (container=25ec71eb124b86be0407c1378d724f18df00f0653816760869a65939f53c94b6, name=bridge, type=bridge)
2026-01-01T00:40:01.939110178Z container die 25ec71eb124b86be0407c1378d724f18df00f0653816760869a65939f53c94b6 (execDuration=6, exitCode=1, image=588eccf33c02, name=trusting_hofstadter, org.opencontainers.image.ref.name=ubuntu, org.opencontainers.image.version=24.04)
2026-01-01T00:40:03.359653480Z network connect 05df5f4f6763471d87767c42c992b37639ee2b26ed5c62a915473238af69a44a (container=25ec71eb124b86be0407c1378d724f18df00f0653816760869a65939f53c94b6, name=bridge, type=bridge)
2026-01-01T00:40:03.645427782Z container start 25ec71eb124b86be0407c1378d724f18df00f0653816760869a65939f53c94b6 (image=588eccf33c02, name=trusting_hofstadter, org.opencontainers.image.ref.name=ubuntu, org.opencontainers.image.version=24.04)
2026-01-01T00:40:09.638981953Z network disconnect 05df5f4f6763471d87767c42c992b37639ee2b26ed5c62a915473238af69a44a (container=25ec71eb124b86be0407c1378d724f18df00f0653816760869a65939f53c94b6, name=bridge, type=bridge)
2026-01-01T00:40:09.649197052Z container die 25ec71eb124b86be0407c1378d724f18df00f0653816760869a65939f53c94b6 (execDuration=5, exitCode=1, image=588eccf33c02, name=trusting_hofstadter, org.opencontainers.image.ref.name=ubuntu, org.opencontainers.image.version=24.04)
2026-01-01T00:40:10.645425823Z network connect 05df5f4f6763471d87767c42c992b37639ee2b26ed5c62a915473238af69a44a (container=25ec71eb124b86be0407c1378d724f18df00f0653816760869a65939f53c94b6, name=bridge, type=bridge)
2026-01-01T00:40:10.961024401Z container start 25ec71eb124b86be0407c1378d724f18df00f0653816760869a65939f53c94b6 (image=588eccf33c02, name=trusting_hofstadter, org.opencontainers.image.ref.name=ubuntu, org.opencontainers.image.version=24.04)
2026-01-01T00:40:17.149234909Z network disconnect 05df5f4f6763471d87767c42c992b37639ee2b26ed5c62a915473238af69a44a (container=25ec71eb124b86be0407c1378d724f18df00f0653816760869a65939f53c94b6, name=bridge, type=bridge)
2026-01-01T00:40:17.159199531Z container die 25ec71eb124b86be0407c1378d724f18df00f0653816760869a65939f53c94b6 (execDuration=6, exitCode=1, image=588eccf33c02, name=trusting_hofstadter, org.opencontainers.image.ref.name=ubuntu, org.opencontainers.image.version=24.04)
2026-01-01T00:40:18.093824175Z network connect 05df5f4f6763471d87767c42c992b37639ee2b26ed5c62a915473238af69a44a (container=25ec71eb124b86be0407c1378d724f18df00f0653816760869a65939f53c94b6, name=bridge, type=bridge)
2026-01-01T00:40:18.402421588Z container start 25ec71eb124b86be0407c1378d724f18df00f0653816760869a65939f53c94b6 (image=588eccf33c02, name=trusting_hofstadter, org.opencontainers.image.ref.name=ubuntu, org.opencontainers.image.version=24.04)
2026-01-01T00:40:23.798837230Z network disconnect 05df5f4f6763471d87767c42c992b37639ee2b26ed5c62a915473238af69a44a (container=25ec71eb124b86be0407c1378d724f18df00f0653816760869a65939f53c94b6, name=bridge, type=bridge)
2026-01-01T00:40:23.809106063Z container die 25ec71eb124b86be0407c1378d724f18df00f0653816760869a65939f53c94b6 (execDuration=5, exitCode=1, image=588eccf33c02, name=trusting_hofstadter, org.opencontainers.image.ref.name=ubuntu, org.opencontainers.image.version=24.04)
2026-01-01T00:40:24.863335905Z network connect 05df5f4f6763471d87767c42c992b37639ee2b26ed5c62a915473238af69a44a (container=25ec71eb124b86be0407c1378d724f18df00f0653816760869a65939f53c94b6, name=bridge, type=bridge)
2026-01-01T00:40:25.157926965Z container start 25ec71eb124b86be0407c1378d724f18df00f0653816760869a65939f53c94b6 (image=588eccf33c02, name=trusting_hofstadter, org.opencontainers.image.ref.name=ubuntu, org.opencontainers.image.version=24.04)
2026-01-01T00:40:31.548688760Z network disconnect 05df5f4f6763471d87767c42c992b37639ee2b26ed5c62a915473238af69a44a (container=25ec71eb124b86be0407c1378d724f18df00f0653816760869a65939f53c94b6, name=bridge, type=bridge)
2026-01-01T00:40:31.559101522Z container die 25ec71eb124b86be0407c1378d724f18df00f0653816760869a65939f53c94b6 (execDuration=6, exitCode=1, image=588eccf33c02, name=trusting_hofstadter, org.opencontainers.image.ref.name=ubuntu, org.opencontainers.image.version=24.04)
2026-01-01T00:40:32.609599486Z network connect 05df5f4f6763471d87767c42c992b37639ee2b26ed5c62a915473238af69a44a (container=25ec71eb124b86be0407c1378d724f18df00f0653816760869a65939f53c94b6, name=bridge, type=bridge)
2026-01-01T00:40:32.887098655Z container start 25ec71eb124b86be0407c1378d724f18df00f0653816760869a65939f53c94b6 (image=588eccf33c02, name=trusting_hofstadter, org.opencontainers.image.ref.name=ubuntu, org.opencontainers.image.version=24.04)
2026-01-01T00:40:39.148722143Z network disconnect 05df5f4f6763471d87767c42c992b37639ee2b26ed5c62a915473238af69a44a (container=25ec71eb124b86be0407c1378d724f18df00f0653816760869a65939f53c94b6, name=bridge, type=bridge)
2026-01-01T00:40:39.158224640Z container die 25ec71eb124b86be0407c1378d724f18df00f0653816760869a65939f53c94b6 (execDuration=6, exitCode=1, image=588eccf33c02, name=trusting_hofstadter, org.opencontainers.image.ref.name=ubuntu, org.opencontainers.image.version=24.04)
2026-01-01T00:40:40.162145975Z network connect 05df5f4f6763471d87767c42c992b37639ee2b26ed5c62a915473238af69a44a (container=25ec71eb124b86be0407c1378d724f18df00f0653816760869a65939f53c94b6, name=bridge, type=bridge)
2026-01-01T00:40:40.471329711Z container start 25ec71eb124b86be0407c1378d724f18df00f0653816760869a65939f53c94b6 (image=588eccf33c02, name=trusting_hofstadter, org.opencontainers.image.ref.name=ubuntu, org.opencontainers.image.version=24.04)
2026-01-01T00:40:46.849181536Z network disconnect 05df5f4f6763471d87767c42c992b37639ee2b26ed5c62a915473238af69a44a (container=25ec71eb124b86be0407c1378d724f18df00f0653816760869a65939f53c94b6, name=bridge, type=bridge)
2026-01-01T00:40:46.859190485Z container die 25ec71eb124b86be0407c1378d724f18df00f0653816760869a65939f53c94b6 (execDuration=6, exitCode=1, image=588eccf33c02, name=trusting_hofstadter, org.opencontainers.image.ref.name=ubuntu, org.opencontainers.image.version=24.04)
2026-01-01T00:40:47.882662723Z network connect 05df5f4f6763471d87767c42c992b37639ee2b26ed5c62a915473238af69a44a (container=25ec71eb124b86be0407c1378d724f18df00f0653816760869a65939f53c94b6, name=bridge, type=bridge)
2026-01-01T00:40:48.202195248Z container start 25ec71eb124b86be0407c1378d724f18df00f0653816760869a65939f53c94b6 (image=588eccf33c02, name=trusting_hofstadter, org.opencontainers.image.ref.name=ubuntu, org.opencontainers.image.version=24.04)
2026-01-01T00:40:53.418541795Z network disconnect 05df5f4f6763471d87767c42c992b37639ee2b26ed5c62a915473238af69a44a (container=25ec71eb124b86be0407c1378d724f18df00f0653816760869a65939f53c94b6, name=bridge, type=bridge)
2026-01-01T00:40:53.428639648Z container die 25ec71eb124b86be0407c1378d724f18df00f0653816760869a65939f53c94b6 (execDuration=5, exitCode=1, image=588eccf33c02, name=trusting_hofstadter, org.opencontainers.image.ref.name=ubuntu, org.opencontainers.image.version=24.04)
2026-01-01T00:40:54.601138783Z network connect 05df5f4f6763471d87767c42c992b37639ee2b26ed5c62a915473238af69a44a (container=25ec71eb124b86be0407c1378d724f18df00f0653816760869a65939f53c94b6, name=bridge, type=bridge)
2026-01-01T00:40:54.887992059Z container start 25ec71eb124b86be0407c1378d724f18df00f0653816760869a65939f53c94b6 (image=588eccf33c02, name=trusting_hofstadter, org.opencontainers.image.ref.name=ubuntu, org.opencontainers.image.version=24.04)
2026-01-01T00:41:00.591320056Z network disconnect 05df5f4f6763471d87767c42c992b37639ee2b26ed5c62a915473238af69a44a (container=25ec71eb124b86be0407c1378d724f18df00f0653816760869a65939f53c94b6, name=bridge, type=bridge)
2026-01-01T00:41:00.601252066Z container die 25ec71eb124b86be0407c1378d724f18df00f0653816760869a65939f53c94b6 (execDuration=5, exitCode=1, image=588eccf33c02, name=trusting_hofstadter, org.opencontainers.image.ref.name=ubuntu, org.opencontainers.image.version=24.04)
2026-01-01T00:41:01.775350289Z network connect 05df5f4f6763471d87767c42c992b37639ee2b26ed5c62a915473238af69a44a (container=25ec71eb124b86be0407c1378d724f18df00f0653816760869a65939f53c94b6, name=bridge, type=bridge)
2026-01-01T00:41:02.206292407Z container start 25ec71eb124b86be0407c1378d724f18df00f0653816760869a65939f53c94b6 (image=588eccf33c02, name=trusting_hofstadter, org.opencontainers.image.ref.name=ubuntu, org.opencontainers.image.version=24.04)
2026-01-01T00:41:08.369536232Z network disconnect 05df5f4f6763471d87767c42c992b37639ee2b26ed5c62a915473238af69a44a (container=25ec71eb124b86be0407c1378d724f18df00f0653816760869a65939f53c94b6, name=bridge, type=bridge)
2026-01-01T00:41:08.379176429Z container die 25ec71eb124b86be0407c1378d724f18df00f0653816760869a65939f53c94b6 (execDuration=5, exitCode=1, image=588eccf33c02, name=trusting_hofstadter, org.opencontainers.image.ref.name=ubuntu, org.opencontainers.image.version=24.04)
2026-01-01T00:41:09.384847792Z network connect 05df5f4f6763471d87767c42c992b37639ee2b26ed5c62a915473238af69a44a (container=25ec71eb124b86be0407c1378d724f18df00f0653816760869a65939f53c94b6, name=bridge, type=bridge)
2026-01-01T00:41:09.709513299Z container start 25ec71eb124b86be0407c1378d724f18df00f0653816760869a65939f53c94b6 (image=588eccf33c02, name=trusting_hofstadter, org.opencontainers.image.ref.name=ubuntu, org.opencontainers.image.version=24.04)
2026-01-01T00:41:15.418875257Z network disconnect 05df5f4f6763471d87767c42c992b37639ee2b26ed5c62a915473238af69a44a (container=25ec71eb124b86be0407c1378d724f18df00f0653816760869a65939f53c94b6, name=bridge, type=bridge)
2026-01-01T00:41:15.428550453Z container die 25ec71eb124b86be0407c1378d724f18df00f0653816760869a65939f53c94b6 (execDuration=5, exitCode=1, image=588eccf33c02, name=trusting_hofstadter, org.opencontainers.image.ref.name=ubuntu, org.opencontainers.image.version=24.04)
2026-01-01T00:41:16.633994596Z network connect 05df5f4f6763471d87767c42c992b37639ee2b26ed5c62a915473238af69a44a (container=25ec71eb124b86be0407c1378d724f18df00f0653816760869a65939f53c94b6, name=bridge, type=bridge)
2026-01-01T00:41:16.977322883Z container start 25ec71eb124b86be0407c1378d724f18df00f0653816760869a65939f53c94b6 (image=588eccf33c02, name=trusting_hofstadter, org.opencontainers.image.ref.name=ubuntu, org.opencontainers.image.version=24.04)
2026-01-01T00:41:23.079651613Z network disconnect 05df5f4f6763471d87767c42c992b37639ee2b26ed5c62a915473238af69a44a (container=25ec71eb124b86be0407c1378d724f18df00f0653816760869a65939f53c94b6, name=bridge, type=bridge)
2026-01-01T00:41:23.091014256Z container die 25ec71eb124b86be0407c1378d724f18df00f0653816760869a65939f53c94b6 (execDuration=5, exitCode=1, image=588eccf33c02, name=trusting_hofstadter, org.opencontainers.image.ref.name=ubuntu, org.opencontainers.image.version=24.04)
2026-01-01T00:41:24.116841774Z network connect 05df5f4f6763471d87767c42c992b37639ee2b26ed5c62a915473238af69a44a (container=25ec71eb124b86be0407c1378d724f18df00f0653816760869a65939f53c94b6, name=bridge, type=bridge)
2026-01-01T00:41:24.428074580Z container start 25ec71eb124b86be0407c1378d724f18df00f0653816760869a65939f53c94b6 (image=588eccf33c02, name=trusting_hofstadter, org.opencontainers.image.ref.name=ubuntu, org.opencontainers.image.version=24.04)
2026-01-01T00:41:30.740532338Z network disconnect 05df5f4f6763471d87767c42c992b37639ee2b26ed5c62a915473238af69a44a (container=25ec71eb124b86be0407c1378d724f18df00f0653816760869a65939f53c94b6, name=bridge, type=bridge)
2026-01-01T00:41:30.749991808Z container die 25ec71eb124b86be0407c1378d724f18df00f0653816760869a65939f53c94b6 (execDuration=6, exitCode=1, image=588eccf33c02, name=trusting_hofstadter, org.opencontainers.image.ref.name=ubuntu, org.opencontainers.image.version=24.04)
2026-01-01T00:41:31.862313334Z network connect 05df5f4f6763471d87767c42c992b37639ee2b26ed5c62a915473238af69a44a (container=25ec71eb124b86be0407c1378d724f18df00f0653816760869a65939f53c94b6, name=bridge, type=bridge)
2026-01-01T00:41:32.202976924Z container start 25ec71eb124b86be0407c1378d724f18df00f0653816760869a65939f53c94b6 (image=588eccf33c02, name=trusting_hofstadter, org.opencontainers.image.ref.name=ubuntu, org.opencontainers.image.version=24.04)
2026-01-01T00:41:38.579076466Z network disconnect 05df5f4f6763471d87767c42c992b37639ee2b26ed5c62a915473238af69a44a (container=25ec71eb124b86be0407c1378d724f18df00f0653816760869a65939f53c94b6, name=bridge, type=bridge)
2026-01-01T00:41:38.587923320Z container die 25ec71eb124b86be0407c1378d724f18df00f0653816760869a65939f53c94b6 (execDuration=6, exitCode=1, image=588eccf33c02, name=trusting_hofstadter, org.opencontainers.image.ref.name=ubuntu, org.opencontainers.image.version=24.04)
2026-01-01T00:41:39.618774109Z network connect 05df5f4f6763471d87767c42c992b37639ee2b26ed5c62a915473238af69a44a (container=25ec71eb124b86be0407c1378d724f18df00f0653816760869a65939f53c94b6, name=bridge, type=bridge)
2026-01-01T00:41:39.951419409Z container start 25ec71eb124b86be0407c1378d724f18df00f0653816760869a65939f53c94b6 (image=588eccf33c02, name=trusting_hofstadter, org.opencontainers.image.ref.name=ubuntu, org.opencontainers.image.version=24.04)
2026-01-01T00:41:46.238963102Z network disconnect 05df5f4f6763471d87767c42c992b37639ee2b26ed5c62a915473238af69a44a (container=25ec71eb124b86be0407c1378d724f18df00f0653816760869a65939f53c94b6, name=bridge, type=bridge)
2026-01-01T00:41:46.251222312Z container die 25ec71eb124b86be0407c1378d724f18df00f0653816760869a65939f53c94b6 (execDuration=6, exitCode=1, image=588eccf33c02, name=trusting_hofstadter, org.opencontainers.image.ref.name=ubuntu, org.opencontainers.image.version=24.04)
2026-01-01T00:41:47.354084600Z network connect 05df5f4f6763471d87767c42c992b37639ee2b26ed5c62a915473238af69a44a (container=25ec71eb124b86be0407c1378d724f18df00f0653816760869a65939f53c94b6, name=bridge, type=bridge)
2026-01-01T00:41:47.667526655Z container start 25ec71eb124b86be0407c1378d724f18df00f0653816760869a65939f53c94b6 (image=588eccf33c02, name=trusting_hofstadter, org.opencontainers.image.ref.name=ubuntu, org.opencontainers.image.version=24.04)
2026-01-01T00:41:54.129327971Z network disconnect 05df5f4f6763471d87767c42c992b37639ee2b26ed5c62a915473238af69a44a (container=25ec71eb124b86be0407c1378d724f18df00f0653816760869a65939f53c94b6, name=bridge, type=bridge)
2026-01-01T00:41:54.137860941Z container die 25ec71eb124b86be0407c1378d724f18df00f0653816760869a65939f53c94b6 (execDuration=6, exitCode=1, image=588eccf33c02, name=trusting_hofstadter, org.opencontainers.image.ref.name=ubuntu, org.opencontainers.image.version=24.04)
2026-01-01T00:41:55.146821042Z network connect 05df5f4f6763471d87767c42c992b37639ee2b26ed5c62a915473238af69a44a (container=25ec71eb124b86be0407c1378d724f18df00f0653816760869a65939f53c94b6, name=bridge, type=bridge)
2026-01-01T00:41:55.403473739Z container start 25ec71eb124b86be0407c1378d724f18df00f0653816760869a65939f53c94b6 (image=588eccf33c02, name=trusting_hofstadter, org.opencontainers.image.ref.name=ubuntu, org.opencontainers.image.version=24.04)
2026-01-01T00:42:02.059592278Z network disconnect 05df5f4f6763471d87767c42c992b37639ee2b26ed5c62a915473238af69a44a (container=25ec71eb124b86be0407c1378d724f18df00f0653816760869a65939f53c94b6, name=bridge, type=bridge)
2026-01-01T00:42:02.069806087Z container die 25ec71eb124b86be0407c1378d724f18df00f0653816760869a65939f53c94b6 (execDuration=6, exitCode=1, image=588eccf33c02, name=trusting_hofstadter, org.opencontainers.image.ref.name=ubuntu, org.opencontainers.image.version=24.04)
2026-01-01T00:42:03.577162925Z network connect 05df5f4f6763471d87767c42c992b37639ee2b26ed5c62a915473238af69a44a (container=25ec71eb124b86be0407c1378d724f18df00f0653816760869a65939f53c94b6, name=bridge, type=bridge)
2026-01-01T00:42:03.910009213Z container start 25ec71eb124b86be0407c1378d724f18df00f0653816760869a65939f53c94b6 (image=588eccf33c02, name=trusting_hofstadter, org.opencontainers.image.ref.name=ubuntu, org.opencontainers.image.version=24.04)
2026-01-01T00:42:10.290920519Z network disconnect 05df5f4f6763471d87767c42c992b37639ee2b26ed5c62a915473238af69a44a (container=25ec71eb124b86be0407c1378d724f18df00f0653816760869a65939f53c94b6, name=bridge, type=bridge)
2026-01-01T00:42:10.367290396Z container die 25ec71eb124b86be0407c1378d724f18df00f0653816760869a65939f53c94b6 (execDuration=6, exitCode=1, image=588eccf33c02, name=trusting_hofstadter, org.opencontainers.image.ref.name=ubuntu, org.opencontainers.image.version=24.04)
2026-01-01T00:42:11.359717665Z network connect 05df5f4f6763471d87767c42c992b37639ee2b26ed5c62a915473238af69a44a (container=25ec71eb124b86be0407c1378d724f18df00f0653816760869a65939f53c94b6, name=bridge, type=bridge)
2026-01-01T00:42:11.674737332Z container start 25ec71eb124b86be0407c1378d724f18df00f0653816760869a65939f53c94b6 (image=588eccf33c02, name=trusting_hofstadter, org.opencontainers.image.ref.name=ubuntu, org.opencontainers.image.version=24.04)
2026-01-01T00:42:17.759873171Z network disconnect 05df5f4f6763471d87767c42c992b37639ee2b26ed5c62a915473238af69a44a (container=25ec71eb124b86be0407c1378d724f18df00f0653816760869a65939f53c94b6, name=bridge, type=bridge)
2026-01-01T00:42:17.768548927Z container die 25ec71eb124b86be0407c1378d724f18df00f0653816760869a65939f53c94b6 (execDuration=5, exitCode=1, image=588eccf33c02, name=trusting_hofstadter, org.opencontainers.image.ref.name=ubuntu, org.opencontainers.image.version=24.04)
2026-01-01T00:42:18.919557278Z network connect 05df5f4f6763471d87767c42c992b37639ee2b26ed5c62a915473238af69a44a (container=25ec71eb124b86be0407c1378d724f18df00f0653816760869a65939f53c94b6, name=bridge, type=bridge)
2026-01-01T00:42:19.231612174Z container start 25ec71eb124b86be0407c1378d724f18df00f0653816760869a65939f53c94b6 (image=588eccf33c02, name=trusting_hofstadter, org.opencontainers.image.ref.name=ubuntu, org.opencontainers.image.version=24.04)
2026-01-01T00:42:25.778811707Z network disconnect 05df5f4f6763471d87767c42c992b37639ee2b26ed5c62a915473238af69a44a (container=25ec71eb124b86be0407c1378d724f18df00f0653816760869a65939f53c94b6, name=bridge, type=bridge)
2026-01-01T00:42:25.788177823Z container die 25ec71eb124b86be0407c1378d724f18df00f0653816760869a65939f53c94b6 (execDuration=6, exitCode=1, image=588eccf33c02, name=trusting_hofstadter, org.opencontainers.image.ref.name=ubuntu, org.opencontainers.image.version=24.04)
2026-01-01T00:42:26.887280674Z network connect 05df5f4f6763471d87767c42c992b37639ee2b26ed5c62a915473238af69a44a (container=25ec71eb124b86be0407c1378d724f18df00f0653816760869a65939f53c94b6, name=bridge, type=bridge)
2026-01-01T00:42:27.202283225Z container start 25ec71eb124b86be0407c1378d724f18df00f0653816760869a65939f53c94b6 (image=588eccf33c02, name=trusting_hofstadter, org.opencontainers.image.ref.name=ubuntu, org.opencontainers.image.version=24.04)
2026-01-01T00:42:33.239210269Z network disconnect 05df5f4f6763471d87767c42c992b37639ee2b26ed5c62a915473238af69a44a (container=25ec71eb124b86be0407c1378d724f18df00f0653816760869a65939f53c94b6, name=bridge, type=bridge)
2026-01-01T00:42:33.287249520Z container die 25ec71eb124b86be0407c1378d724f18df00f0653816760869a65939f53c94b6 (execDuration=5, exitCode=1, image=588eccf33c02, name=trusting_hofstadter, org.opencontainers.image.ref.name=ubuntu, org.opencontainers.image.version=24.04)
2026-01-01T00:42:34.459178354Z network connect 05df5f4f6763471d87767c42c992b37639ee2b26ed5c62a915473238af69a44a (container=25ec71eb124b86be0407c1378d724f18df00f0653816760869a65939f53c94b6, name=bridge, type=bridge)
2026-01-01T00:42:34.790036605Z container start 25ec71eb124b86be0407c1378d724f18df00f0653816760869a65939f53c94b6 (image=588eccf33c02, name=trusting_hofstadter, org.opencontainers.image.ref.name=ubuntu, org.opencontainers.image.version=24.04)
2026-01-01T00:42:41.168720046Z network disconnect 05df5f4f6763471d87767c42c992b37639ee2b26ed5c62a915473238af69a44a (container=25ec71eb124b86be0407c1378d724f18df00f0653816760869a65939f53c94b6, name=bridge, type=bridge)
2026-01-01T00:42:41.179008683Z container die 25ec71eb124b86be0407c1378d724f18df00f0653816760869a65939f53c94b6 (execDuration=6, exitCode=1, image=588eccf33c02, name=trusting_hofstadter, org.opencontainers.image.ref.name=ubuntu, org.opencontainers.image.version=24.04)
2026-01-01T00:42:42.393416610Z network connect 05df5f4f6763471d87767c42c992b37639ee2b26ed5c62a915473238af69a44a (container=25ec71eb124b86be0407c1378d724f18df00f0653816760869a65939f53c94b6, name=bridge, type=bridge)
2026-01-01T00:42:42.704222309Z container start 25ec71eb124b86be0407c1378d724f18df00f0653816760869a65939f53c94b6 (image=588eccf33c02, name=trusting_hofstadter, org.opencontainers.image.ref.name=ubuntu, org.opencontainers.image.version=24.04)
2026-01-01T00:42:49.029055507Z network disconnect 05df5f4f6763471d87767c42c992b37639ee2b26ed5c62a915473238af69a44a (container=25ec71eb124b86be0407c1378d724f18df00f0653816760869a65939f53c94b6, name=bridge, type=bridge)
2026-01-01T00:42:49.077442204Z container die 25ec71eb124b86be0407c1378d724f18df00f0653816760869a65939f53c94b6 (execDuration=6, exitCode=1, image=588eccf33c02, name=trusting_hofstadter, org.opencontainers.image.ref.name=ubuntu, org.opencontainers.image.version=24.04)
2026-01-01T00:42:50.180294623Z network connect 05df5f4f6763471d87767c42c992b37639ee2b26ed5c62a915473238af69a44a (container=25ec71eb124b86be0407c1378d724f18df00f0653816760869a65939f53c94b6, name=bridge, type=bridge)
2026-01-01T00:42:50.480419494Z container start 25ec71eb124b86be0407c1378d724f18df00f0653816760869a65939f53c94b6 (image=588eccf33c02, name=trusting_hofstadter, org.opencontainers.image.ref.name=ubuntu, org.opencontainers.image.version=24.04)
2026-01-01T00:42:56.979034097Z network disconnect 05df5f4f6763471d87767c42c992b37639ee2b26ed5c62a915473238af69a44a (container=25ec71eb124b86be0407c1378d724f18df00f0653816760869a65939f53c94b6, name=bridge, type=bridge)
2026-01-01T00:42:56.987017601Z container die 25ec71eb124b86be0407c1378d724f18df00f0653816760869a65939f53c94b6 (execDuration=6, exitCode=1, image=588eccf33c02, name=trusting_hofstadter, org.opencontainers.image.ref.name=ubuntu, org.opencontainers.image.version=24.04)
2026-01-01T00:42:58.173334328Z network connect 05df5f4f6763471d87767c42c992b37639ee2b26ed5c62a915473238af69a44a (container=25ec71eb124b86be0407c1378d724f18df00f0653816760869a65939f53c94b6, name=bridge, type=bridge)
2026-01-01T00:42:58.462141029Z container start 25ec71eb124b86be0407c1378d724f18df00f0653816760869a65939f53c94b6 (image=588eccf33c02, name=trusting_hofstadter, org.opencontainers.image.ref.name=ubuntu, org.opencontainers.image.version=24.04)
2026-01-01T00:43:04.838610287Z network disconnect 05df5f4f6763471d87767c42c992b37639ee2b26ed5c62a915473238af69a44a (container=25ec71eb124b86be0407c1378d724f18df00f0653816760869a65939f53c94b6, name=bridge, type=bridge)
2026-01-01T00:43:04.848151310Z container die 25ec71eb124b86be0407c1378d724f18df00f0653816760869a65939f53c94b6 (execDuration=6, exitCode=1, image=588eccf33c02, name=trusting_hofstadter, org.opencontainers.image.ref.name=ubuntu, org.opencontainers.image.version=24.04)
2026-01-01T00:43:05.909331887Z network connect 05df5f4f6763471d87767c42c992b37639ee2b26ed5c62a915473238af69a44a (container=25ec71eb124b86be0407c1378d724f18df00f0653816760869a65939f53c94b6, name=bridge, type=bridge)
2026-01-01T00:43:06.226985664Z container start 25ec71eb124b86be0407c1378d724f18df00f0653816760869a65939f53c94b6 (image=588eccf33c02, name=trusting_hofstadter, org.opencontainers.image.ref.name=ubuntu, org.opencontainers.image.version=24.04)
2026-01-01T00:43:11.929794132Z network disconnect 05df5f4f6763471d87767c42c992b37639ee2b26ed5c62a915473238af69a44a (container=25ec71eb124b86be0407c1378d724f18df00f0653816760869a65939f53c94b6, name=bridge, type=bridge)
2026-01-01T00:43:11.939958100Z container die 25ec71eb124b86be0407c1378d724f18df00f0653816760869a65939f53c94b6 (execDuration=5, exitCode=1, image=588eccf33c02, name=trusting_hofstadter, org.opencontainers.image.ref.name=ubuntu, org.opencontainers.image.version=24.04)
2026-01-01T00:43:13.099454957Z network connect 05df5f4f6763471d87767c42c992b37639ee2b26ed5c62a915473238af69a44a (container=25ec71eb124b86be0407c1378d724f18df00f0653816760869a65939f53c94b6, name=bridge, type=bridge)
2026-01-01T00:43:13.357913316Z container start 25ec71eb124b86be0407c1378d724f18df00f0653816760869a65939f53c94b6 (image=588eccf33c02, name=trusting_hofstadter, org.opencontainers.image.ref.name=ubuntu, org.opencontainers.image.version=24.04)
2026-01-01T00:43:19.269495536Z network disconnect 05df5f4f6763471d87767c42c992b37639ee2b26ed5c62a915473238af69a44a (container=25ec71eb124b86be0407c1378d724f18df00f0653816760869a65939f53c94b6, name=bridge, type=bridge)
2026-01-01T00:43:19.317120736Z container die 25ec71eb124b86be0407c1378d724f18df00f0653816760869a65939f53c94b6 (execDuration=5, exitCode=1, image=588eccf33c02, name=trusting_hofstadter, org.opencontainers.image.ref.name=ubuntu, org.opencontainers.image.version=24.04)
2026-01-01T00:43:20.355360844Z network connect 05df5f4f6763471d87767c42c992b37639ee2b26ed5c62a915473238af69a44a (container=25ec71eb124b86be0407c1378d724f18df00f0653816760869a65939f53c94b6, name=bridge, type=bridge)
2026-01-01T00:43:20.719995754Z container start 25ec71eb124b86be0407c1378d724f18df00f0653816760869a65939f53c94b6 (image=588eccf33c02, name=trusting_hofstadter, org.opencontainers.image.ref.name=ubuntu, org.opencontainers.image.version=24.04)
2026-01-01T00:43:27.169764650Z network disconnect 05df5f4f6763471d87767c42c992b37639ee2b26ed5c62a915473238af69a44a (container=25ec71eb124b86be0407c1378d724f18df00f0653816760869a65939f53c94b6, name=bridge, type=bridge)
2026-01-01T00:43:27.178746714Z container die 25ec71eb124b86be0407c1378d724f18df00f0653816760869a65939f53c94b6 (execDuration=6, exitCode=1, image=588eccf33c02, name=trusting_hofstadter, org.opencontainers.image.ref.name=ubuntu, org.opencontainers.image.version=24.04)
2026-01-01T00:43:28.109425739Z network connect 05df5f4f6763471d87767c42c992b37639ee2b26ed5c62a915473238af69a44a (container=25ec71eb124b86be0407c1378d724f18df00f0653816760869a65939f53c94b6, name=bridge, type=bridge)
2026-01-01T00:43:28.457454567Z container start 25ec71eb124b86be0407c1378d724f18df00f0653816760869a65939f53c94b6 (image=588eccf33c02, name=trusting_hofstadter, org.opencontainers.image.ref.name=ubuntu, org.opencontainers.image.version=24.04)
2026-01-01T00:43:34.999236308Z network disconnect 05df5f4f6763471d87767c42c992b37639ee2b26ed5c62a915473238af69a44a (container=25ec71eb124b86be0407c1378d724f18df00f0653816760869a65939f53c94b6, name=bridge, type=bridge)
2026-01-01T00:43:35.011443761Z container die 25ec71eb124b86be0407c1378d724f18df00f0653816760869a65939f53c94b6 (execDuration=6, exitCode=1, image=588eccf33c02, name=trusting_hofstadter, org.opencontainers.image.ref.name=ubuntu, org.opencontainers.image.version=24.04)
2026-01-01T00:43:36.132966175Z network connect 05df5f4f6763471d87767c42c992b37639ee2b26ed5c62a915473238af69a44a (container=25ec71eb124b86be0407c1378d724f18df00f0653816760869a65939f53c94b6, name=bridge, type=bridge)
2026-01-01T00:43:36.465545945Z container start 25ec71eb124b86be0407c1378d724f18df00f0653816760869a65939f53c94b6 (image=588eccf33c02, name=trusting_hofstadter, org.opencontainers.image.ref.name=ubuntu, org.opencontainers.image.version=24.04)
2026-01-01T00:43:42.749013118Z network disconnect 05df5f4f6763471d87767c42c992b37639ee2b26ed5c62a915473238af69a44a (container=25ec71eb124b86be0407c1378d724f18df00f0653816760869a65939f53c94b6, name=bridge, type=bridge)
2026-01-01T00:43:42.757820587Z container die 25ec71eb124b86be0407c1378d724f18df00f0653816760869a65939f53c94b6 (execDuration=6, exitCode=1, image=588eccf33c02, name=trusting_hofstadter, org.opencontainers.image.ref.name=ubuntu, org.opencontainers.image.version=24.04)
2026-01-01T00:43:43.863330949Z network connect 05df5f4f6763471d87767c42c992b37639ee2b26ed5c62a915473238af69a44a (container=25ec71eb124b86be0407c1378d724f18df00f0653816760869a65939f53c94b6, name=bridge, type=bridge)
2026-01-01T00:43:44.140138131Z container start 25ec71eb124b86be0407c1378d724f18df00f0653816760869a65939f53c94b6 (image=588eccf33c02, name=trusting_hofstadter, org.opencontainers.image.ref.name=ubuntu, org.opencontainers.image.version=24.04)
2026-01-01T00:43:50.128843057Z network disconnect 05df5f4f6763471d87767c42c992b37639ee2b26ed5c62a915473238af69a44a (container=25ec71eb124b86be0407c1378d724f18df00f0653816760869a65939f53c94b6, name=bridge, type=bridge)
2026-01-01T00:43:50.136543216Z container die 25ec71eb124b86be0407c1378d724f18df00f0653816760869a65939f53c94b6 (execDuration=5, exitCode=1, image=588eccf33c02, name=trusting_hofstadter, org.opencontainers.image.ref.name=ubuntu, org.opencontainers.image.version=24.04)
2026-01-01T00:43:51.109366058Z network connect 05df5f4f6763471d87767c42c992b37639ee2b26ed5c62a915473238af69a44a (container=25ec71eb124b86be0407c1378d724f18df00f0653816760869a65939f53c94b6, name=bridge, type=bridge)
2026-01-01T00:43:51.380611553Z container start 25ec71eb124b86be0407c1378d724f18df00f0653816760869a65939f53c94b6 (image=588eccf33c02, name=trusting_hofstadter, org.opencontainers.image.ref.name=ubuntu, org.opencontainers.image.version=24.04)
2026-01-01T00:43:57.338839776Z network disconnect 05df5f4f6763471d87767c42c992b37639ee2b26ed5c62a915473238af69a44a (container=25ec71eb124b86be0407c1378d724f18df00f0653816760869a65939f53c94b6, name=bridge, type=bridge)
2026-01-01T00:43:57.347194976Z container die 25ec71eb124b86be0407c1378d724f18df00f0653816760869a65939f53c94b6 (execDuration=5, exitCode=1, image=588eccf33c02, name=trusting_hofstadter, org.opencontainers.image.ref.name=ubuntu, org.opencontainers.image.version=24.04)
2026-01-01T00:43:58.356064482Z network connect 05df5f4f6763471d87767c42c992b37639ee2b26ed5c62a915473238af69a44a (container=25ec71eb124b86be0407c1378d724f18df00f0653816760869a65939f53c94b6, name=bridge, type=bridge)
2026-01-01T00:43:58.625118941Z container start 25ec71eb124b86be0407c1378d724f18df00f0653816760869a65939f53c94b6 (image=588eccf33c02, name=trusting_hofstadter, org.opencontainers.image.ref.name=ubuntu, org.opencontainers.image.version=24.04)
2026-01-01T00:44:04.858932548Z network disconnect 05df5f4f6763471d87767c42c992b37639ee2b26ed5c62a915473238af69a44a (container=25ec71eb124b86be0407c1378d724f18df00f0653816760869a65939f53c94b6, name=bridge, type=bridge)
2026-01-01T00:44:04.907930883Z container die 25ec71eb124b86be0407c1378d724f18df00f0653816760869a65939f53c94b6 (execDuration=6, exitCode=1, image=588eccf33c02, name=trusting_hofstadter, org.opencontainers.image.ref.name=ubuntu, org.opencontainers.image.version=24.04)
2026-01-01T00:44:06.092527275Z network connect 05df5f4f6763471d87767c42c992b37639ee2b26ed5c62a915473238af69a44a (container=25ec71eb124b86be0407c1378d724f18df00f0653816760869a65939f53c94b6, name=bridge, type=bridge)
2026-01-01T00:44:06.392423646Z container start 25ec71eb124b86be0407c1378d724f18df00f0653816760869a65939f53c94b6 (image=588eccf33c02, name=trusting_hofstadter, org.opencontainers.image.ref.name=ubuntu, org.opencontainers.image.version=24.04)
2026-01-01T00:44:12.209550038Z network disconnect 05df5f4f6763471d87767c42c992b37639ee2b26ed5c62a915473238af69a44a (container=25ec71eb124b86be0407c1378d724f18df00f0653816760869a65939f53c94b6, name=bridge, type=bridge)
2026-01-01T00:44:12.267334734Z container die 25ec71eb124b86be0407c1378d724f18df00f0653816760869a65939f53c94b6 (execDuration=5, exitCode=1, image=588eccf33c02, name=trusting_hofstadter, org.opencontainers.image.ref.name=ubuntu, org.opencontainers.image.version=24.04)
2026-01-01T00:44:13.380943516Z network connect 05df5f4f6763471d87767c42c992b37639ee2b26ed5c62a915473238af69a44a (container=25ec71eb124b86be0407c1378d724f18df00f0653816760869a65939f53c94b6, name=bridge, type=bridge)
2026-01-01T00:44:13.683570326Z container start 25ec71eb124b86be0407c1378d724f18df00f0653816760869a65939f53c94b6 (image=588eccf33c02, name=trusting_hofstadter, org.opencontainers.image.ref.name=ubuntu, org.opencontainers.image.version=24.04)
2026-01-01T00:44:20.048624954Z network disconnect 05df5f4f6763471d87767c42c992b37639ee2b26ed5c62a915473238af69a44a (container=25ec71eb124b86be0407c1378d724f18df00f0653816760869a65939f53c94b6, name=bridge, type=bridge)
2026-01-01T00:44:20.056551996Z container die 25ec71eb124b86be0407c1378d724f18df00f0653816760869a65939f53c94b6 (execDuration=6, exitCode=1, image=588eccf33c02, name=trusting_hofstadter, org.opencontainers.image.ref.name=ubuntu, org.opencontainers.image.version=24.04)
2026-01-01T00:44:21.130696837Z network connect 05df5f4f6763471d87767c42c992b37639ee2b26ed5c62a915473238af69a44a (container=25ec71eb124b86be0407c1378d724f18df00f0653816760869a65939f53c94b6, name=bridge, type=bridge)
2026-01-01T00:44:21.430988401Z container start 25ec71eb124b86be0407c1378d724f18df00f0653816760869a65939f53c94b6 (image=588eccf33c02, name=trusting_hofstadter, org.opencontainers.image.ref.name=ubuntu, org.opencontainers.image.version=24.04)
2026-01-01T00:44:27.838924278Z network disconnect 05df5f4f6763471d87767c42c992b37639ee2b26ed5c62a915473238af69a44a (container=25ec71eb124b86be0407c1378d724f18df00f0653816760869a65939f53c94b6, name=bridge, type=bridge)
2026-01-01T00:44:27.847104252Z container die 25ec71eb124b86be0407c1378d724f18df00f0653816760869a65939f53c94b6 (execDuration=6, exitCode=1, image=588eccf33c02, name=trusting_hofstadter, org.opencontainers.image.ref.name=ubuntu, org.opencontainers.image.version=24.04)
2026-01-01T00:44:28.876235938Z network connect 05df5f4f6763471d87767c42c992b37639ee2b26ed5c62a915473238af69a44a (container=25ec71eb124b86be0407c1378d724f18df00f0653816760869a65939f53c94b6, name=bridge, type=bridge)
2026-01-01T00:44:29.160573476Z container start 25ec71eb124b86be0407c1378d724f18df00f0653816760869a65939f53c94b6 (image=588eccf33c02, name=trusting_hofstadter, org.opencontainers.image.ref.name=ubuntu, org.opencontainers.image.version=24.04)
2026-01-01T00:44:35.698888882Z network disconnect 05df5f4f6763471d87767c42c992b37639ee2b26ed5c62a915473238af69a44a (container=25ec71eb124b86be0407c1378d724f18df00f0653816760869a65939f53c94b6, name=bridge, type=bridge)
2026-01-01T00:44:35.747675415Z container die 25ec71eb124b86be0407c1378d724f18df00f0653816760869a65939f53c94b6 (execDuration=6, exitCode=1, image=588eccf33c02, name=trusting_hofstadter, org.opencontainers.image.ref.name=ubuntu, org.opencontainers.image.version=24.04)
2026-01-01T00:44:36.906818663Z network connect 05df5f4f6763471d87767c42c992b37639ee2b26ed5c62a915473238af69a44a (container=25ec71eb124b86be0407c1378d724f18df00f0653816760869a65939f53c94b6, name=bridge, type=bridge)
2026-01-01T00:44:37.202622578Z container start 25ec71eb124b86be0407c1378d724f18df00f0653816760869a65939f53c94b6 (image=588eccf33c02, name=trusting_hofstadter, org.opencontainers.image.ref.name=ubuntu, org.opencontainers.image.version=24.04)
2026-01-01T00:44:43.500443175Z network disconnect 05df5f4f6763471d87767c42c992b37639ee2b26ed5c62a915473238af69a44a (container=25ec71eb124b86be0407c1378d724f18df00f0653816760869a65939f53c94b6, name=bridge, type=bridge)
2026-01-01T00:44:43.509615443Z container die 25ec71eb124b86be0407c1378d724f18df00f0653816760869a65939f53c94b6 (execDuration=6, exitCode=1, image=588eccf33c02, name=trusting_hofstadter, org.opencontainers.image.ref.name=ubuntu, org.opencontainers.image.version=24.04)
2026-01-01T00:44:44.598019735Z network connect 05df5f4f6763471d87767c42c992b37639ee2b26ed5c62a915473238af69a44a (container=25ec71eb124b86be0407c1378d724f18df00f0653816760869a65939f53c94b6, name=bridge, type=bridge)
2026-01-01T00:44:44.856817656Z container start 25ec71eb124b86be0407c1378d724f18df00f0653816760869a65939f53c94b6 (image=588eccf33c02, name=trusting_hofstadter, org.opencontainers.image.ref.name=ubuntu, org.opencontainers.image.version=24.04)
2026-01-01T00:44:51.329583116Z network disconnect 05df5f4f6763471d87767c42c992b37639ee2b26ed5c62a915473238af69a44a (container=25ec71eb124b86be0407c1378d724f18df00f0653816760869a65939f53c94b6, name=bridge, type=bridge)
2026-01-01T00:44:51.338407138Z container die 25ec71eb124b86be0407c1378d724f18df00f0653816760869a65939f53c94b6 (execDuration=6, exitCode=1, image=588eccf33c02, name=trusting_hofstadter, org.opencontainers.image.ref.name=ubuntu, org.opencontainers.image.version=24.04)
2026-01-01T00:44:52.367483489Z network connect 05df5f4f6763471d87767c42c992b37639ee2b26ed5c62a915473238af69a44a (container=25ec71eb124b86be0407c1378d724f18df00f0653816760869a65939f53c94b6, name=bridge, type=bridge)
2026-01-01T00:44:52.640317884Z container start 25ec71eb124b86be0407c1378d724f18df00f0653816760869a65939f53c94b6 (image=588eccf33c02, name=trusting_hofstadter, org.opencontainers.image.ref.name=ubuntu, org.opencontainers.image.version=24.04)
2026-01-01T00:44:58.268865382Z network disconnect 05df5f4f6763471d87767c42c992b37639ee2b26ed5c62a915473238af69a44a (container=25ec71eb124b86be0407c1378d724f18df00f0653816760869a65939f53c94b6, name=bridge, type=bridge)
2026-01-01T00:44:58.278880760Z container die 25ec71eb124b86be0407c1378d724f18df00f0653816760869a65939f53c94b6 (execDuration=5, exitCode=1, image=588eccf33c02, name=trusting_hofstadter, org.opencontainers.image.ref.name=ubuntu, org.opencontainers.image.version=24.04)
2026-01-01T00:44:59.336133476Z network connect 05df5f4f6763471d87767c42c992b37639ee2b26ed5c62a915473238af69a44a (container=25ec71eb124b86be0407c1378d724f18df00f0653816760869a65939f53c94b6, name=bridge, type=bridge)
2026-01-01T00:44:59.619555210Z container start 25ec71eb124b86be0407c1378d724f18df00f0653816760869a65939f53c94b6 (image=588eccf33c02, name=trusting_hofstadter, org.opencontainers.image.ref.name=ubuntu, org.opencontainers.image.version=24.04)
2026-01-01T00:45:06.049150594Z network disconnect 05df5f4f6763471d87767c42c992b37639ee2b26ed5c62a915473238af69a44a (container=25ec71eb124b86be0407c1378d724f18df00f0653816760869a65939f53c94b6, name=bridge, type=bridge)
2026-01-01T00:45:06.058208995Z container die 25ec71eb124b86be0407c1378d724f18df00f0653816760869a65939f53c94b6 (execDuration=6, exitCode=1, image=588eccf33c02, name=trusting_hofstadter, org.opencontainers.image.ref.name=ubuntu, org.opencontainers.image.version=24.04)
2026-01-01T00:45:07.097172670Z network connect 05df5f4f6763471d87767c42c992b37639ee2b26ed5c62a915473238af69a44a (container=25ec71eb124b86be0407c1378d724f18df00f0653816760869a65939f53c94b6, name=bridge, type=bridge)
2026-01-01T00:45:07.374138309Z container start 25ec71eb124b86be0407c1378d724f18df00f0653816760869a65939f53c94b6 (image=588eccf33c02, name=trusting_hofstadter, org.opencontainers.image.ref.name=ubuntu, org.opencontainers.image.version=24.04)
2026-01-01T00:45:13.699197168Z network disconnect 05df5f4f6763471d87767c42c992b37639ee2b26ed5c62a915473238af69a44a (container=25ec71eb124b86be0407c1378d724f18df00f0653816760869a65939f53c94b6, name=bridge, type=bridge)
2026-01-01T00:45:13.708791353Z container die 25ec71eb124b86be0407c1378d724f18df00f0653816760869a65939f53c94b6 (execDuration=6, exitCode=1, image=588eccf33c02, name=trusting_hofstadter, org.opencontainers.image.ref.name=ubuntu, org.opencontainers.image.version=24.04)
2026-01-01T00:45:14.863704957Z network connect 05df5f4f6763471d87767c42c992b37639ee2b26ed5c62a915473238af69a44a (container=25ec71eb124b86be0407c1378d724f18df00f0653816760869a65939f53c94b6, name=bridge, type=bridge)
2026-01-01T00:45:15.164694590Z container start 25ec71eb124b86be0407c1378d724f18df00f0653816760869a65939f53c94b6 (image=588eccf33c02, name=trusting_hofstadter, org.opencontainers.image.ref.name=ubuntu, org.opencontainers.image.version=24.04)
2026-01-01T00:45:21.519911681Z network disconnect 05df5f4f6763471d87767c42c992b37639ee2b26ed5c62a915473238af69a44a (container=25ec71eb124b86be0407c1378d724f18df00f0653816760869a65939f53c94b6, name=bridge, type=bridge)
2026-01-01T00:45:21.557366993Z container die 25ec71eb124b86be0407c1378d724f18df00f0653816760869a65939f53c94b6 (execDuration=6, exitCode=1, image=588eccf33c02, name=trusting_hofstadter, org.opencontainers.image.ref.name=ubuntu, org.opencontainers.image.version=24.04)
2026-01-01T00:45:22.606755677Z network connect 05df5f4f6763471d87767c42c992b37639ee2b26ed5c62a915473238af69a44a (container=25ec71eb124b86be0407c1378d724f18df00f0653816760869a65939f53c94b6, name=bridge, type=bridge)
2026-01-01T00:45:22.907932760Z container start 25ec71eb124b86be0407c1378d724f18df00f0653816760869a65939f53c94b6 (image=588eccf33c02, name=trusting_hofstadter, org.opencontainers.image.ref.name=ubuntu, org.opencontainers.image.version=24.04)
2026-01-01T00:45:29.288733633Z network disconnect 05df5f4f6763471d87767c42c992b37639ee2b26ed5c62a915473238af69a44a (container=25ec71eb124b86be0407c1378d724f18df00f0653816760869a65939f53c94b6, name=bridge, type=bridge)
2026-01-01T00:45:29.296353782Z container die 25ec71eb124b86be0407c1378d724f18df00f0653816760869a65939f53c94b6 (execDuration=6, exitCode=1, image=588eccf33c02, name=trusting_hofstadter, org.opencontainers.image.ref.name=ubuntu, org.opencontainers.image.version=24.04)
2026-01-01T00:45:30.409856802Z network connect 05df5f4f6763471d87767c42c992b37639ee2b26ed5c62a915473238af69a44a (container=25ec71eb124b86be0407c1378d724f18df00f0653816760869a65939f53c94b6, name=bridge, type=bridge)
2026-01-01T00:45:30.718374831Z container start 25ec71eb124b86be0407c1378d724f18df00f0653816760869a65939f53c94b6 (image=588eccf33c02, name=trusting_hofstadter, org.opencontainers.image.ref.name=ubuntu, org.opencontainers.image.version=24.04)
2026-01-01T00:45:36.098907734Z network disconnect 05df5f4f6763471d87767c42c992b37639ee2b26ed5c62a915473238af69a44a (container=25ec71eb124b86be0407c1378d724f18df00f0653816760869a65939f53c94b6, name=bridge, type=bridge)
2026-01-01T00:45:36.157172429Z container die 25ec71eb124b86be0407c1378d724f18df00f0653816760869a65939f53c94b6 (execDuration=5, exitCode=1, image=588eccf33c02, name=trusting_hofstadter, org.opencontainers.image.ref.name=ubuntu, org.opencontainers.image.version=24.04)
2026-01-01T00:45:37.115106765Z network connect 05df5f4f6763471d87767c42c992b37639ee2b26ed5c62a915473238af69a44a (container=25ec71eb124b86be0407c1378d724f18df00f0653816760869a65939f53c94b6, name=bridge, type=bridge)
2026-01-01T00:45:37.464755199Z container start 25ec71eb124b86be0407c1378d724f18df00f0653816760869a65939f53c94b6 (image=588eccf33c02, name=trusting_hofstadter, org.opencontainers.image.ref.name=ubuntu, org.opencontainers.image.version=24.04)
2026-01-01T00:45:44.339051278Z network disconnect 05df5f4f6763471d87767c42c992b37639ee2b26ed5c62a915473238af69a44a (container=25ec71eb124b86be0407c1378d724f18df00f0653816760869a65939f53c94b6, name=bridge, type=bridge)
2026-01-01T00:45:44.348073057Z container die 25ec71eb124b86be0407c1378d724f18df00f0653816760869a65939f53c94b6 (execDuration=6, exitCode=1, image=588eccf33c02, name=trusting_hofstadter, org.opencontainers.image.ref.name=ubuntu, org.opencontainers.image.version=24.04)
2026-01-01T00:45:45.402743530Z network connect 05df5f4f6763471d87767c42c992b37639ee2b26ed5c62a915473238af69a44a (container=25ec71eb124b86be0407c1378d724f18df00f0653816760869a65939f53c94b6, name=bridge, type=bridge)
2026-01-01T00:45:45.680958244Z container start 25ec71eb124b86be0407c1378d724f18df00f0653816760869a65939f53c94b6 (image=588eccf33c02, name=trusting_hofstadter, org.opencontainers.image.ref.name=ubuntu, org.opencontainers.image.version=24.04)
2026-01-01T00:45:52.708880839Z network disconnect 05df5f4f6763471d87767c42c992b37639ee2b26ed5c62a915473238af69a44a (container=25ec71eb124b86be0407c1378d724f18df00f0653816760869a65939f53c94b6, name=bridge, type=bridge)
2026-01-01T00:45:52.716322406Z container die 25ec71eb124b86be0407c1378d724f18df00f0653816760869a65939f53c94b6 (execDuration=6, exitCode=1, image=588eccf33c02, name=trusting_hofstadter, org.opencontainers.image.ref.name=ubuntu, org.opencontainers.image.version=24.04)
2026-01-01T00:45:53.899197098Z network connect 05df5f4f6763471d87767c42c992b37639ee2b26ed5c62a915473238af69a44a (container=25ec71eb124b86be0407c1378d724f18df00f0653816760869a65939f53c94b6, name=bridge, type=bridge)
2026-01-01T00:45:54.202808749Z container start 25ec71eb124b86be0407c1378d724f18df00f0653816760869a65939f53c94b6 (image=588eccf33c02, name=trusting_hofstadter, org.opencontainers.image.ref.name=ubuntu, org.opencontainers.image.version=24.04)
2026-01-01T00:46:00.739122102Z network disconnect 05df5f4f6763471d87767c42c992b37639ee2b26ed5c62a915473238af69a44a (container=25ec71eb124b86be0407c1378d724f18df00f0653816760869a65939f53c94b6, name=bridge, type=bridge)
2026-01-01T00:46:00.797081069Z container die 25ec71eb124b86be0407c1378d724f18df00f0653816760869a65939f53c94b6 (execDuration=6, exitCode=1, image=588eccf33c02, name=trusting_hofstadter, org.opencontainers.image.ref.name=ubuntu, org.opencontainers.image.version=24.04)
2026-01-01T00:46:01.949038831Z network connect 05df5f4f6763471d87767c42c992b37639ee2b26ed5c62a915473238af69a44a (container=25ec71eb124b86be0407c1378d724f18df00f0653816760869a65939f53c94b6, name=bridge, type=bridge)
2026-01-01T00:46:02.312883043Z container start 25ec71eb124b86be0407c1378d724f18df00f0653816760869a65939f53c94b6 (image=588eccf33c02, name=trusting_hofstadter, org.opencontainers.image.ref.name=ubuntu, org.opencontainers.image.version=24.04)
2026-01-01T00:46:08.758951107Z network disconnect 05df5f4f6763471d87767c42c992b37639ee2b26ed5c62a915473238af69a44a (container=25ec71eb124b86be0407c1378d724f18df00f0653816760869a65939f53c94b6, name=bridge, type=bridge)
2026-01-01T00:46:08.766710353Z container die 25ec71eb124b86be0407c1378d724f18df00f0653816760869a65939f53c94b6 (execDuration=6, exitCode=1, image=588eccf33c02, name=trusting_hofstadter, org.opencontainers.image.ref.name=ubuntu, org.opencontainers.image.version=24.04)
2026-01-01T00:46:09.940515415Z network connect 05df5f4f6763471d87767c42c992b37639ee2b26ed5c62a915473238af69a44a (container=25ec71eb124b86be0407c1378d724f18df00f0653816760869a65939f53c94b6, name=bridge, type=bridge)
2026-01-01T00:46:10.297436728Z container start 25ec71eb124b86be0407c1378d724f18df00f0653816760869a65939f53c94b6 (image=588eccf33c02, name=trusting_hofstadter, org.opencontainers.image.ref.name=ubuntu, org.opencontainers.image.version=24.04)
2026-01-01T00:46:16.169037920Z network disconnect 05df5f4f6763471d87767c42c992b37639ee2b26ed5c62a915473238af69a44a (container=25ec71eb124b86be0407c1378d724f18df00f0653816760869a65939f53c94b6, name=bridge, type=bridge)
2026-01-01T00:46:16.179684816Z container die 25ec71eb124b86be0407c1378d724f18df00f0653816760869a65939f53c94b6 (execDuration=5, exitCode=1, image=588eccf33c02, name=trusting_hofstadter, org.opencontainers.image.ref.name=ubuntu, org.opencontainers.image.version=24.04)
2026-01-01T00:46:17.379197585Z network connect 05df5f4f6763471d87767c42c992b37639ee2b26ed5c62a915473238af69a44a (container=25ec71eb124b86be0407c1378d724f18df00f0653816760869a65939f53c94b6, name=bridge, type=bridge)
2026-01-01T00:46:17.670825235Z container start 25ec71eb124b86be0407c1378d724f18df00f0653816760869a65939f53c94b6 (image=588eccf33c02, name=trusting_hofstadter, org.opencontainers.image.ref.name=ubuntu, org.opencontainers.image.version=24.04)
2026-01-01T00:46:24.208861460Z network disconnect 05df5f4f6763471d87767c42c992b37639ee2b26ed5c62a915473238af69a44a (container=25ec71eb124b86be0407c1378d724f18df00f0653816760869a65939f53c94b6, name=bridge, type=bridge)
2026-01-01T00:46:24.219101972Z container die 25ec71eb124b86be0407c1378d724f18df00f0653816760869a65939f53c94b6 (execDuration=6, exitCode=1, image=588eccf33c02, name=trusting_hofstadter, org.opencontainers.image.ref.name=ubuntu, org.opencontainers.image.version=24.04)
2026-01-01T00:46:25.426817928Z network connect 05df5f4f6763471d87767c42c992b37639ee2b26ed5c62a915473238af69a44a (container=25ec71eb124b86be0407c1378d724f18df00f0653816760869a65939f53c94b6, name=bridge, type=bridge)
2026-01-01T00:46:25.718265619Z container start 25ec71eb124b86be0407c1378d724f18df00f0653816760869a65939f53c94b6 (image=588eccf33c02, name=trusting_hofstadter, org.opencontainers.image.ref.name=ubuntu, org.opencontainers.image.version=24.04)
2026-01-01T00:46:31.718570288Z network disconnect 05df5f4f6763471d87767c42c992b37639ee2b26ed5c62a915473238af69a44a (container=25ec71eb124b86be0407c1378d724f18df00f0653816760869a65939f53c94b6, name=bridge, type=bridge)
2026-01-01T00:46:31.727307009Z container die 25ec71eb124b86be0407c1378d724f18df00f0653816760869a65939f53c94b6 (execDuration=5, exitCode=1, image=588eccf33c02, name=trusting_hofstadter, org.opencontainers.image.ref.name=ubuntu, org.opencontainers.image.version=24.04)
2026-01-01T00:46:32.863991352Z network connect 05df5f4f6763471d87767c42c992b37639ee2b26ed5c62a915473238af69a44a (container=25ec71eb124b86be0407c1378d724f18df00f0653816760869a65939f53c94b6, name=bridge, type=bridge)
2026-01-01T00:46:33.153277616Z container start 25ec71eb124b86be0407c1378d724f18df00f0653816760869a65939f53c94b6 (image=588eccf33c02, name=trusting_hofstadter, org.opencontainers.image.ref.name=ubuntu, org.opencontainers.image.version=24.04)
2026-01-01T00:46:39.659101423Z network disconnect 05df5f4f6763471d87767c42c992b37639ee2b26ed5c62a915473238af69a44a (container=25ec71eb124b86be0407c1378d724f18df00f0653816760869a65939f53c94b6, name=bridge, type=bridge)
2026-01-01T00:46:39.667590882Z container die 25ec71eb124b86be0407c1378d724f18df00f0653816760869a65939f53c94b6 (execDuration=6, exitCode=1, image=588eccf33c02, name=trusting_hofstadter, org.opencontainers.image.ref.name=ubuntu, org.opencontainers.image.version=24.04)
2026-01-01T00:46:40.626635300Z network connect 05df5f4f6763471d87767c42c992b37639ee2b26ed5c62a915473238af69a44a (container=25ec71eb124b86be0407c1378d724f18df00f0653816760869a65939f53c94b6, name=bridge, type=bridge)
2026-01-01T00:46:40.936162843Z container start 25ec71eb124b86be0407c1378d724f18df00f0653816760869a65939f53c94b6 (image=588eccf33c02, name=trusting_hofstadter, org.opencontainers.image.ref.name=ubuntu, org.opencontainers.image.version=24.04)
2026-01-01T00:46:47.435275618Z network disconnect 05df5f4f6763471d87767c42c992b37639ee2b26ed5c62a915473238af69a44a (container=25ec71eb124b86be0407c1378d724f18df00f0653816760869a65939f53c94b6, name=bridge, type=bridge)
2026-01-01T00:46:47.450048514Z container die 25ec71eb124b86be0407c1378d724f18df00f0653816760869a65939f53c94b6 (execDuration=6, exitCode=1, image=588eccf33c02, name=trusting_hofstadter, org.opencontainers.image.ref.name=ubuntu, org.opencontainers.image.version=24.04)
2026-01-01T00:46:48.619466574Z network connect 05df5f4f6763471d87767c42c992b37639ee2b26ed5c62a915473238af69a44a (container=25ec71eb124b86be0407c1378d724f18df00f0653816760869a65939f53c94b6, name=bridge, type=bridge)
2026-01-01T00:46:48.921029731Z container start 25ec71eb124b86be0407c1378d724f18df00f0653816760869a65939f53c94b6 (image=588eccf33c02, name=trusting_hofstadter, org.opencontainers.image.ref.name=ubuntu, org.opencontainers.image.version=24.04)
2026-01-01T00:46:54.969369530Z network disconnect 05df5f4f6763471d87767c42c992b37639ee2b26ed5c62a915473238af69a44a (container=25ec71eb124b86be0407c1378d724f18df00f0653816760869a65939f53c94b6, name=bridge, type=bridge)
2026-01-01T00:46:54.977541617Z container die 25ec71eb124b86be0407c1378d724f18df00f0653816760869a65939f53c94b6 (execDuration=5, exitCode=1, image=588eccf33c02, name=trusting_hofstadter, org.opencontainers.image.ref.name=ubuntu, org.opencontainers.image.version=24.04)
2026-01-01T00:46:56.116249877Z network connect 05df5f4f6763471d87767c42c992b37639ee2b26ed5c62a915473238af69a44a (container=25ec71eb124b86be0407c1378d724f18df00f0653816760869a65939f53c94b6, name=bridge, type=bridge)
2026-01-01T00:46:56.404045253Z container start 25ec71eb124b86be0407c1378d724f18df00f0653816760869a65939f53c94b6 (image=588eccf33c02, name=trusting_hofstadter, org.opencontainers.image.ref.name=ubuntu, org.opencontainers.image.version=24.04)
2026-01-01T00:47:02.739114530Z network disconnect 05df5f4f6763471d87767c42c992b37639ee2b26ed5c62a915473238af69a44a (container=25ec71eb124b86be0407c1378d724f18df00f0653816760869a65939f53c94b6, name=bridge, type=bridge)
2026-01-01T00:47:02.747345355Z container die 25ec71eb124b86be0407c1378d724f18df00f0653816760869a65939f53c94b6 (execDuration=6, exitCode=1, image=588eccf33c02, name=trusting_hofstadter, org.opencontainers.image.ref.name=ubuntu, org.opencontainers.image.version=24.04)
2026-01-01T00:47:03.863461663Z network connect 05df5f4f6763471d87767c42c992b37639ee2b26ed5c62a915473238af69a44a (container=25ec71eb124b86be0407c1378d724f18df00f0653816760869a65939f53c94b6, name=bridge, type=bridge)
2026-01-01T00:47:04.162270776Z container start 25ec71eb124b86be0407c1378d724f18df00f0653816760869a65939f53c94b6 (image=588eccf33c02, name=trusting_hofstadter, org.opencontainers.image.ref.name=ubuntu, org.opencontainers.image.version=24.04)
2026-01-01T00:47:10.549045338Z network disconnect 05df5f4f6763471d87767c42c992b37639ee2b26ed5c62a915473238af69a44a (container=25ec71eb124b86be0407c1378d724f18df00f0653816760869a65939f53c94b6, name=bridge, type=bridge)
2026-01-01T00:47:10.598772691Z container die 25ec71eb124b86be0407c1378d724f18df00f0653816760869a65939f53c94b6 (execDuration=6, exitCode=1, image=588eccf33c02, name=trusting_hofstadter, org.opencontainers.image.ref.name=ubuntu, org.opencontainers.image.version=24.04)
2026-01-01T00:47:11.603084584Z network connect 05df5f4f6763471d87767c42c992b37639ee2b26ed5c62a915473238af69a44a (container=25ec71eb124b86be0407c1378d724f18df00f0653816760869a65939f53c94b6, name=bridge, type=bridge)
2026-01-01T00:47:11.868498615Z container start 25ec71eb124b86be0407c1378d724f18df00f0653816760869a65939f53c94b6 (image=588eccf33c02, name=trusting_hofstadter, org.opencontainers.image.ref.name=ubuntu, org.opencontainers.image.version=24.04)
2026-01-01T00:47:18.739961037Z network disconnect 05df5f4f6763471d87767c42c992b37639ee2b26ed5c62a915473238af69a44a (container=25ec71eb124b86be0407c1378d724f18df00f0653816760869a65939f53c94b6, name=bridge, type=bridge)
2026-01-01T00:47:18.749351556Z container die 25ec71eb124b86be0407c1378d724f18df00f0653816760869a65939f53c94b6 (execDuration=6, exitCode=1, image=588eccf33c02, name=trusting_hofstadter, org.opencontainers.image.ref.name=ubuntu, org.opencontainers.image.version=24.04)
2026-01-01T00:47:19.867575925Z network connect 05df5f4f6763471d87767c42c992b37639ee2b26ed5c62a915473238af69a44a (container=25ec71eb124b86be0407c1378d724f18df00f0653816760869a65939f53c94b6, name=bridge, type=bridge)
2026-01-01T00:47:20.169786878Z container start 25ec71eb124b86be0407c1378d724f18df00f0653816760869a65939f53c94b6 (image=588eccf33c02, name=trusting_hofstadter, org.opencontainers.image.ref.name=ubuntu, org.opencontainers.image.version=24.04)
2026-01-01T00:47:26.528970266Z network disconnect 05df5f4f6763471d87767c42c992b37639ee2b26ed5c62a915473238af69a44a (container=25ec71eb124b86be0407c1378d724f18df00f0653816760869a65939f53c94b6, name=bridge, type=bridge)
2026-01-01T00:47:26.587845585Z container die 25ec71eb124b86be0407c1378d724f18df00f0653816760869a65939f53c94b6 (execDuration=6, exitCode=1, image=588eccf33c02, name=trusting_hofstadter, org.opencontainers.image.ref.name=ubuntu, org.opencontainers.image.version=24.04)
2026-01-01T00:47:27.606537657Z network connect 05df5f4f6763471d87767c42c992b37639ee2b26ed5c62a915473238af69a44a (container=25ec71eb124b86be0407c1378d724f18df00f0653816760869a65939f53c94b6, name=bridge, type=bridge)
2026-01-01T00:47:27.899823076Z container start 25ec71eb124b86be0407c1378d724f18df00f0653816760869a65939f53c94b6 (image=588eccf33c02, name=trusting_hofstadter, org.opencontainers.image.ref.name=ubuntu, org.opencontainers.image.version=24.04)
2026-01-01T00:47:34.168925888Z network disconnect 05df5f4f6763471d87767c42c992b37639ee2b26ed5c62a915473238af69a44a (container=25ec71eb124b86be0407c1378d724f18df00f0653816760869a65939f53c94b6, name=bridge, type=bridge)
2026-01-01T00:47:34.179241312Z container die 25ec71eb124b86be0407c1378d724f18df00f0653816760869a65939f53c94b6 (execDuration=6, exitCode=1, image=588eccf33c02, name=trusting_hofstadter, org.opencontainers.image.ref.name=ubuntu, org.opencontainers.image.version=24.04)
2026-01-01T00:47:35.089088954Z network connect 05df5f4f6763471d87767c42c992b37639ee2b26ed5c62a915473238af69a44a (container=25ec71eb124b86be0407c1378d724f18df00f0653816760869a65939f53c94b6, name=bridge, type=bridge)
2026-01-01T00:47:35.355201157Z container start 25ec71eb124b86be0407c1378d724f18df00f0653816760869a65939f53c94b6 (image=588eccf33c02, name=trusting_hofstadter, org.opencontainers.image.ref.name=ubuntu, org.opencontainers.image.version=24.04)
2026-01-01T00:47:41.708695227Z network disconnect 05df5f4f6763471d87767c42c992b37639ee2b26ed5c62a915473238af69a44a (container=25ec71eb124b86be0407c1378d724f18df00f0653816760869a65939f53c94b6, name=bridge, type=bridge)
2026-01-01T00:47:41.718498295Z container die 25ec71eb124b86be0407c1378d724f18df00f0653816760869a65939f53c94b6 (execDuration=6, exitCode=1, image=588eccf33c02, name=trusting_hofstadter, org.opencontainers.image.ref.name=ubuntu, org.opencontainers.image.version=24.04)
2026-01-01T00:47:42.853454363Z network connect 05df5f4f6763471d87767c42c992b37639ee2b26ed5c62a915473238af69a44a (container=25ec71eb124b86be0407c1378d724f18df00f0653816760869a65939f53c94b6, name=bridge, type=bridge)
2026-01-01T00:47:43.179739512Z container start 25ec71eb124b86be0407c1378d724f18df00f0653816760869a65939f53c94b6 (image=588eccf33c02, name=trusting_hofstadter, org.opencontainers.image.ref.name=ubuntu, org.opencontainers.image.version=24.04)
2026-01-01T00:47:49.631844615Z network disconnect 05df5f4f6763471d87767c42c992b37639ee2b26ed5c62a915473238af69a44a (container=25ec71eb124b86be0407c1378d724f18df00f0653816760869a65939f53c94b6, name=bridge, type=bridge)
2026-01-01T00:47:49.642865083Z container die 25ec71eb124b86be0407c1378d724f18df00f0653816760869a65939f53c94b6 (execDuration=6, exitCode=1, image=588eccf33c02, name=trusting_hofstadter, org.opencontainers.image.ref.name=ubuntu, org.opencontainers.image.version=24.04)
2026-01-01T00:47:50.612978699Z network connect 05df5f4f6763471d87767c42c992b37639ee2b26ed5c62a915473238af69a44a (container=25ec71eb124b86be0407c1378d724f18df00f0653816760869a65939f53c94b6, name=bridge, type=bridge)
2026-01-01T00:47:50.890388270Z container start 25ec71eb124b86be0407c1378d724f18df00f0653816760869a65939f53c94b6 (image=588eccf33c02, name=trusting_hofstadter, org.opencontainers.image.ref.name=ubuntu, org.opencontainers.image.version=24.04)
2026-01-01T00:47:57.339108232Z network disconnect 05df5f4f6763471d87767c42c992b37639ee2b26ed5c62a915473238af69a44a (container=25ec71eb124b86be0407c1378d724f18df00f0653816760869a65939f53c94b6, name=bridge, type=bridge)
2026-01-01T00:47:57.348406420Z container die 25ec71eb124b86be0407c1378d724f18df00f0653816760869a65939f53c94b6 (execDuration=6, exitCode=1, image=588eccf33c02, name=trusting_hofstadter, org.opencontainers.image.ref.name=ubuntu, org.opencontainers.image.version=24.04)
2026-01-01T00:47:58.342445487Z network connect 05df5f4f6763471d87767c42c992b37639ee2b26ed5c62a915473238af69a44a (container=25ec71eb124b86be0407c1378d724f18df00f0653816760869a65939f53c94b6, name=bridge, type=bridge)
2026-01-01T00:47:58.660394257Z container start 25ec71eb124b86be0407c1378d724f18df00f0653816760869a65939f53c94b6 (image=588eccf33c02, name=trusting_hofstadter, org.opencontainers.image.ref.name=ubuntu, org.opencontainers.image.version=24.04)
2026-01-01T00:48:05.919067626Z network disconnect 05df5f4f6763471d87767c42c992b37639ee2b26ed5c62a915473238af69a44a (container=25ec71eb124b86be0407c1378d724f18df00f0653816760869a65939f53c94b6, name=bridge, type=bridge)
2026-01-01T00:48:05.927801982Z container die 25ec71eb124b86be0407c1378d724f18df00f0653816760869a65939f53c94b6 (execDuration=7, exitCode=1, image=588eccf33c02, name=trusting_hofstadter, org.opencontainers.image.ref.name=ubuntu, org.opencontainers.image.version=24.04)
2026-01-01T00:48:06.843688532Z network connect 05df5f4f6763471d87767c42c992b37639ee2b26ed5c62a915473238af69a44a (container=25ec71eb124b86be0407c1378d724f18df00f0653816760869a65939f53c94b6, name=bridge, type=bridge)
2026-01-01T00:48:07.148674310Z container start 25ec71eb124b86be0407c1378d724f18df00f0653816760869a65939f53c94b6 (image=588eccf33c02, name=trusting_hofstadter, org.opencontainers.image.ref.name=ubuntu, org.opencontainers.image.version=24.04)
2026-01-01T00:48:13.318965310Z network disconnect 05df5f4f6763471d87767c42c992b37639ee2b26ed5c62a915473238af69a44a (container=25ec71eb124b86be0407c1378d724f18df00f0653816760869a65939f53c94b6, name=bridge, type=bridge)
2026-01-01T00:48:13.328328766Z container die 25ec71eb124b86be0407c1378d724f18df00f0653816760869a65939f53c94b6 (execDuration=5, exitCode=1, image=588eccf33c02, name=trusting_hofstadter, org.opencontainers.image.ref.name=ubuntu, org.opencontainers.image.version=24.04)
2026-01-01T00:48:14.350150681Z network connect 05df5f4f6763471d87767c42c992b37639ee2b26ed5c62a915473238af69a44a (container=25ec71eb124b86be0407c1378d724f18df00f0653816760869a65939f53c94b6, name=bridge, type=bridge)
2026-01-01T00:48:14.691633529Z container start 25ec71eb124b86be0407c1378d724f18df00f0653816760869a65939f53c94b6 (image=588eccf33c02, name=trusting_hofstadter, org.opencontainers.image.ref.name=ubuntu, org.opencontainers.image.version=24.04)
2026-01-01T00:48:21.019276715Z network disconnect 05df5f4f6763471d87767c42c992b37639ee2b26ed5c62a915473238af69a44a (container=25ec71eb124b86be0407c1378d724f18df00f0653816760869a65939f53c94b6, name=bridge, type=bridge)
2026-01-01T00:48:21.029437579Z container die 25ec71eb124b86be0407c1378d724f18df00f0653816760869a65939f53c94b6 (execDuration=6, exitCode=1, image=588eccf33c02, name=trusting_hofstadter, org.opencontainers.image.ref.name=ubuntu, org.opencontainers.image.version=24.04)
2026-01-01T00:48:22.081122784Z network connect 05df5f4f6763471d87767c42c992b37639ee2b26ed5c62a915473238af69a44a (container=25ec71eb124b86be0407c1378d724f18df00f0653816760869a65939f53c94b6, name=bridge, type=bridge)
2026-01-01T00:48:22.397739093Z container start 25ec71eb124b86be0407c1378d724f18df00f0653816760869a65939f53c94b6 (image=588eccf33c02, name=trusting_hofstadter, org.opencontainers.image.ref.name=ubuntu, org.opencontainers.image.version=24.04)
2026-01-01T00:48:28.638801731Z network disconnect 05df5f4f6763471d87767c42c992b37639ee2b26ed5c62a915473238af69a44a (container=25ec71eb124b86be0407c1378d724f18df00f0653816760869a65939f53c94b6, name=bridge, type=bridge)
2026-01-01T00:48:28.687196192Z container die 25ec71eb124b86be0407c1378d724f18df00f0653816760869a65939f53c94b6 (execDuration=6, exitCode=1, image=588eccf33c02, name=trusting_hofstadter, org.opencontainers.image.ref.name=ubuntu, org.opencontainers.image.version=24.04)
2026-01-01T00:48:29.851858765Z network connect 05df5f4f6763471d87767c42c992b37639ee2b26ed5c62a915473238af69a44a (container=25ec71eb124b86be0407c1378d724f18df00f0653816760869a65939f53c94b6, name=bridge, type=bridge)
2026-01-01T00:48:30.151421242Z container start 25ec71eb124b86be0407c1378d724f18df00f0653816760869a65939f53c94b6 (image=588eccf33c02, name=trusting_hofstadter, org.opencontainers.image.ref.name=ubuntu, org.opencontainers.image.version=24.04)
2026-01-01T00:48:36.548707300Z network disconnect 05df5f4f6763471d87767c42c992b37639ee2b26ed5c62a915473238af69a44a (container=25ec71eb124b86be0407c1378d724f18df00f0653816760869a65939f53c94b6, name=bridge, type=bridge)
2026-01-01T00:48:36.557887290Z container die 25ec71eb124b86be0407c1378d724f18df00f0653816760869a65939f53c94b6 (execDuration=6, exitCode=1, image=588eccf33c02, name=trusting_hofstadter, org.opencontainers.image.ref.name=ubuntu, org.opencontainers.image.version=24.04)
2026-01-01T00:48:37.648466941Z network connect 05df5f4f6763471d87767c42c992b37639ee2b26ed5c62a915473238af69a44a (container=25ec71eb124b86be0407c1378d724f18df00f0653816760869a65939f53c94b6, name=bridge, type=bridge)
2026-01-01T00:48:37.932058795Z container start 25ec71eb124b86be0407c1378d724f18df00f0653816760869a65939f53c94b6 (image=588eccf33c02, name=trusting_hofstadter, org.opencontainers.image.ref.name=ubuntu, org.opencontainers.image.version=24.04)
2026-01-01T00:48:41.492727543Z container prune  (reclaimed=0)
2026-01-01T00:48:48.540999138Z network disconnect 05df5f4f6763471d87767c42c992b37639ee2b26ed5c62a915473238af69a44a (container=25ec71eb124b86be0407c1378d724f18df00f0653816760869a65939f53c94b6, name=bridge, type=bridge)
2026-01-01T00:48:48.638999147Z container die 25ec71eb124b86be0407c1378d724f18df00f0653816760869a65939f53c94b6 (execDuration=10, exitCode=1, image=588eccf33c02, name=trusting_hofstadter, org.opencontainers.image.ref.name=ubuntu, org.opencontainers.image.version=24.04)
2026-01-01T00:48:50.666446267Z network connect 05df5f4f6763471d87767c42c992b37639ee2b26ed5c62a915473238af69a44a (container=25ec71eb124b86be0407c1378d724f18df00f0653816760869a65939f53c94b6, name=bridge, type=bridge)
2026-01-01T00:48:51.501733840Z container start 25ec71eb124b86be0407c1378d724f18df00f0653816760869a65939f53c94b6 (image=588eccf33c02, name=trusting_hofstadter, org.opencontainers.image.ref.name=ubuntu, org.opencontainers.image.version=24.04)
2026-01-01T00:48:57.055288339Z image pull maven:3.9.9-eclipse-temurin-21 (name=maven, org.opencontainers.image.description=Apache Maven is a software project management and comprehension tool. Based on the concept of a project object model (POM), Maven can manage a project's build, reporting and documentation from a central piece of information., org.opencontainers.image.ref.name=ubuntu, org.opencontainers.image.source=https://github.com/carlossg/docker-maven, org.opencontainers.image.title=Apache Maven, org.opencontainers.image.url=https://github.com/carlossg/docker-maven, org.opencontainers.image.version=24.04)
2026-01-01T00:48:57.496759528Z image pull eclipse-temurin:21-jre (name=eclipse-temurin, org.opencontainers.image.ref.name=ubuntu, org.opencontainers.image.version=24.04)
2026-01-01T00:48:58.761998134Z image tag sha256:588eccf33c02e418b798f7bb4237dd362b52fb5927e81dc42c056ffa4963a568 (name=aws_beanstalk/staging-app, org.opencontainers.image.ref.name=ubuntu, org.opencontainers.image.version=24.04)
2026-01-01T00:49:03.759498569Z network disconnect 05df5f4f6763471d87767c42c992b37639ee2b26ed5c62a915473238af69a44a (container=25ec71eb124b86be0407c1378d724f18df00f0653816760869a65939f53c94b6, name=bridge, type=bridge)
2026-01-01T00:49:03.783599037Z container die 25ec71eb124b86be0407c1378d724f18df00f0653816760869a65939f53c94b6 (execDuration=12, exitCode=1, image=588eccf33c02, name=trusting_hofstadter, org.opencontainers.image.ref.name=ubuntu, org.opencontainers.image.version=24.04)
2026-01-01T00:49:05.370539756Z network connect 05df5f4f6763471d87767c42c992b37639ee2b26ed5c62a915473238af69a44a (container=25ec71eb124b86be0407c1378d724f18df00f0653816760869a65939f53c94b6, name=bridge, type=bridge)
2026-01-01T00:49:06.081997429Z container start 25ec71eb124b86be0407c1378d724f18df00f0653816760869a65939f53c94b6 (image=588eccf33c02, name=trusting_hofstadter, org.opencontainers.image.ref.name=ubuntu, org.opencontainers.image.version=24.04)
2026-01-01T00:49:07.142952971Z container kill 25ec71eb124b86be0407c1378d724f18df00f0653816760869a65939f53c94b6 (image=588eccf33c02, name=trusting_hofstadter, org.opencontainers.image.ref.name=ubuntu, org.opencontainers.image.version=24.04, signal=15)
2026-01-01T00:49:07.399263915Z network disconnect 05df5f4f6763471d87767c42c992b37639ee2b26ed5c62a915473238af69a44a (container=25ec71eb124b86be0407c1378d724f18df00f0653816760869a65939f53c94b6, name=bridge, type=bridge)
2026-01-01T00:49:07.403539132Z container stop 25ec71eb124b86be0407c1378d724f18df00f0653816760869a65939f53c94b6 (image=588eccf33c02, name=trusting_hofstadter, org.opencontainers.image.ref.name=ubuntu, org.opencontainers.image.version=24.04)
2026-01-01T00:49:07.408212148Z container die 25ec71eb124b86be0407c1378d724f18df00f0653816760869a65939f53c94b6 (execDuration=1, exitCode=143, image=588eccf33c02, name=trusting_hofstadter, org.opencontainers.image.ref.name=ubuntu, org.opencontainers.image.version=24.04)
2026-01-01T00:49:07.566440061Z container destroy 25ec71eb124b86be0407c1378d724f18df00f0653816760869a65939f53c94b6 (image=588eccf33c02, name=trusting_hofstadter, org.opencontainers.image.ref.name=ubuntu, org.opencontainers.image.version=24.04)
2026-01-01T00:49:07.566479547Z container prune  (reclaimed=0)
2026-01-01T00:49:07.601359311Z image untag sha256:588eccf33c02e418b798f7bb4237dd362b52fb5927e81dc42c056ffa4963a568 (name=sha256:588eccf33c02e418b798f7bb4237dd362b52fb5927e81dc42c056ffa4963a568, org.opencontainers.image.ref.name=ubuntu, org.opencontainers.image.version=24.04)
2026-01-01T00:49:07.705050081Z container create e50f4e1838594146e485d4e4ceca7ca453de8bb4bc90543e75a8effbba645add (image=588eccf33c02, name=blissful_albattani, org.opencontainers.image.ref.name=ubuntu, org.opencontainers.image.version=24.04)
2026-01-01T00:49:07.742282530Z network connect 05df5f4f6763471d87767c42c992b37639ee2b26ed5c62a915473238af69a44a (container=e50f4e1838594146e485d4e4ceca7ca453de8bb4bc90543e75a8effbba645add, name=bridge, type=bridge)
2026-01-01T00:49:08.043465171Z container start e50f4e1838594146e485d4e4ceca7ca453de8bb4bc90543e75a8effbba645add (image=588eccf33c02, name=blissful_albattani, org.opencontainers.image.ref.name=ubuntu, org.opencontainers.image.version=24.04)
2026-01-01T00:49:13.930633328Z image tag sha256:588eccf33c02e418b798f7bb4237dd362b52fb5927e81dc42c056ffa4963a568 (name=aws_beanstalk/current-app:latest, org.opencontainers.image.ref.name=ubuntu, org.opencontainers.image.version=24.04)
2026-01-01T00:49:13.966354950Z image untag sha256:588eccf33c02e418b798f7bb4237dd362b52fb5927e81dc42c056ffa4963a568 (name=sha256:588eccf33c02e418b798f7bb4237dd362b52fb5927e81dc42c056ffa4963a568, org.opencontainers.image.ref.name=ubuntu, org.opencontainers.image.version=24.04)
2026-01-01T00:49:16.504979670Z image untag sha256:2e463b829a56f5f3a69c181b83f2cbb2a56b90df555c213716d5b3811f956be1 (name=sha256:2e463b829a56f5f3a69c181b83f2cbb2a56b90df555c213716d5b3811f956be1, org.opencontainers.image.ref.name=ubuntu, org.opencontainers.image.version=24.04)
2026-01-01T00:49:16.507562914Z image untag sha256:2e463b829a56f5f3a69c181b83f2cbb2a56b90df555c213716d5b3811f956be1 (name=sha256:2e463b829a56f5f3a69c181b83f2cbb2a56b90df555c213716d5b3811f956be1, org.opencontainers.image.ref.name=ubuntu, org.opencontainers.image.version=24.04)
2026-01-01T00:49:16.512515808Z image delete sha256:2e463b829a56f5f3a69c181b83f2cbb2a56b90df555c213716d5b3811f956be1 (name=sha256:2e463b829a56f5f3a69c181b83f2cbb2a56b90df555c213716d5b3811f956be1)
2026-01-01T00:49:16.516599421Z image untag sha256:4efe8769cc3208b00c72c06813da9e4f65da0007a474645e1e9ff3f8e59fbf5b (name=sha256:4efe8769cc3208b00c72c06813da9e4f65da0007a474645e1e9ff3f8e59fbf5b, org.opencontainers.image.description=Apache Maven is a software project management and comprehension tool. Based on the concept of a project object model (POM), Maven can manage a project's build, reporting and documentation from a central piece of information., org.opencontainers.image.ref.name=ubuntu, org.opencontainers.image.source=https://github.com/carlossg/docker-maven, org.opencontainers.image.title=Apache Maven, org.opencontainers.image.url=https://github.com/carlossg/docker-maven, org.opencontainers.image.version=24.04)
2026-01-01T00:49:16.519246576Z image untag sha256:4efe8769cc3208b00c72c06813da9e4f65da0007a474645e1e9ff3f8e59fbf5b (name=sha256:4efe8769cc3208b00c72c06813da9e4f65da0007a474645e1e9ff3f8e59fbf5b, org.opencontainers.image.description=Apache Maven is a software project management and comprehension tool. Based on the concept of a project object model (POM), Maven can manage a project's build, reporting and documentation from a central piece of information., org.opencontainers.image.ref.name=ubuntu, org.opencontainers.image.source=https://github.com/carlossg/docker-maven, org.opencontainers.image.title=Apache Maven, org.opencontainers.image.url=https://github.com/carlossg/docker-maven, org.opencontainers.image.version=24.04)
2026-01-01T00:49:17.076507505Z image delete sha256:4efe8769cc3208b00c72c06813da9e4f65da0007a474645e1e9ff3f8e59fbf5b (name=sha256:4efe8769cc3208b00c72c06813da9e4f65da0007a474645e1e9ff3f8e59fbf5b)
2026-01-01T00:49:48.109768355Z network disconnect 05df5f4f6763471d87767c42c992b37639ee2b26ed5c62a915473238af69a44a (container=e50f4e1838594146e485d4e4ceca7ca453de8bb4bc90543e75a8effbba645add, name=bridge, type=bridge)
2026-01-01T00:49:48.167128725Z container die e50f4e1838594146e485d4e4ceca7ca453de8bb4bc90543e75a8effbba645add (execDuration=39, exitCode=1, image=588eccf33c02, name=blissful_albattani, org.opencontainers.image.ref.name=ubuntu, org.opencontainers.image.version=24.04)
2026-01-01T00:49:49.154832747Z network connect 05df5f4f6763471d87767c42c992b37639ee2b26ed5c62a915473238af69a44a (container=e50f4e1838594146e485d4e4ceca7ca453de8bb4bc90543e75a8effbba645add, name=bridge, type=bridge)
2026-01-01T00:49:49.571670506Z container start e50f4e1838594146e485d4e4ceca7ca453de8bb4bc90543e75a8effbba645add (image=588eccf33c02, name=blissful_albattani, org.opencontainers.image.ref.name=ubuntu, org.opencontainers.image.version=24.04)
2026-01-01T00:50:27.968857057Z network disconnect 05df5f4f6763471d87767c42c992b37639ee2b26ed5c62a915473238af69a44a (container=e50f4e1838594146e485d4e4ceca7ca453de8bb4bc90543e75a8effbba645add, name=bridge, type=bridge)
2026-01-01T00:50:28.007473496Z container die e50f4e1838594146e485d4e4ceca7ca453de8bb4bc90543e75a8effbba645add (execDuration=38, exitCode=1, image=588eccf33c02, name=blissful_albattani, org.opencontainers.image.ref.name=ubuntu, org.opencontainers.image.version=24.04)
2026-01-01T00:50:29.152507722Z network connect 05df5f4f6763471d87767c42c992b37639ee2b26ed5c62a915473238af69a44a (container=e50f4e1838594146e485d4e4ceca7ca453de8bb4bc90543e75a8effbba645add, name=bridge, type=bridge)
2026-01-01T00:50:29.572124473Z container start e50f4e1838594146e485d4e4ceca7ca453de8bb4bc90543e75a8effbba645add (image=588eccf33c02, name=blissful_albattani, org.opencontainers.image.ref.name=ubuntu, org.opencontainers.image.version=24.04)
2026-01-01T00:51:07.158840001Z network disconnect 05df5f4f6763471d87767c42c992b37639ee2b26ed5c62a915473238af69a44a (container=e50f4e1838594146e485d4e4ceca7ca453de8bb4bc90543e75a8effbba645add, name=bridge, type=bridge)
2026-01-01T00:51:07.217236875Z container die e50f4e1838594146e485d4e4ceca7ca453de8bb4bc90543e75a8effbba645add (execDuration=37, exitCode=1, image=588eccf33c02, name=blissful_albattani, org.opencontainers.image.ref.name=ubuntu, org.opencontainers.image.version=24.04)
2026-01-01T00:51:08.427854106Z network connect 05df5f4f6763471d87767c42c992b37639ee2b26ed5c62a915473238af69a44a (container=e50f4e1838594146e485d4e4ceca7ca453de8bb4bc90543e75a8effbba645add, name=bridge, type=bridge)
2026-01-01T00:51:08.721358962Z container start e50f4e1838594146e485d4e4ceca7ca453de8bb4bc90543e75a8effbba645add (image=588eccf33c02, name=blissful_albattani, org.opencontainers.image.ref.name=ubuntu, org.opencontainers.image.version=24.04)
2026-01-01T00:51:47.058668862Z network disconnect 05df5f4f6763471d87767c42c992b37639ee2b26ed5c62a915473238af69a44a (container=e50f4e1838594146e485d4e4ceca7ca453de8bb4bc90543e75a8effbba645add, name=bridge, type=bridge)
2026-01-01T00:51:47.117128830Z container die e50f4e1838594146e485d4e4ceca7ca453de8bb4bc90543e75a8effbba645add (execDuration=38, exitCode=1, image=588eccf33c02, name=blissful_albattani, org.opencontainers.image.ref.name=ubuntu, org.opencontainers.image.version=24.04)
2026-01-01T00:51:48.176178667Z network connect 05df5f4f6763471d87767c42c992b37639ee2b26ed5c62a915473238af69a44a (container=e50f4e1838594146e485d4e4ceca7ca453de8bb4bc90543e75a8effbba645add, name=bridge, type=bridge)
2026-01-01T00:51:48.498170819Z container start e50f4e1838594146e485d4e4ceca7ca453de8bb4bc90543e75a8effbba645add (image=588eccf33c02, name=blissful_albattani, org.opencontainers.image.ref.name=ubuntu, org.opencontainers.image.version=24.04)
2026-01-01T00:52:25.329184461Z network disconnect 05df5f4f6763471d87767c42c992b37639ee2b26ed5c62a915473238af69a44a (container=e50f4e1838594146e485d4e4ceca7ca453de8bb4bc90543e75a8effbba645add, name=bridge, type=bridge)
2026-01-01T00:52:25.338107904Z container die e50f4e1838594146e485d4e4ceca7ca453de8bb4bc90543e75a8effbba645add (execDuration=36, exitCode=1, image=588eccf33c02, name=blissful_albattani, org.opencontainers.image.ref.name=ubuntu, org.opencontainers.image.version=24.04)
2026-01-01T00:52:26.423780591Z network connect 05df5f4f6763471d87767c42c992b37639ee2b26ed5c62a915473238af69a44a (container=e50f4e1838594146e485d4e4ceca7ca453de8bb4bc90543e75a8effbba645add, name=bridge, type=bridge)
2026-01-01T00:52:26.723223067Z container start e50f4e1838594146e485d4e4ceca7ca453de8bb4bc90543e75a8effbba645add (image=588eccf33c02, name=blissful_albattani, org.opencontainers.image.ref.name=ubuntu, org.opencontainers.image.version=24.04)
2026-01-01T00:53:04.598899172Z network disconnect 05df5f4f6763471d87767c42c992b37639ee2b26ed5c62a915473238af69a44a (container=e50f4e1838594146e485d4e4ceca7ca453de8bb4bc90543e75a8effbba645add, name=bridge, type=bridge)
2026-01-01T00:53:04.607298585Z container die e50f4e1838594146e485d4e4ceca7ca453de8bb4bc90543e75a8effbba645add (execDuration=37, exitCode=1, image=588eccf33c02, name=blissful_albattani, org.opencontainers.image.ref.name=ubuntu, org.opencontainers.image.version=24.04)
2026-01-01T00:53:05.715907741Z network connect 05df5f4f6763471d87767c42c992b37639ee2b26ed5c62a915473238af69a44a (container=e50f4e1838594146e485d4e4ceca7ca453de8bb4bc90543e75a8effbba645add, name=bridge, type=bridge)
2026-01-01T00:53:05.980035454Z container start e50f4e1838594146e485d4e4ceca7ca453de8bb4bc90543e75a8effbba645add (image=588eccf33c02, name=blissful_albattani, org.opencontainers.image.ref.name=ubuntu, org.opencontainers.image.version=24.04)
2026-01-01T00:53:44.109005212Z network disconnect 05df5f4f6763471d87767c42c992b37639ee2b26ed5c62a915473238af69a44a (container=e50f4e1838594146e485d4e4ceca7ca453de8bb4bc90543e75a8effbba645add, name=bridge, type=bridge)
2026-01-01T00:53:44.117465642Z container die e50f4e1838594146e485d4e4ceca7ca453de8bb4bc90543e75a8effbba645add (execDuration=37, exitCode=1, image=588eccf33c02, name=blissful_albattani, org.opencontainers.image.ref.name=ubuntu, org.opencontainers.image.version=24.04)
2026-01-01T00:53:45.124592579Z network connect 05df5f4f6763471d87767c42c992b37639ee2b26ed5c62a915473238af69a44a (container=e50f4e1838594146e485d4e4ceca7ca453de8bb4bc90543e75a8effbba645add, name=bridge, type=bridge)
2026-01-01T00:53:45.407535393Z container start e50f4e1838594146e485d4e4ceca7ca453de8bb4bc90543e75a8effbba645add (image=588eccf33c02, name=blissful_albattani, org.opencontainers.image.ref.name=ubuntu, org.opencontainers.image.version=24.04)
2026-01-01T00:54:23.348953852Z network disconnect 05df5f4f6763471d87767c42c992b37639ee2b26ed5c62a915473238af69a44a (container=e50f4e1838594146e485d4e4ceca7ca453de8bb4bc90543e75a8effbba645add, name=bridge, type=bridge)
2026-01-01T00:54:23.418030762Z container die e50f4e1838594146e485d4e4ceca7ca453de8bb4bc90543e75a8effbba645add (execDuration=37, exitCode=1, image=588eccf33c02, name=blissful_albattani, org.opencontainers.image.ref.name=ubuntu, org.opencontainers.image.version=24.04)
2026-01-01T00:54:24.397747263Z network connect 05df5f4f6763471d87767c42c992b37639ee2b26ed5c62a915473238af69a44a (container=e50f4e1838594146e485d4e4ceca7ca453de8bb4bc90543e75a8effbba645add, name=bridge, type=bridge)
2026-01-01T00:54:24.683961174Z container start e50f4e1838594146e485d4e4ceca7ca453de8bb4bc90543e75a8effbba645add (image=588eccf33c02, name=blissful_albattani, org.opencontainers.image.ref.name=ubuntu, org.opencontainers.image.version=24.04)
2026-01-01T00:55:02.189246378Z network disconnect 05df5f4f6763471d87767c42c992b37639ee2b26ed5c62a915473238af69a44a (container=e50f4e1838594146e485d4e4ceca7ca453de8bb4bc90543e75a8effbba645add, name=bridge, type=bridge)
2026-01-01T00:55:02.199099599Z container die e50f4e1838594146e485d4e4ceca7ca453de8bb4bc90543e75a8effbba645add (execDuration=37, exitCode=1, image=588eccf33c02, name=blissful_albattani, org.opencontainers.image.ref.name=ubuntu, org.opencontainers.image.version=24.04)
2026-01-01T00:55:03.446738912Z network connect 05df5f4f6763471d87767c42c992b37639ee2b26ed5c62a915473238af69a44a (container=e50f4e1838594146e485d4e4ceca7ca453de8bb4bc90543e75a8effbba645add, name=bridge, type=bridge)
2026-01-01T00:55:03.720158810Z container start e50f4e1838594146e485d4e4ceca7ca453de8bb4bc90543e75a8effbba645add (image=588eccf33c02, name=blissful_albattani, org.opencontainers.image.ref.name=ubuntu, org.opencontainers.image.version=24.04)
2026-01-01T00:55:22.809790171Z container prune  (reclaimed=0)
2026-01-01T00:55:30.973851656Z image pull maven:3.9.9-eclipse-temurin-21 (name=maven, org.opencontainers.image.description=Apache Maven is a software project management and comprehension tool. Based on the concept of a project object model (POM), Maven can manage a project's build, reporting and documentation from a central piece of information., org.opencontainers.image.ref.name=ubuntu, org.opencontainers.image.source=https://github.com/carlossg/docker-maven, org.opencontainers.image.title=Apache Maven, org.opencontainers.image.url=https://github.com/carlossg/docker-maven, org.opencontainers.image.version=24.04)
2026-01-01T00:55:31.381548147Z image pull eclipse-temurin:21-jre (name=eclipse-temurin, org.opencontainers.image.ref.name=ubuntu, org.opencontainers.image.version=24.04)
2026-01-01T00:55:32.313552187Z image tag sha256:588eccf33c02e418b798f7bb4237dd362b52fb5927e81dc42c056ffa4963a568 (name=aws_beanstalk/staging-app, org.opencontainers.image.ref.name=ubuntu, org.opencontainers.image.version=24.04)
2026-01-01T00:55:37.277357508Z container kill e50f4e1838594146e485d4e4ceca7ca453de8bb4bc90543e75a8effbba645add (image=588eccf33c02, name=blissful_albattani, org.opencontainers.image.ref.name=ubuntu, org.opencontainers.image.version=24.04, signal=15)
2026-01-01T00:55:41.920226769Z network disconnect 05df5f4f6763471d87767c42c992b37639ee2b26ed5c62a915473238af69a44a (container=e50f4e1838594146e485d4e4ceca7ca453de8bb4bc90543e75a8effbba645add, name=bridge, type=bridge)
2026-01-01T00:55:41.934953767Z container stop e50f4e1838594146e485d4e4ceca7ca453de8bb4bc90543e75a8effbba645add (image=588eccf33c02, name=blissful_albattani, org.opencontainers.image.ref.name=ubuntu, org.opencontainers.image.version=24.04)
2026-01-01T00:55:41.939362228Z container die e50f4e1838594146e485d4e4ceca7ca453de8bb4bc90543e75a8effbba645add (execDuration=37, exitCode=143, image=588eccf33c02, name=blissful_albattani, org.opencontainers.image.ref.name=ubuntu, org.opencontainers.image.version=24.04)
2026-01-01T00:55:43.282098655Z container destroy e50f4e1838594146e485d4e4ceca7ca453de8bb4bc90543e75a8effbba645add (image=588eccf33c02, name=blissful_albattani, org.opencontainers.image.ref.name=ubuntu, org.opencontainers.image.version=24.04)
2026-01-01T00:55:43.282142873Z container prune  (reclaimed=0)
2026-01-01T00:55:43.316486374Z image untag sha256:588eccf33c02e418b798f7bb4237dd362b52fb5927e81dc42c056ffa4963a568 (name=sha256:588eccf33c02e418b798f7bb4237dd362b52fb5927e81dc42c056ffa4963a568, org.opencontainers.image.ref.name=ubuntu, org.opencontainers.image.version=24.04)
2026-01-01T00:55:43.380857838Z container create 358feda85887013552253a5961c32731956c5fc168d7c72b83c84ad594223596 (image=588eccf33c02, name=frosty_volhard, org.opencontainers.image.ref.name=ubuntu, org.opencontainers.image.version=24.04)
2026-01-01T00:55:43.412739121Z network connect 05df5f4f6763471d87767c42c992b37639ee2b26ed5c62a915473238af69a44a (container=358feda85887013552253a5961c32731956c5fc168d7c72b83c84ad594223596, name=bridge, type=bridge)
2026-01-01T00:55:43.932664295Z container start 358feda85887013552253a5961c32731956c5fc168d7c72b83c84ad594223596 (image=588eccf33c02, name=frosty_volhard, org.opencontainers.image.ref.name=ubuntu, org.opencontainers.image.version=24.04)
2026-01-01T00:55:50.471440639Z image tag sha256:588eccf33c02e418b798f7bb4237dd362b52fb5927e81dc42c056ffa4963a568 (name=aws_beanstalk/current-app:latest, org.opencontainers.image.ref.name=ubuntu, org.opencontainers.image.version=24.04)
2026-01-01T00:55:50.505114592Z image untag sha256:588eccf33c02e418b798f7bb4237dd362b52fb5927e81dc42c056ffa4963a568 (name=sha256:588eccf33c02e418b798f7bb4237dd362b52fb5927e81dc42c056ffa4963a568, org.opencontainers.image.ref.name=ubuntu, org.opencontainers.image.version=24.04)
2026-01-01T00:55:52.864697687Z image untag sha256:2e463b829a56f5f3a69c181b83f2cbb2a56b90df555c213716d5b3811f956be1 (name=sha256:2e463b829a56f5f3a69c181b83f2cbb2a56b90df555c213716d5b3811f956be1, org.opencontainers.image.ref.name=ubuntu, org.opencontainers.image.version=24.04)
2026-01-01T00:55:52.867081773Z image untag sha256:2e463b829a56f5f3a69c181b83f2cbb2a56b90df555c213716d5b3811f956be1 (name=sha256:2e463b829a56f5f3a69c181b83f2cbb2a56b90df555c213716d5b3811f956be1, org.opencontainers.image.ref.name=ubuntu, org.opencontainers.image.version=24.04)
2026-01-01T00:55:52.873407130Z image delete sha256:2e463b829a56f5f3a69c181b83f2cbb2a56b90df555c213716d5b3811f956be1 (name=sha256:2e463b829a56f5f3a69c181b83f2cbb2a56b90df555c213716d5b3811f956be1)
2026-01-01T00:55:52.877129080Z image untag sha256:4efe8769cc3208b00c72c06813da9e4f65da0007a474645e1e9ff3f8e59fbf5b (name=sha256:4efe8769cc3208b00c72c06813da9e4f65da0007a474645e1e9ff3f8e59fbf5b, org.opencontainers.image.description=Apache Maven is a software project management and comprehension tool. Based on the concept of a project object model (POM), Maven can manage a project's build, reporting and documentation from a central piece of information., org.opencontainers.image.ref.name=ubuntu, org.opencontainers.image.source=https://github.com/carlossg/docker-maven, org.opencontainers.image.title=Apache Maven, org.opencontainers.image.url=https://github.com/carlossg/docker-maven, org.opencontainers.image.version=24.04)
2026-01-01T00:55:52.879612248Z image untag sha256:4efe8769cc3208b00c72c06813da9e4f65da0007a474645e1e9ff3f8e59fbf5b (name=sha256:4efe8769cc3208b00c72c06813da9e4f65da0007a474645e1e9ff3f8e59fbf5b, org.opencontainers.image.description=Apache Maven is a software project management and comprehension tool. Based on the concept of a project object model (POM), Maven can manage a project's build, reporting and documentation from a central piece of information., org.opencontainers.image.ref.name=ubuntu, org.opencontainers.image.source=https://github.com/carlossg/docker-maven, org.opencontainers.image.title=Apache Maven, org.opencontainers.image.url=https://github.com/carlossg/docker-maven, org.opencontainers.image.version=24.04)
2026-01-01T00:55:53.217242392Z image delete sha256:4efe8769cc3208b00c72c06813da9e4f65da0007a474645e1e9ff3f8e59fbf5b (name=sha256:4efe8769cc3208b00c72c06813da9e4f65da0007a474645e1e9ff3f8e59fbf5b)
2026-01-01T00:56:23.080641592Z network disconnect 05df5f4f6763471d87767c42c992b37639ee2b26ed5c62a915473238af69a44a (container=358feda85887013552253a5961c32731956c5fc168d7c72b83c84ad594223596, name=bridge, type=bridge)
2026-01-01T00:56:23.147136346Z container die 358feda85887013552253a5961c32731956c5fc168d7c72b83c84ad594223596 (execDuration=38, exitCode=1, image=588eccf33c02, name=frosty_volhard, org.opencontainers.image.ref.name=ubuntu, org.opencontainers.image.version=24.04)
2026-01-01T00:56:24.106023320Z network connect 05df5f4f6763471d87767c42c992b37639ee2b26ed5c62a915473238af69a44a (container=358feda85887013552253a5961c32731956c5fc168d7c72b83c84ad594223596, name=bridge, type=bridge)
2026-01-01T00:56:24.621533674Z container start 358feda85887013552253a5961c32731956c5fc168d7c72b83c84ad594223596 (image=588eccf33c02, name=frosty_volhard, org.opencontainers.image.ref.name=ubuntu, org.opencontainers.image.version=24.04)
2026-01-01T00:57:02.899378588Z network disconnect 05df5f4f6763471d87767c42c992b37639ee2b26ed5c62a915473238af69a44a (container=358feda85887013552253a5961c32731956c5fc168d7c72b83c84ad594223596, name=bridge, type=bridge)
2026-01-01T00:57:02.947139043Z container die 358feda85887013552253a5961c32731956c5fc168d7c72b83c84ad594223596 (execDuration=38, exitCode=1, image=588eccf33c02, name=frosty_volhard, org.opencontainers.image.ref.name=ubuntu, org.opencontainers.image.version=24.04)
2026-01-01T00:57:04.166397316Z network connect 05df5f4f6763471d87767c42c992b37639ee2b26ed5c62a915473238af69a44a (container=358feda85887013552253a5961c32731956c5fc168d7c72b83c84ad594223596, name=bridge, type=bridge)
2026-01-01T00:57:04.539685472Z container start 358feda85887013552253a5961c32731956c5fc168d7c72b83c84ad594223596 (image=588eccf33c02, name=frosty_volhard, org.opencontainers.image.ref.name=ubuntu, org.opencontainers.image.version=24.04)
2026-01-01T00:57:42.658832418Z network disconnect 05df5f4f6763471d87767c42c992b37639ee2b26ed5c62a915473238af69a44a (container=358feda85887013552253a5961c32731956c5fc168d7c72b83c84ad594223596, name=bridge, type=bridge)
2026-01-01T00:57:42.667921447Z container die 358feda85887013552253a5961c32731956c5fc168d7c72b83c84ad594223596 (execDuration=37, exitCode=1, image=588eccf33c02, name=frosty_volhard, org.opencontainers.image.ref.name=ubuntu, org.opencontainers.image.version=24.04)
2026-01-01T00:57:43.646288428Z network connect 05df5f4f6763471d87767c42c992b37639ee2b26ed5c62a915473238af69a44a (container=358feda85887013552253a5961c32731956c5fc168d7c72b83c84ad594223596, name=bridge, type=bridge)
2026-01-01T00:57:43.940824289Z container start 358feda85887013552253a5961c32731956c5fc168d7c72b83c84ad594223596 (image=588eccf33c02, name=frosty_volhard, org.opencontainers.image.ref.name=ubuntu, org.opencontainers.image.version=24.04)
2026-01-01T00:58:21.928775464Z network disconnect 05df5f4f6763471d87767c42c992b37639ee2b26ed5c62a915473238af69a44a (container=358feda85887013552253a5961c32731956c5fc168d7c72b83c84ad594223596, name=bridge, type=bridge)
2026-01-01T00:58:21.987453640Z container die 358feda85887013552253a5961c32731956c5fc168d7c72b83c84ad594223596 (execDuration=37, exitCode=1, image=588eccf33c02, name=frosty_volhard, org.opencontainers.image.ref.name=ubuntu, org.opencontainers.image.version=24.04)
2026-01-01T00:58:23.134759091Z network connect 05df5f4f6763471d87767c42c992b37639ee2b26ed5c62a915473238af69a44a (container=358feda85887013552253a5961c32731956c5fc168d7c72b83c84ad594223596, name=bridge, type=bridge)
2026-01-01T00:58:23.422748985Z container start 358feda85887013552253a5961c32731956c5fc168d7c72b83c84ad594223596 (image=588eccf33c02, name=frosty_volhard, org.opencontainers.image.ref.name=ubuntu, org.opencontainers.image.version=24.04)
2026-01-01T00:59:01.554972160Z network disconnect 05df5f4f6763471d87767c42c992b37639ee2b26ed5c62a915473238af69a44a (container=358feda85887013552253a5961c32731956c5fc168d7c72b83c84ad594223596, name=bridge, type=bridge)
2026-01-01T00:59:01.572643213Z container die 358feda85887013552253a5961c32731956c5fc168d7c72b83c84ad594223596 (execDuration=37, exitCode=1, image=588eccf33c02, name=frosty_volhard, org.opencontainers.image.ref.name=ubuntu, org.opencontainers.image.version=24.04)
2026-01-01T00:59:02.691984280Z network connect 05df5f4f6763471d87767c42c992b37639ee2b26ed5c62a915473238af69a44a (container=358feda85887013552253a5961c32731956c5fc168d7c72b83c84ad594223596, name=bridge, type=bridge)
2026-01-01T00:59:02.991014155Z container start 358feda85887013552253a5961c32731956c5fc168d7c72b83c84ad594223596 (image=588eccf33c02, name=frosty_volhard, org.opencontainers.image.ref.name=ubuntu, org.opencontainers.image.version=24.04)
2026-01-01T00:59:40.779204002Z network disconnect 05df5f4f6763471d87767c42c992b37639ee2b26ed5c62a915473238af69a44a (container=358feda85887013552253a5961c32731956c5fc168d7c72b83c84ad594223596, name=bridge, type=bridge)
2026-01-01T00:59:40.788008461Z container die 358feda85887013552253a5961c32731956c5fc168d7c72b83c84ad594223596 (execDuration=37, exitCode=1, image=588eccf33c02, name=frosty_volhard, org.opencontainers.image.ref.name=ubuntu, org.opencontainers.image.version=24.04)
2026-01-01T00:59:41.876230759Z network connect 05df5f4f6763471d87767c42c992b37639ee2b26ed5c62a915473238af69a44a (container=358feda85887013552253a5961c32731956c5fc168d7c72b83c84ad594223596, name=bridge, type=bridge)
2026-01-01T00:59:42.162329823Z container start 358feda85887013552253a5961c32731956c5fc168d7c72b83c84ad594223596 (image=588eccf33c02, name=frosty_volhard, org.opencontainers.image.ref.name=ubuntu, org.opencontainers.image.version=24.04)
2026-01-01T01:00:20.039223328Z network disconnect 05df5f4f6763471d87767c42c992b37639ee2b26ed5c62a915473238af69a44a (container=358feda85887013552253a5961c32731956c5fc168d7c72b83c84ad594223596, name=bridge, type=bridge)
2026-01-01T01:00:20.048639434Z container die 358feda85887013552253a5961c32731956c5fc168d7c72b83c84ad594223596 (execDuration=37, exitCode=1, image=588eccf33c02, name=frosty_volhard, org.opencontainers.image.ref.name=ubuntu, org.opencontainers.image.version=24.04)
2026-01-01T01:00:21.142095573Z network connect 05df5f4f6763471d87767c42c992b37639ee2b26ed5c62a915473238af69a44a (container=358feda85887013552253a5961c32731956c5fc168d7c72b83c84ad594223596, name=bridge, type=bridge)
2026-01-01T01:00:21.438882254Z container start 358feda85887013552253a5961c32731956c5fc168d7c72b83c84ad594223596 (image=588eccf33c02, name=frosty_volhard, org.opencontainers.image.ref.name=ubuntu, org.opencontainers.image.version=24.04)
2026-01-01T01:00:59.508911655Z network disconnect 05df5f4f6763471d87767c42c992b37639ee2b26ed5c62a915473238af69a44a (container=358feda85887013552253a5961c32731956c5fc168d7c72b83c84ad594223596, name=bridge, type=bridge)
2026-01-01T01:00:59.517018111Z container die 358feda85887013552253a5961c32731956c5fc168d7c72b83c84ad594223596 (execDuration=37, exitCode=1, image=588eccf33c02, name=frosty_volhard, org.opencontainers.image.ref.name=ubuntu, org.opencontainers.image.version=24.04)
2026-01-01T01:01:00.732640790Z network connect 05df5f4f6763471d87767c42c992b37639ee2b26ed5c62a915473238af69a44a (container=358feda85887013552253a5961c32731956c5fc168d7c72b83c84ad594223596, name=bridge, type=bridge)
2026-01-01T01:01:01.052187424Z container start 358feda85887013552253a5961c32731956c5fc168d7c72b83c84ad594223596 (image=588eccf33c02, name=frosty_volhard, org.opencontainers.image.ref.name=ubuntu, org.opencontainers.image.version=24.04)
2026-01-01T01:01:39.729066490Z network disconnect 05df5f4f6763471d87767c42c992b37639ee2b26ed5c62a915473238af69a44a (container=358feda85887013552253a5961c32731956c5fc168d7c72b83c84ad594223596, name=bridge, type=bridge)
2026-01-01T01:01:39.737583352Z container die 358feda85887013552253a5961c32731956c5fc168d7c72b83c84ad594223596 (execDuration=38, exitCode=1, image=588eccf33c02, name=frosty_volhard, org.opencontainers.image.ref.name=ubuntu, org.opencontainers.image.version=24.04)
2026-01-01T01:01:40.883970365Z network connect 05df5f4f6763471d87767c42c992b37639ee2b26ed5c62a915473238af69a44a (container=358feda85887013552253a5961c32731956c5fc168d7c72b83c84ad594223596, name=bridge, type=bridge)
2026-01-01T01:01:41.181356158Z container start 358feda85887013552253a5961c32731956c5fc168d7c72b83c84ad594223596 (image=588eccf33c02, name=frosty_volhard, org.opencontainers.image.ref.name=ubuntu, org.opencontainers.image.version=24.04)
2026-01-01T01:02:19.070528757Z network disconnect 05df5f4f6763471d87767c42c992b37639ee2b26ed5c62a915473238af69a44a (container=358feda85887013552253a5961c32731956c5fc168d7c72b83c84ad594223596, name=bridge, type=bridge)
2026-01-01T01:02:19.079647921Z container die 358feda85887013552253a5961c32731956c5fc168d7c72b83c84ad594223596 (execDuration=37, exitCode=1, image=588eccf33c02, name=frosty_volhard, org.opencontainers.image.ref.name=ubuntu, org.opencontainers.image.version=24.04)
2026-01-01T01:02:20.198945490Z network connect 05df5f4f6763471d87767c42c992b37639ee2b26ed5c62a915473238af69a44a (container=358feda85887013552253a5961c32731956c5fc168d7c72b83c84ad594223596, name=bridge, type=bridge)
2026-01-01T01:02:20.512148126Z container start 358feda85887013552253a5961c32731956c5fc168d7c72b83c84ad594223596 (image=588eccf33c02, name=frosty_volhard, org.opencontainers.image.ref.name=ubuntu, org.opencontainers.image.version=24.04)
2026-01-01T01:02:58.438857280Z network disconnect 05df5f4f6763471d87767c42c992b37639ee2b26ed5c62a915473238af69a44a (container=358feda85887013552253a5961c32731956c5fc168d7c72b83c84ad594223596, name=bridge, type=bridge)
2026-01-01T01:02:58.448141782Z container die 358feda85887013552253a5961c32731956c5fc168d7c72b83c84ad594223596 (execDuration=37, exitCode=1, image=588eccf33c02, name=frosty_volhard, org.opencontainers.image.ref.name=ubuntu, org.opencontainers.image.version=24.04)
2026-01-01T01:02:59.603550838Z network connect 05df5f4f6763471d87767c42c992b37639ee2b26ed5c62a915473238af69a44a (container=358feda85887013552253a5961c32731956c5fc168d7c72b83c84ad594223596, name=bridge, type=bridge)
2026-01-01T01:02:59.859978446Z container start 358feda85887013552253a5961c32731956c5fc168d7c72b83c84ad594223596 (image=588eccf33c02, name=frosty_volhard, org.opencontainers.image.ref.name=ubuntu, org.opencontainers.image.version=24.04)
2026-01-01T01:03:37.928619670Z network disconnect 05df5f4f6763471d87767c42c992b37639ee2b26ed5c62a915473238af69a44a (container=358feda85887013552253a5961c32731956c5fc168d7c72b83c84ad594223596, name=bridge, type=bridge)
2026-01-01T01:03:37.938293178Z container die 358feda85887013552253a5961c32731956c5fc168d7c72b83c84ad594223596 (execDuration=37, exitCode=1, image=588eccf33c02, name=frosty_volhard, org.opencontainers.image.ref.name=ubuntu, org.opencontainers.image.version=24.04)
2026-01-01T01:03:39.126759158Z network connect 05df5f4f6763471d87767c42c992b37639ee2b26ed5c62a915473238af69a44a (container=358feda85887013552253a5961c32731956c5fc168d7c72b83c84ad594223596, name=bridge, type=bridge)
2026-01-01T01:03:39.435191216Z container start 358feda85887013552253a5961c32731956c5fc168d7c72b83c84ad594223596 (image=588eccf33c02, name=frosty_volhard, org.opencontainers.image.ref.name=ubuntu, org.opencontainers.image.version=24.04)
2026-01-01T01:04:17.948805627Z network disconnect 05df5f4f6763471d87767c42c992b37639ee2b26ed5c62a915473238af69a44a (container=358feda85887013552253a5961c32731956c5fc168d7c72b83c84ad594223596, name=bridge, type=bridge)
2026-01-01T01:04:17.957557643Z container die 358feda85887013552253a5961c32731956c5fc168d7c72b83c84ad594223596 (execDuration=38, exitCode=1, image=588eccf33c02, name=frosty_volhard, org.opencontainers.image.ref.name=ubuntu, org.opencontainers.image.version=24.04)
2026-01-01T01:04:19.126361400Z network connect 05df5f4f6763471d87767c42c992b37639ee2b26ed5c62a915473238af69a44a (container=358feda85887013552253a5961c32731956c5fc168d7c72b83c84ad594223596, name=bridge, type=bridge)
2026-01-01T01:04:19.393269759Z container start 358feda85887013552253a5961c32731956c5fc168d7c72b83c84ad594223596 (image=588eccf33c02, name=frosty_volhard, org.opencontainers.image.ref.name=ubuntu, org.opencontainers.image.version=24.04)
2026-01-01T01:04:57.289033318Z network disconnect 05df5f4f6763471d87767c42c992b37639ee2b26ed5c62a915473238af69a44a (container=358feda85887013552253a5961c32731956c5fc168d7c72b83c84ad594223596, name=bridge, type=bridge)
2026-01-01T01:04:57.297114361Z container die 358feda85887013552253a5961c32731956c5fc168d7c72b83c84ad594223596 (execDuration=37, exitCode=1, image=588eccf33c02, name=frosty_volhard, org.opencontainers.image.ref.name=ubuntu, org.opencontainers.image.version=24.04)
2026-01-01T01:04:58.390661515Z network connect 05df5f4f6763471d87767c42c992b37639ee2b26ed5c62a915473238af69a44a (container=358feda85887013552253a5961c32731956c5fc168d7c72b83c84ad594223596, name=bridge, type=bridge)
2026-01-01T01:04:58.671701399Z container start 358feda85887013552253a5961c32731956c5fc168d7c72b83c84ad594223596 (image=588eccf33c02, name=frosty_volhard, org.opencontainers.image.ref.name=ubuntu, org.opencontainers.image.version=24.04)
2026-01-01T01:05:37.389737142Z network disconnect 05df5f4f6763471d87767c42c992b37639ee2b26ed5c62a915473238af69a44a (container=358feda85887013552253a5961c32731956c5fc168d7c72b83c84ad594223596, name=bridge, type=bridge)
2026-01-01T01:05:37.398211025Z container die 358feda85887013552253a5961c32731956c5fc168d7c72b83c84ad594223596 (execDuration=38, exitCode=1, image=588eccf33c02, name=frosty_volhard, org.opencontainers.image.ref.name=ubuntu, org.opencontainers.image.version=24.04)
2026-01-01T01:05:38.386240575Z network connect 05df5f4f6763471d87767c42c992b37639ee2b26ed5c62a915473238af69a44a (container=358feda85887013552253a5961c32731956c5fc168d7c72b83c84ad594223596, name=bridge, type=bridge)
2026-01-01T01:05:38.719162227Z container start 358feda85887013552253a5961c32731956c5fc168d7c72b83c84ad594223596 (image=588eccf33c02, name=frosty_volhard, org.opencontainers.image.ref.name=ubuntu, org.opencontainers.image.version=24.04)
2026-01-01T01:06:16.678883082Z network disconnect 05df5f4f6763471d87767c42c992b37639ee2b26ed5c62a915473238af69a44a (container=358feda85887013552253a5961c32731956c5fc168d7c72b83c84ad594223596, name=bridge, type=bridge)
2026-01-01T01:06:16.737471163Z container die 358feda85887013552253a5961c32731956c5fc168d7c72b83c84ad594223596 (execDuration=37, exitCode=1, image=588eccf33c02, name=frosty_volhard, org.opencontainers.image.ref.name=ubuntu, org.opencontainers.image.version=24.04)
2026-01-01T01:06:17.853028295Z network connect 05df5f4f6763471d87767c42c992b37639ee2b26ed5c62a915473238af69a44a (container=358feda85887013552253a5961c32731956c5fc168d7c72b83c84ad594223596, name=bridge, type=bridge)
2026-01-01T01:06:18.129873194Z container start 358feda85887013552253a5961c32731956c5fc168d7c72b83c84ad594223596 (image=588eccf33c02, name=frosty_volhard, org.opencontainers.image.ref.name=ubuntu, org.opencontainers.image.version=24.04)
2026-01-01T01:06:55.209208398Z network disconnect 05df5f4f6763471d87767c42c992b37639ee2b26ed5c62a915473238af69a44a (container=358feda85887013552253a5961c32731956c5fc168d7c72b83c84ad594223596, name=bridge, type=bridge)
2026-01-01T01:06:55.307535136Z container die 358feda85887013552253a5961c32731956c5fc168d7c72b83c84ad594223596 (execDuration=36, exitCode=1, image=588eccf33c02, name=frosty_volhard, org.opencontainers.image.ref.name=ubuntu, org.opencontainers.image.version=24.04)
2026-01-01T01:06:56.423884278Z network connect 05df5f4f6763471d87767c42c992b37639ee2b26ed5c62a915473238af69a44a (container=358feda85887013552253a5961c32731956c5fc168d7c72b83c84ad594223596, name=bridge, type=bridge)
2026-01-01T01:06:56.762101190Z container start 358feda85887013552253a5961c32731956c5fc168d7c72b83c84ad594223596 (image=588eccf33c02, name=frosty_volhard, org.opencontainers.image.ref.name=ubuntu, org.opencontainers.image.version=24.04)
2026-01-01T01:07:33.699006688Z network disconnect 05df5f4f6763471d87767c42c992b37639ee2b26ed5c62a915473238af69a44a (container=358feda85887013552253a5961c32731956c5fc168d7c72b83c84ad594223596, name=bridge, type=bridge)
2026-01-01T01:07:33.706927626Z container die 358feda85887013552253a5961c32731956c5fc168d7c72b83c84ad594223596 (execDuration=36, exitCode=1, image=588eccf33c02, name=frosty_volhard, org.opencontainers.image.ref.name=ubuntu, org.opencontainers.image.version=24.04)
2026-01-01T01:07:34.881032303Z network connect 05df5f4f6763471d87767c42c992b37639ee2b26ed5c62a915473238af69a44a (container=358feda85887013552253a5961c32731956c5fc168d7c72b83c84ad594223596, name=bridge, type=bridge)
2026-01-01T01:07:35.157897238Z container start 358feda85887013552253a5961c32731956c5fc168d7c72b83c84ad594223596 (image=588eccf33c02, name=frosty_volhard, org.opencontainers.image.ref.name=ubuntu, org.opencontainers.image.version=24.04)
2026-01-01T01:08:12.268519632Z network disconnect 05df5f4f6763471d87767c42c992b37639ee2b26ed5c62a915473238af69a44a (container=358feda85887013552253a5961c32731956c5fc168d7c72b83c84ad594223596, name=bridge, type=bridge)
2026-01-01T01:08:12.277676217Z container die 358feda85887013552253a5961c32731956c5fc168d7c72b83c84ad594223596 (execDuration=36, exitCode=1, image=588eccf33c02, name=frosty_volhard, org.opencontainers.image.ref.name=ubuntu, org.opencontainers.image.version=24.04)
2026-01-01T01:08:13.340565514Z network connect 05df5f4f6763471d87767c42c992b37639ee2b26ed5c62a915473238af69a44a (container=358feda85887013552253a5961c32731956c5fc168d7c72b83c84ad594223596, name=bridge, type=bridge)
2026-01-01T01:08:13.610553485Z container start 358feda85887013552253a5961c32731956c5fc168d7c72b83c84ad594223596 (image=588eccf33c02, name=frosty_volhard, org.opencontainers.image.ref.name=ubuntu, org.opencontainers.image.version=24.04)
2026-01-01T01:08:51.408648147Z network disconnect 05df5f4f6763471d87767c42c992b37639ee2b26ed5c62a915473238af69a44a (container=358feda85887013552253a5961c32731956c5fc168d7c72b83c84ad594223596, name=bridge, type=bridge)
2026-01-01T01:08:51.417481921Z container die 358feda85887013552253a5961c32731956c5fc168d7c72b83c84ad594223596 (execDuration=37, exitCode=1, image=588eccf33c02, name=frosty_volhard, org.opencontainers.image.ref.name=ubuntu, org.opencontainers.image.version=24.04)
2026-01-01T01:08:52.347486975Z network connect 05df5f4f6763471d87767c42c992b37639ee2b26ed5c62a915473238af69a44a (container=358feda85887013552253a5961c32731956c5fc168d7c72b83c84ad594223596, name=bridge, type=bridge)
2026-01-01T01:08:52.618261455Z container start 358feda85887013552253a5961c32731956c5fc168d7c72b83c84ad594223596 (image=588eccf33c02, name=frosty_volhard, org.opencontainers.image.ref.name=ubuntu, org.opencontainers.image.version=24.04)
2026-01-01T01:09:30.749117097Z network disconnect 05df5f4f6763471d87767c42c992b37639ee2b26ed5c62a915473238af69a44a (container=358feda85887013552253a5961c32731956c5fc168d7c72b83c84ad594223596, name=bridge, type=bridge)
2026-01-01T01:09:30.758243017Z container die 358feda85887013552253a5961c32731956c5fc168d7c72b83c84ad594223596 (execDuration=37, exitCode=1, image=588eccf33c02, name=frosty_volhard, org.opencontainers.image.ref.name=ubuntu, org.opencontainers.image.version=24.04)
2026-01-01T01:09:31.895799762Z network connect 05df5f4f6763471d87767c42c992b37639ee2b26ed5c62a915473238af69a44a (container=358feda85887013552253a5961c32731956c5fc168d7c72b83c84ad594223596, name=bridge, type=bridge)
2026-01-01T01:09:32.177194972Z container start 358feda85887013552253a5961c32731956c5fc168d7c72b83c84ad594223596 (image=588eccf33c02, name=frosty_volhard, org.opencontainers.image.ref.name=ubuntu, org.opencontainers.image.version=24.04)
2026-01-01T01:10:09.548805511Z network disconnect 05df5f4f6763471d87767c42c992b37639ee2b26ed5c62a915473238af69a44a (container=358feda85887013552253a5961c32731956c5fc168d7c72b83c84ad594223596, name=bridge, type=bridge)
2026-01-01T01:10:09.557677812Z container die 358feda85887013552253a5961c32731956c5fc168d7c72b83c84ad594223596 (execDuration=37, exitCode=1, image=588eccf33c02, name=frosty_volhard, org.opencontainers.image.ref.name=ubuntu, org.opencontainers.image.version=24.04)
2026-01-01T01:10:10.655183424Z network connect 05df5f4f6763471d87767c42c992b37639ee2b26ed5c62a915473238af69a44a (container=358feda85887013552253a5961c32731956c5fc168d7c72b83c84ad594223596, name=bridge, type=bridge)
2026-01-01T01:10:10.950784210Z container start 358feda85887013552253a5961c32731956c5fc168d7c72b83c84ad594223596 (image=588eccf33c02, name=frosty_volhard, org.opencontainers.image.ref.name=ubuntu, org.opencontainers.image.version=24.04)
2026-01-01T01:10:48.928995738Z network disconnect 05df5f4f6763471d87767c42c992b37639ee2b26ed5c62a915473238af69a44a (container=358feda85887013552253a5961c32731956c5fc168d7c72b83c84ad594223596, name=bridge, type=bridge)
2026-01-01T01:10:48.939229323Z container die 358feda85887013552253a5961c32731956c5fc168d7c72b83c84ad594223596 (execDuration=37, exitCode=1, image=588eccf33c02, name=frosty_volhard, org.opencontainers.image.ref.name=ubuntu, org.opencontainers.image.version=24.04)
2026-01-01T01:10:49.895613579Z network connect 05df5f4f6763471d87767c42c992b37639ee2b26ed5c62a915473238af69a44a (container=358feda85887013552253a5961c32731956c5fc168d7c72b83c84ad594223596, name=bridge, type=bridge)
2026-01-01T01:10:50.191216395Z container start 358feda85887013552253a5961c32731956c5fc168d7c72b83c84ad594223596 (image=588eccf33c02, name=frosty_volhard, org.opencontainers.image.ref.name=ubuntu, org.opencontainers.image.version=24.04)
2026-01-01T01:11:28.238853176Z network disconnect 05df5f4f6763471d87767c42c992b37639ee2b26ed5c62a915473238af69a44a (container=358feda85887013552253a5961c32731956c5fc168d7c72b83c84ad594223596, name=bridge, type=bridge)
2026-01-01T01:11:28.247721570Z container die 358feda85887013552253a5961c32731956c5fc168d7c72b83c84ad594223596 (execDuration=37, exitCode=1, image=588eccf33c02, name=frosty_volhard, org.opencontainers.image.ref.name=ubuntu, org.opencontainers.image.version=24.04)
2026-01-01T01:11:29.389214283Z network connect 05df5f4f6763471d87767c42c992b37639ee2b26ed5c62a915473238af69a44a (container=358feda85887013552253a5961c32731956c5fc168d7c72b83c84ad594223596, name=bridge, type=bridge)
2026-01-01T01:11:29.680993542Z container start 358feda85887013552253a5961c32731956c5fc168d7c72b83c84ad594223596 (image=588eccf33c02, name=frosty_volhard, org.opencontainers.image.ref.name=ubuntu, org.opencontainers.image.version=24.04)
2026-01-01T01:12:07.769460614Z network disconnect 05df5f4f6763471d87767c42c992b37639ee2b26ed5c62a915473238af69a44a (container=358feda85887013552253a5961c32731956c5fc168d7c72b83c84ad594223596, name=bridge, type=bridge)
2026-01-01T01:12:07.847052903Z container die 358feda85887013552253a5961c32731956c5fc168d7c72b83c84ad594223596 (execDuration=37, exitCode=1, image=588eccf33c02, name=frosty_volhard, org.opencontainers.image.ref.name=ubuntu, org.opencontainers.image.version=24.04)
2026-01-01T01:12:08.875651643Z network connect 05df5f4f6763471d87767c42c992b37639ee2b26ed5c62a915473238af69a44a (container=358feda85887013552253a5961c32731956c5fc168d7c72b83c84ad594223596, name=bridge, type=bridge)
2026-01-01T01:12:09.150469007Z container start 358feda85887013552253a5961c32731956c5fc168d7c72b83c84ad594223596 (image=588eccf33c02, name=frosty_volhard, org.opencontainers.image.ref.name=ubuntu, org.opencontainers.image.version=24.04)
2026-01-01T01:12:47.188799611Z network disconnect 05df5f4f6763471d87767c42c992b37639ee2b26ed5c62a915473238af69a44a (container=358feda85887013552253a5961c32731956c5fc168d7c72b83c84ad594223596, name=bridge, type=bridge)
2026-01-01T01:12:47.197332596Z container die 358feda85887013552253a5961c32731956c5fc168d7c72b83c84ad594223596 (execDuration=37, exitCode=1, image=588eccf33c02, name=frosty_volhard, org.opencontainers.image.ref.name=ubuntu, org.opencontainers.image.version=24.04)
2026-01-01T01:12:48.396413449Z network connect 05df5f4f6763471d87767c42c992b37639ee2b26ed5c62a915473238af69a44a (container=358feda85887013552253a5961c32731956c5fc168d7c72b83c84ad594223596, name=bridge, type=bridge)
2026-01-01T01:12:48.691619240Z container start 358feda85887013552253a5961c32731956c5fc168d7c72b83c84ad594223596 (image=588eccf33c02, name=frosty_volhard, org.opencontainers.image.ref.name=ubuntu, org.opencontainers.image.version=24.04)
2026-01-01T01:13:26.841267672Z network disconnect 05df5f4f6763471d87767c42c992b37639ee2b26ed5c62a915473238af69a44a (container=358feda85887013552253a5961c32731956c5fc168d7c72b83c84ad594223596, name=bridge, type=bridge)
2026-01-01T01:13:26.849631431Z container die 358feda85887013552253a5961c32731956c5fc168d7c72b83c84ad594223596 (execDuration=37, exitCode=1, image=588eccf33c02, name=frosty_volhard, org.opencontainers.image.ref.name=ubuntu, org.opencontainers.image.version=24.04)
2026-01-01T01:13:27.898231004Z network connect 05df5f4f6763471d87767c42c992b37639ee2b26ed5c62a915473238af69a44a (container=358feda85887013552253a5961c32731956c5fc168d7c72b83c84ad594223596, name=bridge, type=bridge)
2026-01-01T01:13:28.193985620Z container start 358feda85887013552253a5961c32731956c5fc168d7c72b83c84ad594223596 (image=588eccf33c02, name=frosty_volhard, org.opencontainers.image.ref.name=ubuntu, org.opencontainers.image.version=24.04)
2026-01-01T01:14:07.028537550Z network disconnect 05df5f4f6763471d87767c42c992b37639ee2b26ed5c62a915473238af69a44a (container=358feda85887013552253a5961c32731956c5fc168d7c72b83c84ad594223596, name=bridge, type=bridge)
2026-01-01T01:14:07.036189178Z container die 358feda85887013552253a5961c32731956c5fc168d7c72b83c84ad594223596 (execDuration=38, exitCode=1, image=588eccf33c02, name=frosty_volhard, org.opencontainers.image.ref.name=ubuntu, org.opencontainers.image.version=24.04)
2026-01-01T01:14:08.107361783Z network connect 05df5f4f6763471d87767c42c992b37639ee2b26ed5c62a915473238af69a44a (container=358feda85887013552253a5961c32731956c5fc168d7c72b83c84ad594223596, name=bridge, type=bridge)
2026-01-01T01:14:08.349294887Z container start 358feda85887013552253a5961c32731956c5fc168d7c72b83c84ad594223596 (image=588eccf33c02, name=frosty_volhard, org.opencontainers.image.ref.name=ubuntu, org.opencontainers.image.version=24.04)
2026-01-01T01:14:46.209179073Z network disconnect 05df5f4f6763471d87767c42c992b37639ee2b26ed5c62a915473238af69a44a (container=358feda85887013552253a5961c32731956c5fc168d7c72b83c84ad594223596, name=bridge, type=bridge)
2026-01-01T01:14:46.218432716Z container die 358feda85887013552253a5961c32731956c5fc168d7c72b83c84ad594223596 (execDuration=37, exitCode=1, image=588eccf33c02, name=frosty_volhard, org.opencontainers.image.ref.name=ubuntu, org.opencontainers.image.version=24.04)
2026-01-01T01:14:47.391917951Z network connect 05df5f4f6763471d87767c42c992b37639ee2b26ed5c62a915473238af69a44a (container=358feda85887013552253a5961c32731956c5fc168d7c72b83c84ad594223596, name=bridge, type=bridge)
2026-01-01T01:14:47.691809540Z container start 358feda85887013552253a5961c32731956c5fc168d7c72b83c84ad594223596 (image=588eccf33c02, name=frosty_volhard, org.opencontainers.image.ref.name=ubuntu, org.opencontainers.image.version=24.04)
2026-01-01T01:15:25.478818126Z network disconnect 05df5f4f6763471d87767c42c992b37639ee2b26ed5c62a915473238af69a44a (container=358feda85887013552253a5961c32731956c5fc168d7c72b83c84ad594223596, name=bridge, type=bridge)
2026-01-01T01:15:25.487503202Z container die 358feda85887013552253a5961c32731956c5fc168d7c72b83c84ad594223596 (execDuration=37, exitCode=1, image=588eccf33c02, name=frosty_volhard, org.opencontainers.image.ref.name=ubuntu, org.opencontainers.image.version=24.04)
2026-01-01T01:15:26.661138824Z network connect 05df5f4f6763471d87767c42c992b37639ee2b26ed5c62a915473238af69a44a (container=358feda85887013552253a5961c32731956c5fc168d7c72b83c84ad594223596, name=bridge, type=bridge)
2026-01-01T01:15:26.962454843Z container start 358feda85887013552253a5961c32731956c5fc168d7c72b83c84ad594223596 (image=588eccf33c02, name=frosty_volhard, org.opencontainers.image.ref.name=ubuntu, org.opencontainers.image.version=24.04)
2026-01-01T01:16:04.100763443Z network disconnect 05df5f4f6763471d87767c42c992b37639ee2b26ed5c62a915473238af69a44a (container=358feda85887013552253a5961c32731956c5fc168d7c72b83c84ad594223596, name=bridge, type=bridge)
2026-01-01T01:16:04.110485102Z container die 358feda85887013552253a5961c32731956c5fc168d7c72b83c84ad594223596 (execDuration=36, exitCode=1, image=588eccf33c02, name=frosty_volhard, org.opencontainers.image.ref.name=ubuntu, org.opencontainers.image.version=24.04)
2026-01-01T01:16:05.171844502Z network connect 05df5f4f6763471d87767c42c992b37639ee2b26ed5c62a915473238af69a44a (container=358feda85887013552253a5961c32731956c5fc168d7c72b83c84ad594223596, name=bridge, type=bridge)
2026-01-01T01:16:05.449927476Z container start 358feda85887013552253a5961c32731956c5fc168d7c72b83c84ad594223596 (image=588eccf33c02, name=frosty_volhard, org.opencontainers.image.ref.name=ubuntu, org.opencontainers.image.version=24.04)
2026-01-01T01:16:43.438878882Z network disconnect 05df5f4f6763471d87767c42c992b37639ee2b26ed5c62a915473238af69a44a (container=358feda85887013552253a5961c32731956c5fc168d7c72b83c84ad594223596, name=bridge, type=bridge)
2026-01-01T01:16:43.447555702Z container die 358feda85887013552253a5961c32731956c5fc168d7c72b83c84ad594223596 (execDuration=37, exitCode=1, image=588eccf33c02, name=frosty_volhard, org.opencontainers.image.ref.name=ubuntu, org.opencontainers.image.version=24.04)
2026-01-01T01:16:44.619359239Z network connect 05df5f4f6763471d87767c42c992b37639ee2b26ed5c62a915473238af69a44a (container=358feda85887013552253a5961c32731956c5fc168d7c72b83c84ad594223596, name=bridge, type=bridge)
2026-01-01T01:16:44.952420591Z container start 358feda85887013552253a5961c32731956c5fc168d7c72b83c84ad594223596 (image=588eccf33c02, name=frosty_volhard, org.opencontainers.image.ref.name=ubuntu, org.opencontainers.image.version=24.04)
2026-01-01T01:17:22.999188478Z network disconnect 05df5f4f6763471d87767c42c992b37639ee2b26ed5c62a915473238af69a44a (container=358feda85887013552253a5961c32731956c5fc168d7c72b83c84ad594223596, name=bridge, type=bridge)
2026-01-01T01:17:23.008755920Z container die 358feda85887013552253a5961c32731956c5fc168d7c72b83c84ad594223596 (execDuration=37, exitCode=1, image=588eccf33c02, name=frosty_volhard, org.opencontainers.image.ref.name=ubuntu, org.opencontainers.image.version=24.04)
2026-01-01T01:17:24.133118486Z network connect 05df5f4f6763471d87767c42c992b37639ee2b26ed5c62a915473238af69a44a (container=358feda85887013552253a5961c32731956c5fc168d7c72b83c84ad594223596, name=bridge, type=bridge)
2026-01-01T01:17:24.490589613Z container start 358feda85887013552253a5961c32731956c5fc168d7c72b83c84ad594223596 (image=588eccf33c02, name=frosty_volhard, org.opencontainers.image.ref.name=ubuntu, org.opencontainers.image.version=24.04)
2026-01-01T01:18:02.748901124Z network disconnect 05df5f4f6763471d87767c42c992b37639ee2b26ed5c62a915473238af69a44a (container=358feda85887013552253a5961c32731956c5fc168d7c72b83c84ad594223596, name=bridge, type=bridge)
2026-01-01T01:18:02.756519874Z container die 358feda85887013552253a5961c32731956c5fc168d7c72b83c84ad594223596 (execDuration=38, exitCode=1, image=588eccf33c02, name=frosty_volhard, org.opencontainers.image.ref.name=ubuntu, org.opencontainers.image.version=24.04)
2026-01-01T01:18:03.896973580Z network connect 05df5f4f6763471d87767c42c992b37639ee2b26ed5c62a915473238af69a44a (container=358feda85887013552253a5961c32731956c5fc168d7c72b83c84ad594223596, name=bridge, type=bridge)
2026-01-01T01:18:04.192253755Z container start 358feda85887013552253a5961c32731956c5fc168d7c72b83c84ad594223596 (image=588eccf33c02, name=frosty_volhard, org.opencontainers.image.ref.name=ubuntu, org.opencontainers.image.version=24.04)
2026-01-01T01:18:42.248737711Z network disconnect 05df5f4f6763471d87767c42c992b37639ee2b26ed5c62a915473238af69a44a (container=358feda85887013552253a5961c32731956c5fc168d7c72b83c84ad594223596, name=bridge, type=bridge)
2026-01-01T01:18:42.297169617Z container die 358feda85887013552253a5961c32731956c5fc168d7c72b83c84ad594223596 (execDuration=37, exitCode=1, image=588eccf33c02, name=frosty_volhard, org.opencontainers.image.ref.name=ubuntu, org.opencontainers.image.version=24.04)
2026-01-01T01:18:43.426687095Z network connect 05df5f4f6763471d87767c42c992b37639ee2b26ed5c62a915473238af69a44a (container=358feda85887013552253a5961c32731956c5fc168d7c72b83c84ad594223596, name=bridge, type=bridge)
2026-01-01T01:18:43.720213893Z container start 358feda85887013552253a5961c32731956c5fc168d7c72b83c84ad594223596 (image=588eccf33c02, name=frosty_volhard, org.opencontainers.image.ref.name=ubuntu, org.opencontainers.image.version=24.04)
2026-01-01T01:19:21.438865345Z network disconnect 05df5f4f6763471d87767c42c992b37639ee2b26ed5c62a915473238af69a44a (container=358feda85887013552253a5961c32731956c5fc168d7c72b83c84ad594223596, name=bridge, type=bridge)
2026-01-01T01:19:21.487327774Z container die 358feda85887013552253a5961c32731956c5fc168d7c72b83c84ad594223596 (execDuration=37, exitCode=1, image=588eccf33c02, name=frosty_volhard, org.opencontainers.image.ref.name=ubuntu, org.opencontainers.image.version=24.04)
2026-01-01T01:19:22.616947425Z network connect 05df5f4f6763471d87767c42c992b37639ee2b26ed5c62a915473238af69a44a (container=358feda85887013552253a5961c32731956c5fc168d7c72b83c84ad594223596, name=bridge, type=bridge)
2026-01-01T01:19:22.880104806Z container start 358feda85887013552253a5961c32731956c5fc168d7c72b83c84ad594223596 (image=588eccf33c02, name=frosty_volhard, org.opencontainers.image.ref.name=ubuntu, org.opencontainers.image.version=24.04)
2026-01-01T01:20:00.649452637Z network disconnect 05df5f4f6763471d87767c42c992b37639ee2b26ed5c62a915473238af69a44a (container=358feda85887013552253a5961c32731956c5fc168d7c72b83c84ad594223596, name=bridge, type=bridge)
2026-01-01T01:20:00.659091262Z container die 358feda85887013552253a5961c32731956c5fc168d7c72b83c84ad594223596 (execDuration=37, exitCode=1, image=588eccf33c02, name=frosty_volhard, org.opencontainers.image.ref.name=ubuntu, org.opencontainers.image.version=24.04)
2026-01-01T01:20:02.292497339Z network connect 05df5f4f6763471d87767c42c992b37639ee2b26ed5c62a915473238af69a44a (container=358feda85887013552253a5961c32731956c5fc168d7c72b83c84ad594223596, name=bridge, type=bridge)
2026-01-01T01:20:02.623542971Z container start 358feda85887013552253a5961c32731956c5fc168d7c72b83c84ad594223596 (image=588eccf33c02, name=frosty_volhard, org.opencontainers.image.ref.name=ubuntu, org.opencontainers.image.version=24.04)
2026-01-01T01:20:40.679638034Z network disconnect 05df5f4f6763471d87767c42c992b37639ee2b26ed5c62a915473238af69a44a (container=358feda85887013552253a5961c32731956c5fc168d7c72b83c84ad594223596, name=bridge, type=bridge)
2026-01-01T01:20:40.688614770Z container die 358feda85887013552253a5961c32731956c5fc168d7c72b83c84ad594223596 (execDuration=37, exitCode=1, image=588eccf33c02, name=frosty_volhard, org.opencontainers.image.ref.name=ubuntu, org.opencontainers.image.version=24.04)
2026-01-01T01:20:41.855570061Z network connect 05df5f4f6763471d87767c42c992b37639ee2b26ed5c62a915473238af69a44a (container=358feda85887013552253a5961c32731956c5fc168d7c72b83c84ad594223596, name=bridge, type=bridge)
2026-01-01T01:20:42.151451381Z container start 358feda85887013552253a5961c32731956c5fc168d7c72b83c84ad594223596 (image=588eccf33c02, name=frosty_volhard, org.opencontainers.image.ref.name=ubuntu, org.opencontainers.image.version=24.04)
2026-01-01T01:21:20.139154963Z network disconnect 05df5f4f6763471d87767c42c992b37639ee2b26ed5c62a915473238af69a44a (container=358feda85887013552253a5961c32731956c5fc168d7c72b83c84ad594223596, name=bridge, type=bridge)
2026-01-01T01:21:20.147591368Z container die 358feda85887013552253a5961c32731956c5fc168d7c72b83c84ad594223596 (execDuration=37, exitCode=1, image=588eccf33c02, name=frosty_volhard, org.opencontainers.image.ref.name=ubuntu, org.opencontainers.image.version=24.04)
2026-01-01T01:21:21.140792305Z network connect 05df5f4f6763471d87767c42c992b37639ee2b26ed5c62a915473238af69a44a (container=358feda85887013552253a5961c32731956c5fc168d7c72b83c84ad594223596, name=bridge, type=bridge)
2026-01-01T01:21:21.456257415Z container start 358feda85887013552253a5961c32731956c5fc168d7c72b83c84ad594223596 (image=588eccf33c02, name=frosty_volhard, org.opencontainers.image.ref.name=ubuntu, org.opencontainers.image.version=24.04)
2026-01-01T01:21:59.458985762Z network disconnect 05df5f4f6763471d87767c42c992b37639ee2b26ed5c62a915473238af69a44a (container=358feda85887013552253a5961c32731956c5fc168d7c72b83c84ad594223596, name=bridge, type=bridge)
2026-01-01T01:21:59.467497834Z container die 358feda85887013552253a5961c32731956c5fc168d7c72b83c84ad594223596 (execDuration=37, exitCode=1, image=588eccf33c02, name=frosty_volhard, org.opencontainers.image.ref.name=ubuntu, org.opencontainers.image.version=24.04)
2026-01-01T01:22:00.698425751Z network connect 05df5f4f6763471d87767c42c992b37639ee2b26ed5c62a915473238af69a44a (container=358feda85887013552253a5961c32731956c5fc168d7c72b83c84ad594223596, name=bridge, type=bridge)
2026-01-01T01:22:00.982290688Z container start 358feda85887013552253a5961c32731956c5fc168d7c72b83c84ad594223596 (image=588eccf33c02, name=frosty_volhard, org.opencontainers.image.ref.name=ubuntu, org.opencontainers.image.version=24.04)
2026-01-01T01:22:39.170883384Z network disconnect 05df5f4f6763471d87767c42c992b37639ee2b26ed5c62a915473238af69a44a (container=358feda85887013552253a5961c32731956c5fc168d7c72b83c84ad594223596, name=bridge, type=bridge)
2026-01-01T01:22:39.182900574Z container die 358feda85887013552253a5961c32731956c5fc168d7c72b83c84ad594223596 (execDuration=38, exitCode=1, image=588eccf33c02, name=frosty_volhard, org.opencontainers.image.ref.name=ubuntu, org.opencontainers.image.version=24.04)
2026-01-01T01:22:40.367227355Z network connect 05df5f4f6763471d87767c42c992b37639ee2b26ed5c62a915473238af69a44a (container=358feda85887013552253a5961c32731956c5fc168d7c72b83c84ad594223596, name=bridge, type=bridge)
2026-01-01T01:22:40.674304593Z container start 358feda85887013552253a5961c32731956c5fc168d7c72b83c84ad594223596 (image=588eccf33c02, name=frosty_volhard, org.opencontainers.image.ref.name=ubuntu, org.opencontainers.image.version=24.04)
