2026/01/01 00:36:28.625885 [INFO] Loading Manifest...
2026/01/01 00:36:28.645835 [INFO] Running command: /opt/aws/bin/cfn-get-metadata -s arn:aws:cloudformation:us-east-1:188701360622:stack/awseb-e-ibwb4kyapk-stack/25f4ff40-e6a9-11f0-a99f-0affd9bc13ff -r AWSEBAutoScalingGroup --region us-east-1
2026/01/01 00:36:28.997724 [INFO] Running command: /opt/aws/bin/cfn-get-metadata -s arn:aws:cloudformation:us-east-1:188701360622:stack/awseb-e-ibwb4kyapk-stack/25f4ff40-e6a9-11f0-a99f-0affd9bc13ff -r AWSEBBeanstalkMetadata --region us-east-1
2026/01/01 00:36:29.350476 [INFO] Checking if docker is running...
2026/01/01 00:36:29.350577 [INFO] Fetch current app container id...
2026/01/01 00:36:29.350615 [INFO] Running command: docker ps | grep 25ec71eb124b
2026/01/01 00:36:29.372761 [INFO] Starting container 25ec71eb124b
2026/01/01 00:36:29.372791 [INFO] Running command: docker start  25ec71eb124b
2026/01/01 00:36:29.855011 [INFO] 25ec71eb124b

2026/01/01 00:36:29.855711 [INFO] Clear existing beanstalk iptables rules...
2026/01/01 00:36:29.855725 [INFO] Running command: iptables-save | grep -v added_by_elasticbeanstalk | iptables-restore
2026/01/01 00:36:29.942571 [INFO] Getting container info...
2026/01/01 00:36:29.942598 [INFO] Running command: docker inspect 25ec71eb124b
2026/01/01 00:36:29.961539 [INFO] Running command: ip route show default | awk '{print $5}'
2026/01/01 00:36:29.968513 [INFO] ens5

2026/01/01 00:36:29.968544 [INFO] Writing nginx upstream config...
2026/01/01 00:36:29.971093 [INFO] Running command: systemctl show -p PartOf nginx.service
2026/01/01 00:36:29.984643 [WARN] process nginx is already registered, skip registering again...
2026/01/01 00:36:29.984670 [INFO] Running command: systemctl show -p PartOf nginx.service
2026/01/01 00:36:29.994767 [INFO] Running command: systemctl restart nginx.service
2026/01/01 00:36:30.313139 [INFO] Running command: service iptables save
2026/01/01 00:36:30.415518 [INFO] iptables: Saving firewall rules to /etc/sysconfig/iptables: [  OK  ]

2026/01/01 00:36:30.415544 [INFO] Traffic forward set-up completed.
2026/01/01 00:36:30.415559 [INFO] Running command: docker wait  25ec71eb124b
2026/01/01 00:36:36.787884 [INFO] 1

2026/01/01 00:36:37.171463 [INFO] Loading Manifest...
2026/01/01 00:36:37.185272 [INFO] Running command: /opt/aws/bin/cfn-get-metadata -s arn:aws:cloudformation:us-east-1:188701360622:stack/awseb-e-ibwb4kyapk-stack/25f4ff40-e6a9-11f0-a99f-0affd9bc13ff -r AWSEBAutoScalingGroup --region us-east-1
2026/01/01 00:36:37.549517 [INFO] Running command: /opt/aws/bin/cfn-get-metadata -s arn:aws:cloudformation:us-east-1:188701360622:stack/awseb-e-ibwb4kyapk-stack/25f4ff40-e6a9-11f0-a99f-0affd9bc13ff -r AWSEBBeanstalkMetadata --region us-east-1
2026/01/01 00:36:37.839209 [INFO] Checking if docker is running...
2026/01/01 00:36:37.839275 [INFO] Fetch current app container id...
2026/01/01 00:36:37.839299 [INFO] Running command: docker ps | grep 25ec71eb124b
2026/01/01 00:36:37.854242 [INFO] Starting container 25ec71eb124b
2026/01/01 00:36:37.854268 [INFO] Running command: docker start  25ec71eb124b
2026/01/01 00:36:38.235669 [INFO] 25ec71eb124b

2026/01/01 00:36:38.235759 [INFO] Clear existing beanstalk iptables rules...
2026/01/01 00:36:38.235769 [INFO] Running command: iptables-save | grep -v added_by_elasticbeanstalk | iptables-restore
2026/01/01 00:36:38.282621 [INFO] Getting container info...
2026/01/01 00:36:38.282648 [INFO] Running command: docker inspect 25ec71eb124b
2026/01/01 00:36:38.300904 [INFO] Running command: ip route show default | awk '{print $5}'
2026/01/01 00:36:38.315427 [INFO] ens5

2026/01/01 00:36:38.315458 [INFO] Writing nginx upstream config...
2026/01/01 00:36:38.317824 [INFO] Running command: systemctl show -p PartOf nginx.service
2026/01/01 00:36:38.328549 [WARN] process nginx is already registered, skip registering again...
2026/01/01 00:36:38.328579 [INFO] Running command: systemctl show -p PartOf nginx.service
2026/01/01 00:36:38.338402 [INFO] Running command: systemctl restart nginx.service
2026/01/01 00:36:38.584742 [INFO] Running command: service iptables save
2026/01/01 00:36:38.671338 [INFO] iptables: Saving firewall rules to /etc/sysconfig/iptables: [  OK  ]

2026/01/01 00:36:38.671358 [INFO] Traffic forward set-up completed.
2026/01/01 00:36:38.671369 [INFO] Running command: docker wait  25ec71eb124b
2026/01/01 00:36:44.484595 [INFO] 1

2026/01/01 00:36:44.918054 [INFO] Loading Manifest...
2026/01/01 00:36:44.930479 [INFO] Running command: /opt/aws/bin/cfn-get-metadata -s arn:aws:cloudformation:us-east-1:188701360622:stack/awseb-e-ibwb4kyapk-stack/25f4ff40-e6a9-11f0-a99f-0affd9bc13ff -r AWSEBAutoScalingGroup --region us-east-1
2026/01/01 00:36:45.285857 [INFO] Running command: /opt/aws/bin/cfn-get-metadata -s arn:aws:cloudformation:us-east-1:188701360622:stack/awseb-e-ibwb4kyapk-stack/25f4ff40-e6a9-11f0-a99f-0affd9bc13ff -r AWSEBBeanstalkMetadata --region us-east-1
2026/01/01 00:36:45.576604 [INFO] Checking if docker is running...
2026/01/01 00:36:45.576623 [INFO] Fetch current app container id...
2026/01/01 00:36:45.576645 [INFO] Running command: docker ps | grep 25ec71eb124b
2026/01/01 00:36:45.592040 [INFO] Starting container 25ec71eb124b
2026/01/01 00:36:45.592069 [INFO] Running command: docker start  25ec71eb124b
2026/01/01 00:36:45.961319 [INFO] 25ec71eb124b

2026/01/01 00:36:45.961414 [INFO] Clear existing beanstalk iptables rules...
2026/01/01 00:36:45.961425 [INFO] Running command: iptables-save | grep -v added_by_elasticbeanstalk | iptables-restore
2026/01/01 00:36:46.032508 [INFO] Getting container info...
2026/01/01 00:36:46.032537 [INFO] Running command: docker inspect 25ec71eb124b
2026/01/01 00:36:46.050442 [INFO] Running command: ip route show default | awk '{print $5}'
2026/01/01 00:36:46.058895 [INFO] ens5

2026/01/01 00:36:46.058927 [INFO] Writing nginx upstream config...
2026/01/01 00:36:46.065931 [INFO] Running command: systemctl show -p PartOf nginx.service
2026/01/01 00:36:46.076257 [WARN] process nginx is already registered, skip registering again...
2026/01/01 00:36:46.076285 [INFO] Running command: systemctl show -p PartOf nginx.service
2026/01/01 00:36:46.086975 [INFO] Running command: systemctl restart nginx.service
2026/01/01 00:36:46.389665 [INFO] Running command: service iptables save
2026/01/01 00:36:46.460275 [INFO] iptables: Saving firewall rules to /etc/sysconfig/iptables: [  OK  ]

2026/01/01 00:36:46.460295 [INFO] Traffic forward set-up completed.
2026/01/01 00:36:46.460305 [INFO] Running command: docker wait  25ec71eb124b
2026/01/01 00:36:51.723700 [INFO] 1

2026/01/01 00:36:52.179118 [INFO] Loading Manifest...
2026/01/01 00:36:52.197198 [INFO] Running command: /opt/aws/bin/cfn-get-metadata -s arn:aws:cloudformation:us-east-1:188701360622:stack/awseb-e-ibwb4kyapk-stack/25f4ff40-e6a9-11f0-a99f-0affd9bc13ff -r AWSEBAutoScalingGroup --region us-east-1
2026/01/01 00:36:52.538505 [INFO] Running command: /opt/aws/bin/cfn-get-metadata -s arn:aws:cloudformation:us-east-1:188701360622:stack/awseb-e-ibwb4kyapk-stack/25f4ff40-e6a9-11f0-a99f-0affd9bc13ff -r AWSEBBeanstalkMetadata --region us-east-1
2026/01/01 00:36:52.832592 [INFO] Checking if docker is running...
2026/01/01 00:36:52.832660 [INFO] Fetch current app container id...
2026/01/01 00:36:52.832681 [INFO] Running command: docker ps | grep 25ec71eb124b
2026/01/01 00:36:52.849290 [INFO] Starting container 25ec71eb124b
2026/01/01 00:36:52.849316 [INFO] Running command: docker start  25ec71eb124b
2026/01/01 00:36:53.183200 [INFO] 25ec71eb124b

2026/01/01 00:36:53.183294 [INFO] Clear existing beanstalk iptables rules...
2026/01/01 00:36:53.183304 [INFO] Running command: iptables-save | grep -v added_by_elasticbeanstalk | iptables-restore
2026/01/01 00:36:53.282771 [INFO] Getting container info...
2026/01/01 00:36:53.282808 [INFO] Running command: docker inspect 25ec71eb124b
2026/01/01 00:36:53.317349 [INFO] Running command: ip route show default | awk '{print $5}'
2026/01/01 00:36:53.325174 [INFO] ens5

2026/01/01 00:36:53.325207 [INFO] Writing nginx upstream config...
2026/01/01 00:36:53.327471 [INFO] Running command: systemctl show -p PartOf nginx.service
2026/01/01 00:36:53.346432 [WARN] process nginx is already registered, skip registering again...
2026/01/01 00:36:53.346477 [INFO] Running command: systemctl show -p PartOf nginx.service
2026/01/01 00:36:53.361851 [INFO] Running command: systemctl restart nginx.service
2026/01/01 00:36:53.710897 [INFO] Running command: service iptables save
2026/01/01 00:36:53.793749 [INFO] iptables: Saving firewall rules to /etc/sysconfig/iptables: [  OK  ]

2026/01/01 00:36:53.793773 [INFO] Traffic forward set-up completed.
2026/01/01 00:36:53.793786 [INFO] Running command: docker wait  25ec71eb124b
2026/01/01 00:36:59.549542 [INFO] 1

2026/01/01 00:36:59.918024 [INFO] Loading Manifest...
2026/01/01 00:36:59.924589 [INFO] Running command: /opt/aws/bin/cfn-get-metadata -s arn:aws:cloudformation:us-east-1:188701360622:stack/awseb-e-ibwb4kyapk-stack/25f4ff40-e6a9-11f0-a99f-0affd9bc13ff -r AWSEBAutoScalingGroup --region us-east-1
2026/01/01 00:37:00.348400 [INFO] Running command: /opt/aws/bin/cfn-get-metadata -s arn:aws:cloudformation:us-east-1:188701360622:stack/awseb-e-ibwb4kyapk-stack/25f4ff40-e6a9-11f0-a99f-0affd9bc13ff -r AWSEBBeanstalkMetadata --region us-east-1
2026/01/01 00:37:00.648234 [INFO] Checking if docker is running...
2026/01/01 00:37:00.648297 [INFO] Fetch current app container id...
2026/01/01 00:37:00.648324 [INFO] Running command: docker ps | grep 25ec71eb124b
2026/01/01 00:37:00.663606 [INFO] Starting container 25ec71eb124b
2026/01/01 00:37:00.663634 [INFO] Running command: docker start  25ec71eb124b
2026/01/01 00:37:00.998665 [INFO] 25ec71eb124b

2026/01/01 00:37:00.998837 [INFO] Clear existing beanstalk iptables rules...
2026/01/01 00:37:00.998853 [INFO] Running command: iptables-save | grep -v added_by_elasticbeanstalk | iptables-restore
2026/01/01 00:37:01.082782 [INFO] Getting container info...
2026/01/01 00:37:01.082817 [INFO] Running command: docker inspect 25ec71eb124b
2026/01/01 00:37:01.103335 [INFO] Running command: ip route show default | awk '{print $5}'
2026/01/01 00:37:01.112298 [INFO] ens5

2026/01/01 00:37:01.112337 [INFO] Writing nginx upstream config...
2026/01/01 00:37:01.115572 [INFO] Running command: systemctl show -p PartOf nginx.service
2026/01/01 00:37:01.130696 [WARN] process nginx is already registered, skip registering again...
2026/01/01 00:37:01.130733 [INFO] Running command: systemctl show -p PartOf nginx.service
2026/01/01 00:37:01.146312 [INFO] Running command: systemctl restart nginx.service
2026/01/01 00:37:01.507713 [INFO] Running command: service iptables save
2026/01/01 00:37:01.604251 [INFO] iptables: Saving firewall rules to /etc/sysconfig/iptables: [  OK  ]

2026/01/01 00:37:01.604289 [INFO] Traffic forward set-up completed.
2026/01/01 00:37:01.604301 [INFO] Running command: docker wait  25ec71eb124b
2026/01/01 00:37:07.305035 [INFO] 1

2026/01/01 00:37:07.671812 [INFO] Loading Manifest...
2026/01/01 00:37:07.678982 [INFO] Running command: /opt/aws/bin/cfn-get-metadata -s arn:aws:cloudformation:us-east-1:188701360622:stack/awseb-e-ibwb4kyapk-stack/25f4ff40-e6a9-11f0-a99f-0affd9bc13ff -r AWSEBAutoScalingGroup --region us-east-1
2026/01/01 00:37:08.024360 [INFO] Running command: /opt/aws/bin/cfn-get-metadata -s arn:aws:cloudformation:us-east-1:188701360622:stack/awseb-e-ibwb4kyapk-stack/25f4ff40-e6a9-11f0-a99f-0affd9bc13ff -r AWSEBBeanstalkMetadata --region us-east-1
2026/01/01 00:37:08.328561 [INFO] Checking if docker is running...
2026/01/01 00:37:08.328625 [INFO] Fetch current app container id...
2026/01/01 00:37:08.328654 [INFO] Running command: docker ps | grep 25ec71eb124b
2026/01/01 00:37:08.345976 [INFO] Starting container 25ec71eb124b
2026/01/01 00:37:08.346007 [INFO] Running command: docker start  25ec71eb124b
2026/01/01 00:37:08.703195 [INFO] 25ec71eb124b

2026/01/01 00:37:08.703299 [INFO] Clear existing beanstalk iptables rules...
2026/01/01 00:37:08.703312 [INFO] Running command: iptables-save | grep -v added_by_elasticbeanstalk | iptables-restore
2026/01/01 00:37:08.802556 [INFO] Getting container info...
2026/01/01 00:37:08.802585 [INFO] Running command: docker inspect 25ec71eb124b
2026/01/01 00:37:08.823109 [INFO] Running command: ip route show default | awk '{print $5}'
2026/01/01 00:37:08.832803 [INFO] ens5

2026/01/01 00:37:08.832834 [INFO] Writing nginx upstream config...
2026/01/01 00:37:08.835265 [INFO] Running command: systemctl show -p PartOf nginx.service
2026/01/01 00:37:08.849901 [WARN] process nginx is already registered, skip registering again...
2026/01/01 00:37:08.849932 [INFO] Running command: systemctl show -p PartOf nginx.service
2026/01/01 00:37:08.859302 [INFO] Running command: systemctl restart nginx.service
2026/01/01 00:37:09.175311 [INFO] Running command: service iptables save
2026/01/01 00:37:09.272996 [INFO] iptables: Saving firewall rules to /etc/sysconfig/iptables: [  OK  ]

2026/01/01 00:37:09.273021 [INFO] Traffic forward set-up completed.
2026/01/01 00:37:09.273035 [INFO] Running command: docker wait  25ec71eb124b
2026/01/01 00:37:14.993330 [INFO] 1

2026/01/01 00:37:15.417623 [INFO] Loading Manifest...
2026/01/01 00:37:15.430845 [INFO] Running command: /opt/aws/bin/cfn-get-metadata -s arn:aws:cloudformation:us-east-1:188701360622:stack/awseb-e-ibwb4kyapk-stack/25f4ff40-e6a9-11f0-a99f-0affd9bc13ff -r AWSEBAutoScalingGroup --region us-east-1
2026/01/01 00:37:15.739281 [INFO] Running command: /opt/aws/bin/cfn-get-metadata -s arn:aws:cloudformation:us-east-1:188701360622:stack/awseb-e-ibwb4kyapk-stack/25f4ff40-e6a9-11f0-a99f-0affd9bc13ff -r AWSEBBeanstalkMetadata --region us-east-1
2026/01/01 00:37:16.051125 [INFO] Checking if docker is running...
2026/01/01 00:37:16.051152 [INFO] Fetch current app container id...
2026/01/01 00:37:16.051175 [INFO] Running command: docker ps | grep 25ec71eb124b
2026/01/01 00:37:16.068123 [INFO] Starting container 25ec71eb124b
2026/01/01 00:37:16.068151 [INFO] Running command: docker start  25ec71eb124b
2026/01/01 00:37:16.413104 [INFO] 25ec71eb124b

2026/01/01 00:37:16.413220 [INFO] Clear existing beanstalk iptables rules...
2026/01/01 00:37:16.413236 [INFO] Running command: iptables-save | grep -v added_by_elasticbeanstalk | iptables-restore
2026/01/01 00:37:16.462832 [INFO] Getting container info...
2026/01/01 00:37:16.462868 [INFO] Running command: docker inspect 25ec71eb124b
2026/01/01 00:37:16.491511 [INFO] Running command: ip route show default | awk '{print $5}'
2026/01/01 00:37:16.497489 [INFO] ens5

2026/01/01 00:37:16.497541 [INFO] Writing nginx upstream config...
2026/01/01 00:37:16.504639 [INFO] Running command: systemctl show -p PartOf nginx.service
2026/01/01 00:37:16.518589 [WARN] process nginx is already registered, skip registering again...
2026/01/01 00:37:16.518640 [INFO] Running command: systemctl show -p PartOf nginx.service
2026/01/01 00:37:16.535883 [INFO] Running command: systemctl restart nginx.service
2026/01/01 00:37:16.810161 [INFO] Running command: service iptables save
2026/01/01 00:37:16.878959 [INFO] iptables: Saving firewall rules to /etc/sysconfig/iptables: [  OK  ]

2026/01/01 00:37:16.878984 [INFO] Traffic forward set-up completed.
2026/01/01 00:37:16.878998 [INFO] Running command: docker wait  25ec71eb124b
2026/01/01 00:37:22.614144 [INFO] 1

2026/01/01 00:37:22.919427 [INFO] Loading Manifest...
2026/01/01 00:37:22.926959 [INFO] Running command: /opt/aws/bin/cfn-get-metadata -s arn:aws:cloudformation:us-east-1:188701360622:stack/awseb-e-ibwb4kyapk-stack/25f4ff40-e6a9-11f0-a99f-0affd9bc13ff -r AWSEBAutoScalingGroup --region us-east-1
2026/01/01 00:37:23.245331 [INFO] Running command: /opt/aws/bin/cfn-get-metadata -s arn:aws:cloudformation:us-east-1:188701360622:stack/awseb-e-ibwb4kyapk-stack/25f4ff40-e6a9-11f0-a99f-0affd9bc13ff -r AWSEBBeanstalkMetadata --region us-east-1
2026/01/01 00:37:23.546352 [INFO] Checking if docker is running...
2026/01/01 00:37:23.546431 [INFO] Fetch current app container id...
2026/01/01 00:37:23.546462 [INFO] Running command: docker ps | grep 25ec71eb124b
2026/01/01 00:37:23.562219 [INFO] Starting container 25ec71eb124b
2026/01/01 00:37:23.562251 [INFO] Running command: docker start  25ec71eb124b
2026/01/01 00:37:23.937834 [INFO] 25ec71eb124b

2026/01/01 00:37:23.937946 [INFO] Clear existing beanstalk iptables rules...
2026/01/01 00:37:23.937969 [INFO] Running command: iptables-save | grep -v added_by_elasticbeanstalk | iptables-restore
2026/01/01 00:37:24.032568 [INFO] Getting container info...
2026/01/01 00:37:24.032608 [INFO] Running command: docker inspect 25ec71eb124b
2026/01/01 00:37:24.056511 [INFO] Running command: ip route show default | awk '{print $5}'
2026/01/01 00:37:24.064125 [INFO] ens5

2026/01/01 00:37:24.064316 [INFO] Writing nginx upstream config...
2026/01/01 00:37:24.066847 [INFO] Running command: systemctl show -p PartOf nginx.service
2026/01/01 00:37:24.081858 [WARN] process nginx is already registered, skip registering again...
2026/01/01 00:37:24.081963 [INFO] Running command: systemctl show -p PartOf nginx.service
2026/01/01 00:37:24.096330 [INFO] Running command: systemctl restart nginx.service
2026/01/01 00:37:24.393908 [INFO] Running command: service iptables save
2026/01/01 00:37:24.491393 [INFO] iptables: Saving firewall rules to /etc/sysconfig/iptables: [  OK  ]

2026/01/01 00:37:24.491418 [INFO] Traffic forward set-up completed.
2026/01/01 00:37:24.491430 [INFO] Running command: docker wait  25ec71eb124b
2026/01/01 00:37:30.276697 [INFO] 1

2026/01/01 00:37:30.672265 [INFO] Loading Manifest...
2026/01/01 00:37:30.680198 [INFO] Running command: /opt/aws/bin/cfn-get-metadata -s arn:aws:cloudformation:us-east-1:188701360622:stack/awseb-e-ibwb4kyapk-stack/25f4ff40-e6a9-11f0-a99f-0affd9bc13ff -r AWSEBAutoScalingGroup --region us-east-1
2026/01/01 00:37:31.025455 [INFO] Running command: /opt/aws/bin/cfn-get-metadata -s arn:aws:cloudformation:us-east-1:188701360622:stack/awseb-e-ibwb4kyapk-stack/25f4ff40-e6a9-11f0-a99f-0affd9bc13ff -r AWSEBBeanstalkMetadata --region us-east-1
2026/01/01 00:37:31.335374 [INFO] Checking if docker is running...
2026/01/01 00:37:31.335451 [INFO] Fetch current app container id...
2026/01/01 00:37:31.335480 [INFO] Running command: docker ps | grep 25ec71eb124b
2026/01/01 00:37:31.351258 [INFO] Starting container 25ec71eb124b
2026/01/01 00:37:31.351283 [INFO] Running command: docker start  25ec71eb124b
2026/01/01 00:37:31.673964 [INFO] 25ec71eb124b

2026/01/01 00:37:31.674056 [INFO] Clear existing beanstalk iptables rules...
2026/01/01 00:37:31.674069 [INFO] Running command: iptables-save | grep -v added_by_elasticbeanstalk | iptables-restore
2026/01/01 00:37:31.752571 [INFO] Getting container info...
2026/01/01 00:37:31.752600 [INFO] Running command: docker inspect 25ec71eb124b
2026/01/01 00:37:31.768349 [INFO] Running command: ip route show default | awk '{print $5}'
2026/01/01 00:37:31.776807 [INFO] ens5

2026/01/01 00:37:31.776837 [INFO] Writing nginx upstream config...
2026/01/01 00:37:31.779158 [INFO] Running command: systemctl show -p PartOf nginx.service
2026/01/01 00:37:31.790254 [WARN] process nginx is already registered, skip registering again...
2026/01/01 00:37:31.790295 [INFO] Running command: systemctl show -p PartOf nginx.service
2026/01/01 00:37:31.806970 [INFO] Running command: systemctl restart nginx.service
2026/01/01 00:37:32.184509 [INFO] Running command: service iptables save
2026/01/01 00:37:32.268641 [INFO] iptables: Saving firewall rules to /etc/sysconfig/iptables: [  OK  ]

2026/01/01 00:37:32.268667 [INFO] Traffic forward set-up completed.
2026/01/01 00:37:32.268681 [INFO] Running command: docker wait  25ec71eb124b
2026/01/01 00:37:37.905780 [INFO] 1

2026/01/01 00:37:38.418185 [INFO] Loading Manifest...
2026/01/01 00:37:38.429325 [INFO] Running command: /opt/aws/bin/cfn-get-metadata -s arn:aws:cloudformation:us-east-1:188701360622:stack/awseb-e-ibwb4kyapk-stack/25f4ff40-e6a9-11f0-a99f-0affd9bc13ff -r AWSEBAutoScalingGroup --region us-east-1
2026/01/01 00:37:38.743205 [INFO] Running command: /opt/aws/bin/cfn-get-metadata -s arn:aws:cloudformation:us-east-1:188701360622:stack/awseb-e-ibwb4kyapk-stack/25f4ff40-e6a9-11f0-a99f-0affd9bc13ff -r AWSEBBeanstalkMetadata --region us-east-1
2026/01/01 00:37:39.048072 [INFO] Checking if docker is running...
2026/01/01 00:37:39.048097 [INFO] Fetch current app container id...
2026/01/01 00:37:39.048132 [INFO] Running command: docker ps | grep 25ec71eb124b
2026/01/01 00:37:39.064230 [INFO] Starting container 25ec71eb124b
2026/01/01 00:37:39.064253 [INFO] Running command: docker start  25ec71eb124b
2026/01/01 00:37:39.369439 [INFO] 25ec71eb124b

2026/01/01 00:37:39.369520 [INFO] Clear existing beanstalk iptables rules...
2026/01/01 00:37:39.369534 [INFO] Running command: iptables-save | grep -v added_by_elasticbeanstalk | iptables-restore
2026/01/01 00:37:39.462806 [INFO] Getting container info...
2026/01/01 00:37:39.462844 [INFO] Running command: docker inspect 25ec71eb124b
2026/01/01 00:37:39.486864 [INFO] Running command: ip route show default | awk '{print $5}'
2026/01/01 00:37:39.495809 [INFO] ens5

2026/01/01 00:37:39.495851 [INFO] Writing nginx upstream config...
2026/01/01 00:37:39.503053 [INFO] Running command: systemctl show -p PartOf nginx.service
2026/01/01 00:37:39.518720 [WARN] process nginx is already registered, skip registering again...
2026/01/01 00:37:39.518757 [INFO] Running command: systemctl show -p PartOf nginx.service
2026/01/01 00:37:39.534561 [INFO] Running command: systemctl restart nginx.service
2026/01/01 00:37:39.940360 [INFO] Running command: service iptables save
2026/01/01 00:37:40.004211 [INFO] iptables: Saving firewall rules to /etc/sysconfig/iptables: [  OK  ]

2026/01/01 00:37:40.004239 [INFO] Traffic forward set-up completed.
2026/01/01 00:37:40.004251 [INFO] Running command: docker wait  25ec71eb124b
2026/01/01 00:37:45.526827 [INFO] 1

2026/01/01 00:37:45.919527 [INFO] Loading Manifest...
2026/01/01 00:37:45.928881 [INFO] Running command: /opt/aws/bin/cfn-get-metadata -s arn:aws:cloudformation:us-east-1:188701360622:stack/awseb-e-ibwb4kyapk-stack/25f4ff40-e6a9-11f0-a99f-0affd9bc13ff -r AWSEBAutoScalingGroup --region us-east-1
2026/01/01 00:37:46.247060 [INFO] Running command: /opt/aws/bin/cfn-get-metadata -s arn:aws:cloudformation:us-east-1:188701360622:stack/awseb-e-ibwb4kyapk-stack/25f4ff40-e6a9-11f0-a99f-0affd9bc13ff -r AWSEBBeanstalkMetadata --region us-east-1
2026/01/01 00:37:46.554260 [INFO] Checking if docker is running...
2026/01/01 00:37:46.554336 [INFO] Fetch current app container id...
2026/01/01 00:37:46.554371 [INFO] Running command: docker ps | grep 25ec71eb124b
2026/01/01 00:37:46.570794 [INFO] Starting container 25ec71eb124b
2026/01/01 00:37:46.570819 [INFO] Running command: docker start  25ec71eb124b
2026/01/01 00:37:47.003545 [INFO] 25ec71eb124b

2026/01/01 00:37:47.003652 [INFO] Clear existing beanstalk iptables rules...
2026/01/01 00:37:47.003668 [INFO] Running command: iptables-save | grep -v added_by_elasticbeanstalk | iptables-restore
2026/01/01 00:37:47.102771 [INFO] Getting container info...
2026/01/01 00:37:47.102808 [INFO] Running command: docker inspect 25ec71eb124b
2026/01/01 00:37:47.124282 [INFO] Running command: ip route show default | awk '{print $5}'
2026/01/01 00:37:47.133333 [INFO] ens5

2026/01/01 00:37:47.133373 [INFO] Writing nginx upstream config...
2026/01/01 00:37:47.136178 [INFO] Running command: systemctl show -p PartOf nginx.service
2026/01/01 00:37:47.151005 [WARN] process nginx is already registered, skip registering again...
2026/01/01 00:37:47.151043 [INFO] Running command: systemctl show -p PartOf nginx.service
2026/01/01 00:37:47.167337 [INFO] Running command: systemctl restart nginx.service
2026/01/01 00:37:47.507090 [INFO] Running command: service iptables save
2026/01/01 00:37:47.592266 [INFO] iptables: Saving firewall rules to /etc/sysconfig/iptables: [  OK  ]

2026/01/01 00:37:47.592292 [INFO] Traffic forward set-up completed.
2026/01/01 00:37:47.592317 [INFO] Running command: docker wait  25ec71eb124b
2026/01/01 00:37:53.645076 [INFO] 1

2026/01/01 00:37:53.920352 [INFO] Loading Manifest...
2026/01/01 00:37:53.927660 [INFO] Running command: /opt/aws/bin/cfn-get-metadata -s arn:aws:cloudformation:us-east-1:188701360622:stack/awseb-e-ibwb4kyapk-stack/25f4ff40-e6a9-11f0-a99f-0affd9bc13ff -r AWSEBAutoScalingGroup --region us-east-1
2026/01/01 00:37:54.252576 [INFO] Running command: /opt/aws/bin/cfn-get-metadata -s arn:aws:cloudformation:us-east-1:188701360622:stack/awseb-e-ibwb4kyapk-stack/25f4ff40-e6a9-11f0-a99f-0affd9bc13ff -r AWSEBBeanstalkMetadata --region us-east-1
2026/01/01 00:37:54.550605 [INFO] Checking if docker is running...
2026/01/01 00:37:54.550670 [INFO] Fetch current app container id...
2026/01/01 00:37:54.550694 [INFO] Running command: docker ps | grep 25ec71eb124b
2026/01/01 00:37:54.565820 [INFO] Starting container 25ec71eb124b
2026/01/01 00:37:54.565844 [INFO] Running command: docker start  25ec71eb124b
2026/01/01 00:37:54.958448 [INFO] 25ec71eb124b

2026/01/01 00:37:54.958561 [INFO] Clear existing beanstalk iptables rules...
2026/01/01 00:37:54.958585 [INFO] Running command: iptables-save | grep -v added_by_elasticbeanstalk | iptables-restore
2026/01/01 00:37:55.072728 [INFO] Getting container info...
2026/01/01 00:37:55.072762 [INFO] Running command: docker inspect 25ec71eb124b
2026/01/01 00:37:55.095140 [INFO] Running command: ip route show default | awk '{print $5}'
2026/01/01 00:37:55.104240 [INFO] ens5

2026/01/01 00:37:55.104278 [INFO] Writing nginx upstream config...
2026/01/01 00:37:55.108136 [INFO] Running command: systemctl show -p PartOf nginx.service
2026/01/01 00:37:55.122999 [WARN] process nginx is already registered, skip registering again...
2026/01/01 00:37:55.123035 [INFO] Running command: systemctl show -p PartOf nginx.service
2026/01/01 00:37:55.140472 [INFO] Running command: systemctl restart nginx.service
2026/01/01 00:37:55.531507 [INFO] Running command: service iptables save
2026/01/01 00:37:55.640158 [INFO] iptables: Saving firewall rules to /etc/sysconfig/iptables: [  OK  ]

2026/01/01 00:37:55.640209 [INFO] Traffic forward set-up completed.
2026/01/01 00:37:55.640224 [INFO] Running command: docker wait  25ec71eb124b
2026/01/01 00:38:01.385455 [INFO] 1

2026/01/01 00:38:01.672828 [INFO] Loading Manifest...
2026/01/01 00:38:01.685812 [INFO] Running command: /opt/aws/bin/cfn-get-metadata -s arn:aws:cloudformation:us-east-1:188701360622:stack/awseb-e-ibwb4kyapk-stack/25f4ff40-e6a9-11f0-a99f-0affd9bc13ff -r AWSEBAutoScalingGroup --region us-east-1
2026/01/01 00:38:02.110387 [INFO] Running command: /opt/aws/bin/cfn-get-metadata -s arn:aws:cloudformation:us-east-1:188701360622:stack/awseb-e-ibwb4kyapk-stack/25f4ff40-e6a9-11f0-a99f-0affd9bc13ff -r AWSEBBeanstalkMetadata --region us-east-1
2026/01/01 00:38:02.440701 [INFO] Checking if docker is running...
2026/01/01 00:38:02.440729 [INFO] Fetch current app container id...
2026/01/01 00:38:02.440766 [INFO] Running command: docker ps | grep 25ec71eb124b
2026/01/01 00:38:02.456851 [INFO] Starting container 25ec71eb124b
2026/01/01 00:38:02.456876 [INFO] Running command: docker start  25ec71eb124b
2026/01/01 00:38:02.838220 [INFO] 25ec71eb124b

2026/01/01 00:38:02.838931 [INFO] Clear existing beanstalk iptables rules...
2026/01/01 00:38:02.838944 [INFO] Running command: iptables-save | grep -v added_by_elasticbeanstalk | iptables-restore
2026/01/01 00:38:02.912612 [INFO] Getting container info...
2026/01/01 00:38:02.912641 [INFO] Running command: docker inspect 25ec71eb124b
2026/01/01 00:38:02.935064 [INFO] Running command: ip route show default | awk '{print $5}'
2026/01/01 00:38:02.940498 [INFO] ens5

2026/01/01 00:38:02.940524 [INFO] Writing nginx upstream config...
2026/01/01 00:38:02.943454 [INFO] Running command: systemctl show -p PartOf nginx.service
2026/01/01 00:38:02.953772 [WARN] process nginx is already registered, skip registering again...
2026/01/01 00:38:02.953806 [INFO] Running command: systemctl show -p PartOf nginx.service
2026/01/01 00:38:02.963407 [INFO] Running command: systemctl restart nginx.service
2026/01/01 00:38:03.306969 [INFO] Running command: service iptables save
2026/01/01 00:38:03.407654 [INFO] iptables: Saving firewall rules to /etc/sysconfig/iptables: [  OK  ]

2026/01/01 00:38:03.407679 [INFO] Traffic forward set-up completed.
2026/01/01 00:38:03.407693 [INFO] Running command: docker wait  25ec71eb124b
2026/01/01 00:38:09.138375 [INFO] 1

2026/01/01 00:38:09.418720 [INFO] Loading Manifest...
2026/01/01 00:38:09.426461 [INFO] Running command: /opt/aws/bin/cfn-get-metadata -s arn:aws:cloudformation:us-east-1:188701360622:stack/awseb-e-ibwb4kyapk-stack/25f4ff40-e6a9-11f0-a99f-0affd9bc13ff -r AWSEBAutoScalingGroup --region us-east-1
2026/01/01 00:38:09.755881 [INFO] Running command: /opt/aws/bin/cfn-get-metadata -s arn:aws:cloudformation:us-east-1:188701360622:stack/awseb-e-ibwb4kyapk-stack/25f4ff40-e6a9-11f0-a99f-0affd9bc13ff -r AWSEBBeanstalkMetadata --region us-east-1
2026/01/01 00:38:10.060445 [INFO] Checking if docker is running...
2026/01/01 00:38:10.060462 [INFO] Fetch current app container id...
2026/01/01 00:38:10.060485 [INFO] Running command: docker ps | grep 25ec71eb124b
2026/01/01 00:38:10.074917 [INFO] Starting container 25ec71eb124b
2026/01/01 00:38:10.074941 [INFO] Running command: docker start  25ec71eb124b
2026/01/01 00:38:10.455488 [INFO] 25ec71eb124b

2026/01/01 00:38:10.455676 [INFO] Clear existing beanstalk iptables rules...
2026/01/01 00:38:10.455696 [INFO] Running command: iptables-save | grep -v added_by_elasticbeanstalk | iptables-restore
2026/01/01 00:38:10.512645 [INFO] Getting container info...
2026/01/01 00:38:10.512681 [INFO] Running command: docker inspect 25ec71eb124b
2026/01/01 00:38:10.535751 [INFO] Running command: ip route show default | awk '{print $5}'
2026/01/01 00:38:10.545081 [INFO] ens5

2026/01/01 00:38:10.545118 [INFO] Writing nginx upstream config...
2026/01/01 00:38:10.547568 [INFO] Running command: systemctl show -p PartOf nginx.service
2026/01/01 00:38:10.563196 [WARN] process nginx is already registered, skip registering again...
2026/01/01 00:38:10.563230 [INFO] Running command: systemctl show -p PartOf nginx.service
2026/01/01 00:38:10.577323 [INFO] Running command: systemctl restart nginx.service
2026/01/01 00:38:10.872519 [INFO] Running command: service iptables save
2026/01/01 00:38:10.977247 [INFO] iptables: Saving firewall rules to /etc/sysconfig/iptables: [  OK  ]

2026/01/01 00:38:10.977269 [INFO] Traffic forward set-up completed.
2026/01/01 00:38:10.977281 [INFO] Running command: docker wait  25ec71eb124b
2026/01/01 00:38:16.673914 [INFO] 1

2026/01/01 00:38:16.917515 [INFO] Loading Manifest...
2026/01/01 00:38:16.922851 [INFO] Running command: /opt/aws/bin/cfn-get-metadata -s arn:aws:cloudformation:us-east-1:188701360622:stack/awseb-e-ibwb4kyapk-stack/25f4ff40-e6a9-11f0-a99f-0affd9bc13ff -r AWSEBAutoScalingGroup --region us-east-1
2026/01/01 00:38:17.227067 [INFO] Running command: /opt/aws/bin/cfn-get-metadata -s arn:aws:cloudformation:us-east-1:188701360622:stack/awseb-e-ibwb4kyapk-stack/25f4ff40-e6a9-11f0-a99f-0affd9bc13ff -r AWSEBBeanstalkMetadata --region us-east-1
2026/01/01 00:38:17.523794 [INFO] Checking if docker is running...
2026/01/01 00:38:17.523811 [INFO] Fetch current app container id...
2026/01/01 00:38:17.523833 [INFO] Running command: docker ps | grep 25ec71eb124b
2026/01/01 00:38:17.537943 [INFO] Starting container 25ec71eb124b
2026/01/01 00:38:17.537967 [INFO] Running command: docker start  25ec71eb124b
2026/01/01 00:38:17.872376 [INFO] 25ec71eb124b

2026/01/01 00:38:17.872474 [INFO] Clear existing beanstalk iptables rules...
2026/01/01 00:38:17.872496 [INFO] Running command: iptables-save | grep -v added_by_elasticbeanstalk | iptables-restore
2026/01/01 00:38:17.932797 [INFO] Getting container info...
2026/01/01 00:38:17.932832 [INFO] Running command: docker inspect 25ec71eb124b
2026/01/01 00:38:17.958111 [INFO] Running command: ip route show default | awk '{print $5}'
2026/01/01 00:38:17.966805 [INFO] ens5

2026/01/01 00:38:17.966917 [INFO] Writing nginx upstream config...
2026/01/01 00:38:17.972169 [INFO] Running command: systemctl show -p PartOf nginx.service
2026/01/01 00:38:17.988589 [WARN] process nginx is already registered, skip registering again...
2026/01/01 00:38:17.988645 [INFO] Running command: systemctl show -p PartOf nginx.service
2026/01/01 00:38:18.012426 [INFO] Running command: systemctl restart nginx.service
2026/01/01 00:38:18.389148 [INFO] Running command: service iptables save
2026/01/01 00:38:18.462228 [INFO] iptables: Saving firewall rules to /etc/sysconfig/iptables: [  OK  ]

2026/01/01 00:38:18.462262 [INFO] Traffic forward set-up completed.
2026/01/01 00:38:18.462275 [INFO] Running command: docker wait  25ec71eb124b
2026/01/01 00:38:24.414233 [INFO] 1

2026/01/01 00:38:24.699638 [INFO] Loading Manifest...
2026/01/01 00:38:24.707473 [INFO] Running command: /opt/aws/bin/cfn-get-metadata -s arn:aws:cloudformation:us-east-1:188701360622:stack/awseb-e-ibwb4kyapk-stack/25f4ff40-e6a9-11f0-a99f-0affd9bc13ff -r AWSEBAutoScalingGroup --region us-east-1
2026/01/01 00:38:25.024163 [INFO] Running command: /opt/aws/bin/cfn-get-metadata -s arn:aws:cloudformation:us-east-1:188701360622:stack/awseb-e-ibwb4kyapk-stack/25f4ff40-e6a9-11f0-a99f-0affd9bc13ff -r AWSEBBeanstalkMetadata --region us-east-1
2026/01/01 00:38:25.342362 [INFO] Checking if docker is running...
2026/01/01 00:38:25.342387 [INFO] Fetch current app container id...
2026/01/01 00:38:25.342413 [INFO] Running command: docker ps | grep 25ec71eb124b
2026/01/01 00:38:25.357758 [INFO] Starting container 25ec71eb124b
2026/01/01 00:38:25.357786 [INFO] Running command: docker start  25ec71eb124b
2026/01/01 00:38:25.695691 [INFO] 25ec71eb124b

2026/01/01 00:38:25.695773 [INFO] Clear existing beanstalk iptables rules...
2026/01/01 00:38:25.695784 [INFO] Running command: iptables-save | grep -v added_by_elasticbeanstalk | iptables-restore
2026/01/01 00:38:25.792766 [INFO] Getting container info...
2026/01/01 00:38:25.792803 [INFO] Running command: docker inspect 25ec71eb124b
2026/01/01 00:38:25.821031 [INFO] Running command: ip route show default | awk '{print $5}'
2026/01/01 00:38:25.830179 [INFO] ens5

2026/01/01 00:38:25.830217 [INFO] Writing nginx upstream config...
2026/01/01 00:38:25.836228 [INFO] Running command: systemctl show -p PartOf nginx.service
2026/01/01 00:38:25.851241 [WARN] process nginx is already registered, skip registering again...
2026/01/01 00:38:25.851279 [INFO] Running command: systemctl show -p PartOf nginx.service
2026/01/01 00:38:25.867143 [INFO] Running command: systemctl restart nginx.service
2026/01/01 00:38:26.264223 [INFO] Running command: service iptables save
2026/01/01 00:38:26.341544 [INFO] iptables: Saving firewall rules to /etc/sysconfig/iptables: [  OK  ]

2026/01/01 00:38:26.341569 [INFO] Traffic forward set-up completed.
2026/01/01 00:38:26.341583 [INFO] Running command: docker wait  25ec71eb124b
2026/01/01 00:38:32.015041 [INFO] 1

2026/01/01 00:38:32.417582 [INFO] Loading Manifest...
2026/01/01 00:38:32.424432 [INFO] Running command: /opt/aws/bin/cfn-get-metadata -s arn:aws:cloudformation:us-east-1:188701360622:stack/awseb-e-ibwb4kyapk-stack/25f4ff40-e6a9-11f0-a99f-0affd9bc13ff -r AWSEBAutoScalingGroup --region us-east-1
2026/01/01 00:38:32.723900 [INFO] Running command: /opt/aws/bin/cfn-get-metadata -s arn:aws:cloudformation:us-east-1:188701360622:stack/awseb-e-ibwb4kyapk-stack/25f4ff40-e6a9-11f0-a99f-0affd9bc13ff -r AWSEBBeanstalkMetadata --region us-east-1
2026/01/01 00:38:33.026884 [INFO] Checking if docker is running...
2026/01/01 00:38:33.026953 [INFO] Fetch current app container id...
2026/01/01 00:38:33.026980 [INFO] Running command: docker ps | grep 25ec71eb124b
2026/01/01 00:38:33.042759 [INFO] Starting container 25ec71eb124b
2026/01/01 00:38:33.042785 [INFO] Running command: docker start  25ec71eb124b
2026/01/01 00:38:33.416579 [INFO] 25ec71eb124b

2026/01/01 00:38:33.416682 [INFO] Clear existing beanstalk iptables rules...
2026/01/01 00:38:33.416694 [INFO] Running command: iptables-save | grep -v added_by_elasticbeanstalk | iptables-restore
2026/01/01 00:38:33.492833 [INFO] Getting container info...
2026/01/01 00:38:33.492868 [INFO] Running command: docker inspect 25ec71eb124b
2026/01/01 00:38:33.524926 [INFO] Running command: ip route show default | awk '{print $5}'
2026/01/01 00:38:33.534108 [INFO] ens5

2026/01/01 00:38:33.534150 [INFO] Writing nginx upstream config...
2026/01/01 00:38:33.537711 [INFO] Running command: systemctl show -p PartOf nginx.service
2026/01/01 00:38:33.554697 [WARN] process nginx is already registered, skip registering again...
2026/01/01 00:38:33.554742 [INFO] Running command: systemctl show -p PartOf nginx.service
2026/01/01 00:38:33.568700 [INFO] Running command: systemctl restart nginx.service
2026/01/01 00:38:33.940478 [INFO] Running command: service iptables save
2026/01/01 00:38:34.047275 [INFO] iptables: Saving firewall rules to /etc/sysconfig/iptables: [  OK  ]

2026/01/01 00:38:34.047312 [INFO] Traffic forward set-up completed.
2026/01/01 00:38:34.047326 [INFO] Running command: docker wait  25ec71eb124b
2026/01/01 00:38:38.876038 [INFO] 1

2026/01/01 00:38:39.167864 [INFO] Loading Manifest...
2026/01/01 00:38:39.174185 [INFO] Running command: /opt/aws/bin/cfn-get-metadata -s arn:aws:cloudformation:us-east-1:188701360622:stack/awseb-e-ibwb4kyapk-stack/25f4ff40-e6a9-11f0-a99f-0affd9bc13ff -r AWSEBAutoScalingGroup --region us-east-1
2026/01/01 00:38:39.500543 [INFO] Running command: /opt/aws/bin/cfn-get-metadata -s arn:aws:cloudformation:us-east-1:188701360622:stack/awseb-e-ibwb4kyapk-stack/25f4ff40-e6a9-11f0-a99f-0affd9bc13ff -r AWSEBBeanstalkMetadata --region us-east-1
2026/01/01 00:38:39.800235 [INFO] Checking if docker is running...
2026/01/01 00:38:39.800298 [INFO] Fetch current app container id...
2026/01/01 00:38:39.800327 [INFO] Running command: docker ps | grep 25ec71eb124b
2026/01/01 00:38:39.814774 [INFO] Starting container 25ec71eb124b
2026/01/01 00:38:39.814800 [INFO] Running command: docker start  25ec71eb124b
2026/01/01 00:38:40.175682 [INFO] 25ec71eb124b

2026/01/01 00:38:40.175788 [INFO] Clear existing beanstalk iptables rules...
2026/01/01 00:38:40.175798 [INFO] Running command: iptables-save | grep -v added_by_elasticbeanstalk | iptables-restore
2026/01/01 00:38:40.282593 [INFO] Getting container info...
2026/01/01 00:38:40.282625 [INFO] Running command: docker inspect 25ec71eb124b
2026/01/01 00:38:40.310445 [INFO] Running command: ip route show default | awk '{print $5}'
2026/01/01 00:38:40.322076 [INFO] ens5

2026/01/01 00:38:40.322113 [INFO] Writing nginx upstream config...
2026/01/01 00:38:40.324520 [INFO] Running command: systemctl show -p PartOf nginx.service
2026/01/01 00:38:40.341068 [WARN] process nginx is already registered, skip registering again...
2026/01/01 00:38:40.341099 [INFO] Running command: systemctl show -p PartOf nginx.service
2026/01/01 00:38:40.351584 [INFO] Running command: systemctl restart nginx.service
2026/01/01 00:38:40.667955 [INFO] Running command: service iptables save
2026/01/01 00:38:40.711761 [INFO] iptables: Saving firewall rules to /etc/sysconfig/iptables: [  OK  ]

2026/01/01 00:38:40.711778 [INFO] Traffic forward set-up completed.
2026/01/01 00:38:40.711788 [INFO] Running command: docker wait  25ec71eb124b
2026/01/01 00:38:45.525171 [INFO] 1

2026/01/01 00:38:45.929907 [INFO] Loading Manifest...
2026/01/01 00:38:45.938381 [INFO] Running command: /opt/aws/bin/cfn-get-metadata -s arn:aws:cloudformation:us-east-1:188701360622:stack/awseb-e-ibwb4kyapk-stack/25f4ff40-e6a9-11f0-a99f-0affd9bc13ff -r AWSEBAutoScalingGroup --region us-east-1
2026/01/01 00:38:46.254097 [INFO] Running command: /opt/aws/bin/cfn-get-metadata -s arn:aws:cloudformation:us-east-1:188701360622:stack/awseb-e-ibwb4kyapk-stack/25f4ff40-e6a9-11f0-a99f-0affd9bc13ff -r AWSEBBeanstalkMetadata --region us-east-1
2026/01/01 00:38:46.558960 [INFO] Checking if docker is running...
2026/01/01 00:38:46.558985 [INFO] Fetch current app container id...
2026/01/01 00:38:46.559012 [INFO] Running command: docker ps | grep 25ec71eb124b
2026/01/01 00:38:46.573107 [INFO] Starting container 25ec71eb124b
2026/01/01 00:38:46.573131 [INFO] Running command: docker start  25ec71eb124b
2026/01/01 00:38:46.910943 [INFO] 25ec71eb124b

2026/01/01 00:38:46.911036 [INFO] Clear existing beanstalk iptables rules...
2026/01/01 00:38:46.911054 [INFO] Running command: iptables-save | grep -v added_by_elasticbeanstalk | iptables-restore
2026/01/01 00:38:46.982741 [INFO] Getting container info...
2026/01/01 00:38:46.982778 [INFO] Running command: docker inspect 25ec71eb124b
2026/01/01 00:38:47.005059 [INFO] Running command: ip route show default | awk '{print $5}'
2026/01/01 00:38:47.013714 [INFO] ens5

2026/01/01 00:38:47.013754 [INFO] Writing nginx upstream config...
2026/01/01 00:38:47.018659 [INFO] Running command: systemctl show -p PartOf nginx.service
2026/01/01 00:38:47.033281 [WARN] process nginx is already registered, skip registering again...
2026/01/01 00:38:47.033319 [INFO] Running command: systemctl show -p PartOf nginx.service
2026/01/01 00:38:47.049395 [INFO] Running command: systemctl restart nginx.service
2026/01/01 00:38:47.468677 [INFO] Running command: service iptables save
2026/01/01 00:38:47.561739 [INFO] iptables: Saving firewall rules to /etc/sysconfig/iptables: [  OK  ]

2026/01/01 00:38:47.561764 [INFO] Traffic forward set-up completed.
2026/01/01 00:38:47.561777 [INFO] Running command: docker wait  25ec71eb124b
2026/01/01 00:38:53.343744 [INFO] 1

2026/01/01 00:38:53.667764 [INFO] Loading Manifest...
2026/01/01 00:38:53.684223 [INFO] Running command: /opt/aws/bin/cfn-get-metadata -s arn:aws:cloudformation:us-east-1:188701360622:stack/awseb-e-ibwb4kyapk-stack/25f4ff40-e6a9-11f0-a99f-0affd9bc13ff -r AWSEBAutoScalingGroup --region us-east-1
2026/01/01 00:38:54.007130 [INFO] Running command: /opt/aws/bin/cfn-get-metadata -s arn:aws:cloudformation:us-east-1:188701360622:stack/awseb-e-ibwb4kyapk-stack/25f4ff40-e6a9-11f0-a99f-0affd9bc13ff -r AWSEBBeanstalkMetadata --region us-east-1
2026/01/01 00:38:54.302640 [INFO] Checking if docker is running...
2026/01/01 00:38:54.302712 [INFO] Fetch current app container id...
2026/01/01 00:38:54.302735 [INFO] Running command: docker ps | grep 25ec71eb124b
2026/01/01 00:38:54.316689 [INFO] Starting container 25ec71eb124b
2026/01/01 00:38:54.316711 [INFO] Running command: docker start  25ec71eb124b
2026/01/01 00:38:54.623552 [INFO] 25ec71eb124b

2026/01/01 00:38:54.623778 [INFO] Clear existing beanstalk iptables rules...
2026/01/01 00:38:54.623794 [INFO] Running command: iptables-save | grep -v added_by_elasticbeanstalk | iptables-restore
2026/01/01 00:38:54.682805 [INFO] Getting container info...
2026/01/01 00:38:54.682840 [INFO] Running command: docker inspect 25ec71eb124b
2026/01/01 00:38:54.708843 [INFO] Running command: ip route show default | awk '{print $5}'
2026/01/01 00:38:54.717707 [INFO] ens5

2026/01/01 00:38:54.717747 [INFO] Writing nginx upstream config...
2026/01/01 00:38:54.720166 [INFO] Running command: systemctl show -p PartOf nginx.service
2026/01/01 00:38:54.735219 [WARN] process nginx is already registered, skip registering again...
2026/01/01 00:38:54.735255 [INFO] Running command: systemctl show -p PartOf nginx.service
2026/01/01 00:38:54.753921 [INFO] Running command: systemctl restart nginx.service
2026/01/01 00:38:55.013062 [INFO] Running command: service iptables save
2026/01/01 00:38:55.083244 [INFO] iptables: Saving firewall rules to /etc/sysconfig/iptables: [  OK  ]

2026/01/01 00:38:55.083266 [INFO] Traffic forward set-up completed.
2026/01/01 00:38:55.083276 [INFO] Running command: docker wait  25ec71eb124b
2026/01/01 00:39:00.933254 [INFO] 1

2026/01/01 00:39:01.193303 [INFO] Loading Manifest...
2026/01/01 00:39:01.200779 [INFO] Running command: /opt/aws/bin/cfn-get-metadata -s arn:aws:cloudformation:us-east-1:188701360622:stack/awseb-e-ibwb4kyapk-stack/25f4ff40-e6a9-11f0-a99f-0affd9bc13ff -r AWSEBAutoScalingGroup --region us-east-1
2026/01/01 00:39:01.614197 [INFO] Running command: /opt/aws/bin/cfn-get-metadata -s arn:aws:cloudformation:us-east-1:188701360622:stack/awseb-e-ibwb4kyapk-stack/25f4ff40-e6a9-11f0-a99f-0affd9bc13ff -r AWSEBBeanstalkMetadata --region us-east-1
2026/01/01 00:39:02.107949 [INFO] Checking if docker is running...
2026/01/01 00:39:02.108041 [INFO] Fetch current app container id...
2026/01/01 00:39:02.108074 [INFO] Running command: docker ps | grep 25ec71eb124b
2026/01/01 00:39:02.141379 [INFO] Starting container 25ec71eb124b
2026/01/01 00:39:02.141403 [INFO] Running command: docker start  25ec71eb124b
2026/01/01 00:39:02.554191 [INFO] 25ec71eb124b

2026/01/01 00:39:02.554292 [INFO] Clear existing beanstalk iptables rules...
2026/01/01 00:39:02.554304 [INFO] Running command: iptables-save | grep -v added_by_elasticbeanstalk | iptables-restore
2026/01/01 00:39:02.642786 [INFO] Getting container info...
2026/01/01 00:39:02.642824 [INFO] Running command: docker inspect 25ec71eb124b
2026/01/01 00:39:02.668548 [INFO] Running command: ip route show default | awk '{print $5}'
2026/01/01 00:39:02.677362 [INFO] ens5

2026/01/01 00:39:02.677400 [INFO] Writing nginx upstream config...
2026/01/01 00:39:02.683459 [INFO] Running command: systemctl show -p PartOf nginx.service
2026/01/01 00:39:02.702390 [WARN] process nginx is already registered, skip registering again...
2026/01/01 00:39:02.702426 [INFO] Running command: systemctl show -p PartOf nginx.service
2026/01/01 00:39:02.717723 [INFO] Running command: systemctl restart nginx.service
2026/01/01 00:39:03.083969 [INFO] Running command: service iptables save
2026/01/01 00:39:03.170101 [INFO] iptables: Saving firewall rules to /etc/sysconfig/iptables: [  OK  ]

2026/01/01 00:39:03.170143 [INFO] Traffic forward set-up completed.
2026/01/01 00:39:03.170158 [INFO] Running command: docker wait  25ec71eb124b
2026/01/01 00:39:09.036137 [INFO] 1

2026/01/01 00:39:09.417576 [INFO] Loading Manifest...
2026/01/01 00:39:09.423685 [INFO] Running command: /opt/aws/bin/cfn-get-metadata -s arn:aws:cloudformation:us-east-1:188701360622:stack/awseb-e-ibwb4kyapk-stack/25f4ff40-e6a9-11f0-a99f-0affd9bc13ff -r AWSEBAutoScalingGroup --region us-east-1
2026/01/01 00:39:09.732486 [INFO] Running command: /opt/aws/bin/cfn-get-metadata -s arn:aws:cloudformation:us-east-1:188701360622:stack/awseb-e-ibwb4kyapk-stack/25f4ff40-e6a9-11f0-a99f-0affd9bc13ff -r AWSEBBeanstalkMetadata --region us-east-1
2026/01/01 00:39:10.033560 [INFO] Checking if docker is running...
2026/01/01 00:39:10.033580 [INFO] Fetch current app container id...
2026/01/01 00:39:10.033602 [INFO] Running command: docker ps | grep 25ec71eb124b
2026/01/01 00:39:10.049526 [INFO] Starting container 25ec71eb124b
2026/01/01 00:39:10.049559 [INFO] Running command: docker start  25ec71eb124b
2026/01/01 00:39:10.400055 [INFO] 25ec71eb124b

2026/01/01 00:39:10.400164 [INFO] Clear existing beanstalk iptables rules...
2026/01/01 00:39:10.400179 [INFO] Running command: iptables-save | grep -v added_by_elasticbeanstalk | iptables-restore
2026/01/01 00:39:10.492795 [INFO] Getting container info...
2026/01/01 00:39:10.492832 [INFO] Running command: docker inspect 25ec71eb124b
2026/01/01 00:39:10.514906 [INFO] Running command: ip route show default | awk '{print $5}'
2026/01/01 00:39:10.524048 [INFO] ens5

2026/01/01 00:39:10.524084 [INFO] Writing nginx upstream config...
2026/01/01 00:39:10.527485 [INFO] Running command: systemctl show -p PartOf nginx.service
2026/01/01 00:39:10.542155 [WARN] process nginx is already registered, skip registering again...
2026/01/01 00:39:10.542191 [INFO] Running command: systemctl show -p PartOf nginx.service
2026/01/01 00:39:10.557585 [INFO] Running command: systemctl restart nginx.service
2026/01/01 00:39:10.870824 [INFO] Running command: service iptables save
2026/01/01 00:39:10.983680 [INFO] iptables: Saving firewall rules to /etc/sysconfig/iptables: [  OK  ]

2026/01/01 00:39:10.983708 [INFO] Traffic forward set-up completed.
2026/01/01 00:39:10.983728 [INFO] Running command: docker wait  25ec71eb124b
2026/01/01 00:39:16.747661 [INFO] 1

2026/01/01 00:39:17.167992 [INFO] Loading Manifest...
2026/01/01 00:39:17.177770 [INFO] Running command: /opt/aws/bin/cfn-get-metadata -s arn:aws:cloudformation:us-east-1:188701360622:stack/awseb-e-ibwb4kyapk-stack/25f4ff40-e6a9-11f0-a99f-0affd9bc13ff -r AWSEBAutoScalingGroup --region us-east-1
2026/01/01 00:39:17.483041 [INFO] Running command: /opt/aws/bin/cfn-get-metadata -s arn:aws:cloudformation:us-east-1:188701360622:stack/awseb-e-ibwb4kyapk-stack/25f4ff40-e6a9-11f0-a99f-0affd9bc13ff -r AWSEBBeanstalkMetadata --region us-east-1
2026/01/01 00:39:17.795615 [INFO] Checking if docker is running...
2026/01/01 00:39:17.795684 [INFO] Fetch current app container id...
2026/01/01 00:39:17.795710 [INFO] Running command: docker ps | grep 25ec71eb124b
2026/01/01 00:39:17.810735 [INFO] Starting container 25ec71eb124b
2026/01/01 00:39:17.810760 [INFO] Running command: docker start  25ec71eb124b
2026/01/01 00:39:18.144936 [INFO] 25ec71eb124b

2026/01/01 00:39:18.145113 [INFO] Clear existing beanstalk iptables rules...
2026/01/01 00:39:18.145136 [INFO] Running command: iptables-save | grep -v added_by_elasticbeanstalk | iptables-restore
2026/01/01 00:39:18.252805 [INFO] Getting container info...
2026/01/01 00:39:18.252842 [INFO] Running command: docker inspect 25ec71eb124b
2026/01/01 00:39:18.281995 [INFO] Running command: ip route show default | awk '{print $5}'
2026/01/01 00:39:18.292340 [INFO] ens5

2026/01/01 00:39:18.292384 [INFO] Writing nginx upstream config...
2026/01/01 00:39:18.294959 [INFO] Running command: systemctl show -p PartOf nginx.service
2026/01/01 00:39:18.310234 [WARN] process nginx is already registered, skip registering again...
2026/01/01 00:39:18.310269 [INFO] Running command: systemctl show -p PartOf nginx.service
2026/01/01 00:39:18.325836 [INFO] Running command: systemctl restart nginx.service
2026/01/01 00:39:18.731115 [INFO] Running command: service iptables save
2026/01/01 00:39:18.819788 [INFO] iptables: Saving firewall rules to /etc/sysconfig/iptables: [  OK  ]

2026/01/01 00:39:18.819814 [INFO] Traffic forward set-up completed.
2026/01/01 00:39:18.819826 [INFO] Running command: docker wait  25ec71eb124b
2026/01/01 00:39:24.504157 [INFO] 1

2026/01/01 00:39:24.919768 [INFO] Loading Manifest...
2026/01/01 00:39:24.927502 [INFO] Running command: /opt/aws/bin/cfn-get-metadata -s arn:aws:cloudformation:us-east-1:188701360622:stack/awseb-e-ibwb4kyapk-stack/25f4ff40-e6a9-11f0-a99f-0affd9bc13ff -r AWSEBAutoScalingGroup --region us-east-1
2026/01/01 00:39:25.248000 [INFO] Running command: /opt/aws/bin/cfn-get-metadata -s arn:aws:cloudformation:us-east-1:188701360622:stack/awseb-e-ibwb4kyapk-stack/25f4ff40-e6a9-11f0-a99f-0affd9bc13ff -r AWSEBBeanstalkMetadata --region us-east-1
2026/01/01 00:39:25.550140 [INFO] Checking if docker is running...
2026/01/01 00:39:25.550218 [INFO] Fetch current app container id...
2026/01/01 00:39:25.550248 [INFO] Running command: docker ps | grep 25ec71eb124b
2026/01/01 00:39:25.566220 [INFO] Starting container 25ec71eb124b
2026/01/01 00:39:25.566249 [INFO] Running command: docker start  25ec71eb124b
2026/01/01 00:39:25.923143 [INFO] 25ec71eb124b

2026/01/01 00:39:25.923332 [INFO] Clear existing beanstalk iptables rules...
2026/01/01 00:39:25.923346 [INFO] Running command: iptables-save | grep -v added_by_elasticbeanstalk | iptables-restore
2026/01/01 00:39:26.002810 [INFO] Getting container info...
2026/01/01 00:39:26.002848 [INFO] Running command: docker inspect 25ec71eb124b
2026/01/01 00:39:26.024740 [INFO] Running command: ip route show default | awk '{print $5}'
2026/01/01 00:39:26.033683 [INFO] ens5

2026/01/01 00:39:26.033724 [INFO] Writing nginx upstream config...
2026/01/01 00:39:26.036291 [INFO] Running command: systemctl show -p PartOf nginx.service
2026/01/01 00:39:26.051408 [WARN] process nginx is already registered, skip registering again...
2026/01/01 00:39:26.051446 [INFO] Running command: systemctl show -p PartOf nginx.service
2026/01/01 00:39:26.066189 [INFO] Running command: systemctl restart nginx.service
2026/01/01 00:39:26.432799 [INFO] Running command: service iptables save
2026/01/01 00:39:26.513076 [INFO] iptables: Saving firewall rules to /etc/sysconfig/iptables: [  OK  ]

2026/01/01 00:39:26.513113 [INFO] Traffic forward set-up completed.
2026/01/01 00:39:26.513128 [INFO] Running command: docker wait  25ec71eb124b
2026/01/01 00:39:31.645815 [INFO] 1

2026/01/01 00:39:31.920265 [INFO] Loading Manifest...
2026/01/01 00:39:31.934304 [INFO] Running command: /opt/aws/bin/cfn-get-metadata -s arn:aws:cloudformation:us-east-1:188701360622:stack/awseb-e-ibwb4kyapk-stack/25f4ff40-e6a9-11f0-a99f-0affd9bc13ff -r AWSEBAutoScalingGroup --region us-east-1
2026/01/01 00:39:32.290257 [INFO] Running command: /opt/aws/bin/cfn-get-metadata -s arn:aws:cloudformation:us-east-1:188701360622:stack/awseb-e-ibwb4kyapk-stack/25f4ff40-e6a9-11f0-a99f-0affd9bc13ff -r AWSEBBeanstalkMetadata --region us-east-1
2026/01/01 00:39:32.596235 [INFO] Checking if docker is running...
2026/01/01 00:39:32.596305 [INFO] Fetch current app container id...
2026/01/01 00:39:32.596336 [INFO] Running command: docker ps | grep 25ec71eb124b
2026/01/01 00:39:32.611913 [INFO] Starting container 25ec71eb124b
2026/01/01 00:39:32.611942 [INFO] Running command: docker start  25ec71eb124b
2026/01/01 00:39:32.959903 [INFO] 25ec71eb124b

2026/01/01 00:39:32.960684 [INFO] Clear existing beanstalk iptables rules...
2026/01/01 00:39:32.960700 [INFO] Running command: iptables-save | grep -v added_by_elasticbeanstalk | iptables-restore
2026/01/01 00:39:33.042588 [INFO] Getting container info...
2026/01/01 00:39:33.042614 [INFO] Running command: docker inspect 25ec71eb124b
2026/01/01 00:39:33.061766 [INFO] Running command: ip route show default | awk '{print $5}'
2026/01/01 00:39:33.069313 [INFO] ens5

2026/01/01 00:39:33.069344 [INFO] Writing nginx upstream config...
2026/01/01 00:39:33.071699 [INFO] Running command: systemctl show -p PartOf nginx.service
2026/01/01 00:39:33.082360 [WARN] process nginx is already registered, skip registering again...
2026/01/01 00:39:33.082392 [INFO] Running command: systemctl show -p PartOf nginx.service
2026/01/01 00:39:33.093768 [INFO] Running command: systemctl restart nginx.service
2026/01/01 00:39:33.407043 [INFO] Running command: service iptables save
2026/01/01 00:39:33.463280 [INFO] iptables: Saving firewall rules to /etc/sysconfig/iptables: [  OK  ]

2026/01/01 00:39:33.463297 [INFO] Traffic forward set-up completed.
2026/01/01 00:39:33.463308 [INFO] Running command: docker wait  25ec71eb124b
2026/01/01 00:39:38.886693 [INFO] 1

2026/01/01 00:39:39.171458 [INFO] Loading Manifest...
2026/01/01 00:39:39.181851 [INFO] Running command: /opt/aws/bin/cfn-get-metadata -s arn:aws:cloudformation:us-east-1:188701360622:stack/awseb-e-ibwb4kyapk-stack/25f4ff40-e6a9-11f0-a99f-0affd9bc13ff -r AWSEBAutoScalingGroup --region us-east-1
2026/01/01 00:39:39.524738 [INFO] Running command: /opt/aws/bin/cfn-get-metadata -s arn:aws:cloudformation:us-east-1:188701360622:stack/awseb-e-ibwb4kyapk-stack/25f4ff40-e6a9-11f0-a99f-0affd9bc13ff -r AWSEBBeanstalkMetadata --region us-east-1
2026/01/01 00:39:39.820148 [INFO] Checking if docker is running...
2026/01/01 00:39:39.820172 [INFO] Fetch current app container id...
2026/01/01 00:39:39.820201 [INFO] Running command: docker ps | grep 25ec71eb124b
2026/01/01 00:39:39.836195 [INFO] Starting container 25ec71eb124b
2026/01/01 00:39:39.836217 [INFO] Running command: docker start  25ec71eb124b
2026/01/01 00:39:40.163326 [INFO] 25ec71eb124b

2026/01/01 00:39:40.163456 [INFO] Clear existing beanstalk iptables rules...
2026/01/01 00:39:40.163473 [INFO] Running command: iptables-save | grep -v added_by_elasticbeanstalk | iptables-restore
2026/01/01 00:39:40.242538 [INFO] Getting container info...
2026/01/01 00:39:40.242568 [INFO] Running command: docker inspect 25ec71eb124b
2026/01/01 00:39:40.265208 [INFO] Running command: ip route show default | awk '{print $5}'
2026/01/01 00:39:40.278454 [INFO] ens5

2026/01/01 00:39:40.278483 [INFO] Writing nginx upstream config...
2026/01/01 00:39:40.280954 [INFO] Running command: systemctl show -p PartOf nginx.service
2026/01/01 00:39:40.290650 [WARN] process nginx is already registered, skip registering again...
2026/01/01 00:39:40.290684 [INFO] Running command: systemctl show -p PartOf nginx.service
2026/01/01 00:39:40.301259 [INFO] Running command: systemctl restart nginx.service
2026/01/01 00:39:40.682057 [INFO] Running command: service iptables save
2026/01/01 00:39:40.773668 [INFO] iptables: Saving firewall rules to /etc/sysconfig/iptables: [  OK  ]

2026/01/01 00:39:40.773695 [INFO] Traffic forward set-up completed.
2026/01/01 00:39:40.773709 [INFO] Running command: docker wait  25ec71eb124b
2026/01/01 00:39:46.366134 [INFO] 1

2026/01/01 00:39:46.679665 [INFO] Loading Manifest...
2026/01/01 00:39:46.688298 [INFO] Running command: /opt/aws/bin/cfn-get-metadata -s arn:aws:cloudformation:us-east-1:188701360622:stack/awseb-e-ibwb4kyapk-stack/25f4ff40-e6a9-11f0-a99f-0affd9bc13ff -r AWSEBAutoScalingGroup --region us-east-1
2026/01/01 00:39:47.034523 [INFO] Running command: /opt/aws/bin/cfn-get-metadata -s arn:aws:cloudformation:us-east-1:188701360622:stack/awseb-e-ibwb4kyapk-stack/25f4ff40-e6a9-11f0-a99f-0affd9bc13ff -r AWSEBBeanstalkMetadata --region us-east-1
2026/01/01 00:39:47.342834 [INFO] Checking if docker is running...
2026/01/01 00:39:47.342962 [INFO] Fetch current app container id...
2026/01/01 00:39:47.342991 [INFO] Running command: docker ps | grep 25ec71eb124b
2026/01/01 00:39:47.358701 [INFO] Starting container 25ec71eb124b
2026/01/01 00:39:47.358727 [INFO] Running command: docker start  25ec71eb124b
2026/01/01 00:39:47.701646 [INFO] 25ec71eb124b

2026/01/01 00:39:47.701760 [INFO] Clear existing beanstalk iptables rules...
2026/01/01 00:39:47.701775 [INFO] Running command: iptables-save | grep -v added_by_elasticbeanstalk | iptables-restore
2026/01/01 00:39:47.792747 [INFO] Getting container info...
2026/01/01 00:39:47.792785 [INFO] Running command: docker inspect 25ec71eb124b
2026/01/01 00:39:47.819696 [INFO] Running command: ip route show default | awk '{print $5}'
2026/01/01 00:39:47.828041 [INFO] ens5

2026/01/01 00:39:47.828080 [INFO] Writing nginx upstream config...
2026/01/01 00:39:47.830424 [INFO] Running command: systemctl show -p PartOf nginx.service
2026/01/01 00:39:47.848818 [WARN] process nginx is already registered, skip registering again...
2026/01/01 00:39:47.848857 [INFO] Running command: systemctl show -p PartOf nginx.service
2026/01/01 00:39:47.866102 [INFO] Running command: systemctl restart nginx.service
2026/01/01 00:39:48.229620 [INFO] Running command: service iptables save
2026/01/01 00:39:48.292908 [INFO] iptables: Saving firewall rules to /etc/sysconfig/iptables: [  OK  ]

2026/01/01 00:39:48.292932 [INFO] Traffic forward set-up completed.
2026/01/01 00:39:48.292945 [INFO] Running command: docker wait  25ec71eb124b
2026/01/01 00:39:54.267057 [INFO] 1

2026/01/01 00:39:54.684404 [INFO] Loading Manifest...
2026/01/01 00:39:54.697986 [INFO] Running command: /opt/aws/bin/cfn-get-metadata -s arn:aws:cloudformation:us-east-1:188701360622:stack/awseb-e-ibwb4kyapk-stack/25f4ff40-e6a9-11f0-a99f-0affd9bc13ff -r AWSEBAutoScalingGroup --region us-east-1
2026/01/01 00:39:55.019155 [INFO] Running command: /opt/aws/bin/cfn-get-metadata -s arn:aws:cloudformation:us-east-1:188701360622:stack/awseb-e-ibwb4kyapk-stack/25f4ff40-e6a9-11f0-a99f-0affd9bc13ff -r AWSEBBeanstalkMetadata --region us-east-1
2026/01/01 00:39:55.332254 [INFO] Checking if docker is running...
2026/01/01 00:39:55.332316 [INFO] Fetch current app container id...
2026/01/01 00:39:55.332338 [INFO] Running command: docker ps | grep 25ec71eb124b
2026/01/01 00:39:55.348033 [INFO] Starting container 25ec71eb124b
2026/01/01 00:39:55.348068 [INFO] Running command: docker start  25ec71eb124b
2026/01/01 00:39:55.710175 [INFO] 25ec71eb124b

2026/01/01 00:39:55.710275 [INFO] Clear existing beanstalk iptables rules...
2026/01/01 00:39:55.710285 [INFO] Running command: iptables-save | grep -v added_by_elasticbeanstalk | iptables-restore
2026/01/01 00:39:55.772622 [INFO] Getting container info...
2026/01/01 00:39:55.772651 [INFO] Running command: docker inspect 25ec71eb124b
2026/01/01 00:39:55.789288 [INFO] Running command: ip route show default | awk '{print $5}'
2026/01/01 00:39:55.795810 [INFO] ens5

2026/01/01 00:39:55.795845 [INFO] Writing nginx upstream config...
2026/01/01 00:39:55.798206 [INFO] Running command: systemctl show -p PartOf nginx.service
2026/01/01 00:39:55.808595 [WARN] process nginx is already registered, skip registering again...
2026/01/01 00:39:55.808627 [INFO] Running command: systemctl show -p PartOf nginx.service
2026/01/01 00:39:55.818909 [INFO] Running command: systemctl restart nginx.service
2026/01/01 00:39:56.075322 [INFO] Running command: service iptables save
2026/01/01 00:39:56.150268 [INFO] iptables: Saving firewall rules to /etc/sysconfig/iptables: [  OK  ]

2026/01/01 00:39:56.150294 [INFO] Traffic forward set-up completed.
2026/01/01 00:39:56.150303 [INFO] Running command: docker wait  25ec71eb124b
2026/01/01 00:40:01.933407 [INFO] 1

2026/01/01 00:40:02.427992 [INFO] Loading Manifest...
2026/01/01 00:40:02.435175 [INFO] Running command: /opt/aws/bin/cfn-get-metadata -s arn:aws:cloudformation:us-east-1:188701360622:stack/awseb-e-ibwb4kyapk-stack/25f4ff40-e6a9-11f0-a99f-0affd9bc13ff -r AWSEBAutoScalingGroup --region us-east-1
2026/01/01 00:40:02.977518 [INFO] Running command: /opt/aws/bin/cfn-get-metadata -s arn:aws:cloudformation:us-east-1:188701360622:stack/awseb-e-ibwb4kyapk-stack/25f4ff40-e6a9-11f0-a99f-0affd9bc13ff -r AWSEBBeanstalkMetadata --region us-east-1
2026/01/01 00:40:03.296583 [INFO] Checking if docker is running...
2026/01/01 00:40:03.296656 [INFO] Fetch current app container id...
2026/01/01 00:40:03.296685 [INFO] Running command: docker ps | grep 25ec71eb124b
2026/01/01 00:40:03.313244 [INFO] Starting container 25ec71eb124b
2026/01/01 00:40:03.313279 [INFO] Running command: docker start  25ec71eb124b
2026/01/01 00:40:03.648127 [INFO] 25ec71eb124b

2026/01/01 00:40:03.648239 [INFO] Clear existing beanstalk iptables rules...
2026/01/01 00:40:03.648256 [INFO] Running command: iptables-save | grep -v added_by_elasticbeanstalk | iptables-restore
2026/01/01 00:40:03.742586 [INFO] Getting container info...
2026/01/01 00:40:03.742615 [INFO] Running command: docker inspect 25ec71eb124b
2026/01/01 00:40:03.763645 [INFO] Running command: ip route show default | awk '{print $5}'
2026/01/01 00:40:03.771595 [INFO] ens5

2026/01/01 00:40:03.771622 [INFO] Writing nginx upstream config...
2026/01/01 00:40:03.774127 [INFO] Running command: systemctl show -p PartOf nginx.service
2026/01/01 00:40:03.788877 [WARN] process nginx is already registered, skip registering again...
2026/01/01 00:40:03.788914 [INFO] Running command: systemctl show -p PartOf nginx.service
2026/01/01 00:40:03.804174 [INFO] Running command: systemctl restart nginx.service
2026/01/01 00:40:04.835412 [INFO] Running command: service iptables save
2026/01/01 00:40:04.917950 [INFO] iptables: Saving firewall rules to /etc/sysconfig/iptables: [  OK  ]

2026/01/01 00:40:04.917976 [INFO] Traffic forward set-up completed.
2026/01/01 00:40:04.917988 [INFO] Running command: docker wait  25ec71eb124b
2026/01/01 00:40:09.645366 [INFO] 1

2026/01/01 00:40:09.918319 [INFO] Loading Manifest...
2026/01/01 00:40:09.925875 [INFO] Running command: /opt/aws/bin/cfn-get-metadata -s arn:aws:cloudformation:us-east-1:188701360622:stack/awseb-e-ibwb4kyapk-stack/25f4ff40-e6a9-11f0-a99f-0affd9bc13ff -r AWSEBAutoScalingGroup --region us-east-1
2026/01/01 00:40:10.265030 [INFO] Running command: /opt/aws/bin/cfn-get-metadata -s arn:aws:cloudformation:us-east-1:188701360622:stack/awseb-e-ibwb4kyapk-stack/25f4ff40-e6a9-11f0-a99f-0affd9bc13ff -r AWSEBBeanstalkMetadata --region us-east-1
2026/01/01 00:40:10.577622 [INFO] Checking if docker is running...
2026/01/01 00:40:10.577641 [INFO] Fetch current app container id...
2026/01/01 00:40:10.577675 [INFO] Running command: docker ps | grep 25ec71eb124b
2026/01/01 00:40:10.592914 [INFO] Starting container 25ec71eb124b
2026/01/01 00:40:10.592948 [INFO] Running command: docker start  25ec71eb124b
2026/01/01 00:40:10.964488 [INFO] 25ec71eb124b

2026/01/01 00:40:10.964600 [INFO] Clear existing beanstalk iptables rules...
2026/01/01 00:40:10.964615 [INFO] Running command: iptables-save | grep -v added_by_elasticbeanstalk | iptables-restore
2026/01/01 00:40:11.042817 [INFO] Getting container info...
2026/01/01 00:40:11.042853 [INFO] Running command: docker inspect 25ec71eb124b
2026/01/01 00:40:11.066936 [INFO] Running command: ip route show default | awk '{print $5}'
2026/01/01 00:40:11.081595 [INFO] ens5

2026/01/01 00:40:11.081635 [INFO] Writing nginx upstream config...
2026/01/01 00:40:11.084424 [INFO] Running command: systemctl show -p PartOf nginx.service
2026/01/01 00:40:11.105995 [WARN] process nginx is already registered, skip registering again...
2026/01/01 00:40:11.106025 [INFO] Running command: systemctl show -p PartOf nginx.service
2026/01/01 00:40:11.120914 [INFO] Running command: systemctl restart nginx.service
2026/01/01 00:40:11.547223 [INFO] Running command: service iptables save
2026/01/01 00:40:11.644012 [INFO] iptables: Saving firewall rules to /etc/sysconfig/iptables: [  OK  ]

2026/01/01 00:40:11.644037 [INFO] Traffic forward set-up completed.
2026/01/01 00:40:11.644051 [INFO] Running command: docker wait  25ec71eb124b
2026/01/01 00:40:17.156200 [INFO] 1

2026/01/01 00:40:17.417968 [INFO] Loading Manifest...
2026/01/01 00:40:17.423780 [INFO] Running command: /opt/aws/bin/cfn-get-metadata -s arn:aws:cloudformation:us-east-1:188701360622:stack/awseb-e-ibwb4kyapk-stack/25f4ff40-e6a9-11f0-a99f-0affd9bc13ff -r AWSEBAutoScalingGroup --region us-east-1
2026/01/01 00:40:17.731730 [INFO] Running command: /opt/aws/bin/cfn-get-metadata -s arn:aws:cloudformation:us-east-1:188701360622:stack/awseb-e-ibwb4kyapk-stack/25f4ff40-e6a9-11f0-a99f-0affd9bc13ff -r AWSEBBeanstalkMetadata --region us-east-1
2026/01/01 00:40:18.030167 [INFO] Checking if docker is running...
2026/01/01 00:40:18.030230 [INFO] Fetch current app container id...
2026/01/01 00:40:18.030257 [INFO] Running command: docker ps | grep 25ec71eb124b
2026/01/01 00:40:18.045202 [INFO] Starting container 25ec71eb124b
2026/01/01 00:40:18.045225 [INFO] Running command: docker start  25ec71eb124b
2026/01/01 00:40:18.403801 [INFO] 25ec71eb124b

2026/01/01 00:40:18.403944 [INFO] Clear existing beanstalk iptables rules...
2026/01/01 00:40:18.403959 [INFO] Running command: iptables-save | grep -v added_by_elasticbeanstalk | iptables-restore
2026/01/01 00:40:18.472548 [INFO] Getting container info...
2026/01/01 00:40:18.472578 [INFO] Running command: docker inspect 25ec71eb124b
2026/01/01 00:40:18.501166 [INFO] Running command: ip route show default | awk '{print $5}'
2026/01/01 00:40:18.507599 [INFO] ens5

2026/01/01 00:40:18.507631 [INFO] Writing nginx upstream config...
2026/01/01 00:40:18.510060 [INFO] Running command: systemctl show -p PartOf nginx.service
2026/01/01 00:40:18.520589 [WARN] process nginx is already registered, skip registering again...
2026/01/01 00:40:18.520618 [INFO] Running command: systemctl show -p PartOf nginx.service
2026/01/01 00:40:18.539450 [INFO] Running command: systemctl restart nginx.service
2026/01/01 00:40:18.803743 [INFO] Running command: service iptables save
2026/01/01 00:40:18.864175 [INFO] iptables: Saving firewall rules to /etc/sysconfig/iptables: [  OK  ]

2026/01/01 00:40:18.864195 [INFO] Traffic forward set-up completed.
2026/01/01 00:40:18.864205 [INFO] Running command: docker wait  25ec71eb124b
2026/01/01 00:40:23.803998 [INFO] 1

2026/01/01 00:40:24.168106 [INFO] Loading Manifest...
2026/01/01 00:40:24.175045 [INFO] Running command: /opt/aws/bin/cfn-get-metadata -s arn:aws:cloudformation:us-east-1:188701360622:stack/awseb-e-ibwb4kyapk-stack/25f4ff40-e6a9-11f0-a99f-0affd9bc13ff -r AWSEBAutoScalingGroup --region us-east-1
2026/01/01 00:40:24.495450 [INFO] Running command: /opt/aws/bin/cfn-get-metadata -s arn:aws:cloudformation:us-east-1:188701360622:stack/awseb-e-ibwb4kyapk-stack/25f4ff40-e6a9-11f0-a99f-0affd9bc13ff -r AWSEBBeanstalkMetadata --region us-east-1
2026/01/01 00:40:24.798264 [INFO] Checking if docker is running...
2026/01/01 00:40:24.798358 [INFO] Fetch current app container id...
2026/01/01 00:40:24.798385 [INFO] Running command: docker ps | grep 25ec71eb124b
2026/01/01 00:40:24.813993 [INFO] Starting container 25ec71eb124b
2026/01/01 00:40:24.814015 [INFO] Running command: docker start  25ec71eb124b
2026/01/01 00:40:25.162278 [INFO] 25ec71eb124b

2026/01/01 00:40:25.162519 [INFO] Clear existing beanstalk iptables rules...
2026/01/01 00:40:25.162536 [INFO] Running command: iptables-save | grep -v added_by_elasticbeanstalk | iptables-restore
2026/01/01 00:40:25.252782 [INFO] Getting container info...
2026/01/01 00:40:25.252819 [INFO] Running command: docker inspect 25ec71eb124b
2026/01/01 00:40:25.277143 [INFO] Running command: ip route show default | awk '{print $5}'
2026/01/01 00:40:25.285994 [INFO] ens5

2026/01/01 00:40:25.286041 [INFO] Writing nginx upstream config...
2026/01/01 00:40:25.288679 [INFO] Running command: systemctl show -p PartOf nginx.service
2026/01/01 00:40:25.306239 [WARN] process nginx is already registered, skip registering again...
2026/01/01 00:40:25.306276 [INFO] Running command: systemctl show -p PartOf nginx.service
2026/01/01 00:40:25.323612 [INFO] Running command: systemctl restart nginx.service
2026/01/01 00:40:25.665954 [INFO] Running command: service iptables save
2026/01/01 00:40:25.754279 [INFO] iptables: Saving firewall rules to /etc/sysconfig/iptables: [  OK  ]

2026/01/01 00:40:25.754305 [INFO] Traffic forward set-up completed.
2026/01/01 00:40:25.754320 [INFO] Running command: docker wait  25ec71eb124b
2026/01/01 00:40:31.555958 [INFO] 1

2026/01/01 00:40:31.917564 [INFO] Loading Manifest...
2026/01/01 00:40:31.923827 [INFO] Running command: /opt/aws/bin/cfn-get-metadata -s arn:aws:cloudformation:us-east-1:188701360622:stack/awseb-e-ibwb4kyapk-stack/25f4ff40-e6a9-11f0-a99f-0affd9bc13ff -r AWSEBAutoScalingGroup --region us-east-1
2026/01/01 00:40:32.240635 [INFO] Running command: /opt/aws/bin/cfn-get-metadata -s arn:aws:cloudformation:us-east-1:188701360622:stack/awseb-e-ibwb4kyapk-stack/25f4ff40-e6a9-11f0-a99f-0affd9bc13ff -r AWSEBBeanstalkMetadata --region us-east-1
2026/01/01 00:40:32.549559 [INFO] Checking if docker is running...
2026/01/01 00:40:32.549622 [INFO] Fetch current app container id...
2026/01/01 00:40:32.549726 [INFO] Running command: docker ps | grep 25ec71eb124b
2026/01/01 00:40:32.565939 [INFO] Starting container 25ec71eb124b
2026/01/01 00:40:32.565963 [INFO] Running command: docker start  25ec71eb124b
2026/01/01 00:40:32.888531 [INFO] 25ec71eb124b

2026/01/01 00:40:32.888655 [INFO] Clear existing beanstalk iptables rules...
2026/01/01 00:40:32.888669 [INFO] Running command: iptables-save | grep -v added_by_elasticbeanstalk | iptables-restore
2026/01/01 00:40:32.982710 [INFO] Getting container info...
2026/01/01 00:40:32.982747 [INFO] Running command: docker inspect 25ec71eb124b
2026/01/01 00:40:33.013787 [INFO] Running command: ip route show default | awk '{print $5}'
2026/01/01 00:40:33.022214 [INFO] ens5

2026/01/01 00:40:33.022251 [INFO] Writing nginx upstream config...
2026/01/01 00:40:33.024646 [INFO] Running command: systemctl show -p PartOf nginx.service
2026/01/01 00:40:33.039735 [WARN] process nginx is already registered, skip registering again...
2026/01/01 00:40:33.039773 [INFO] Running command: systemctl show -p PartOf nginx.service
2026/01/01 00:40:33.055519 [INFO] Running command: systemctl restart nginx.service
2026/01/01 00:40:33.401041 [INFO] Running command: service iptables save
2026/01/01 00:40:33.473200 [INFO] iptables: Saving firewall rules to /etc/sysconfig/iptables: [  OK  ]

2026/01/01 00:40:33.473225 [INFO] Traffic forward set-up completed.
2026/01/01 00:40:33.473237 [INFO] Running command: docker wait  25ec71eb124b
2026/01/01 00:40:39.157818 [INFO] 1

2026/01/01 00:40:39.432989 [INFO] Loading Manifest...
2026/01/01 00:40:39.447125 [INFO] Running command: /opt/aws/bin/cfn-get-metadata -s arn:aws:cloudformation:us-east-1:188701360622:stack/awseb-e-ibwb4kyapk-stack/25f4ff40-e6a9-11f0-a99f-0affd9bc13ff -r AWSEBAutoScalingGroup --region us-east-1
2026/01/01 00:40:39.774645 [INFO] Running command: /opt/aws/bin/cfn-get-metadata -s arn:aws:cloudformation:us-east-1:188701360622:stack/awseb-e-ibwb4kyapk-stack/25f4ff40-e6a9-11f0-a99f-0affd9bc13ff -r AWSEBBeanstalkMetadata --region us-east-1
2026/01/01 00:40:40.095975 [INFO] Checking if docker is running...
2026/01/01 00:40:40.096005 [INFO] Fetch current app container id...
2026/01/01 00:40:40.096068 [INFO] Running command: docker ps | grep 25ec71eb124b
2026/01/01 00:40:40.112195 [INFO] Starting container 25ec71eb124b
2026/01/01 00:40:40.112217 [INFO] Running command: docker start  25ec71eb124b
2026/01/01 00:40:40.472965 [INFO] 25ec71eb124b

2026/01/01 00:40:40.473732 [INFO] Clear existing beanstalk iptables rules...
2026/01/01 00:40:40.473754 [INFO] Running command: iptables-save | grep -v added_by_elasticbeanstalk | iptables-restore
2026/01/01 00:40:40.562761 [INFO] Getting container info...
2026/01/01 00:40:40.562808 [INFO] Running command: docker inspect 25ec71eb124b
2026/01/01 00:40:40.583400 [INFO] Running command: ip route show default | awk '{print $5}'
2026/01/01 00:40:40.593528 [INFO] ens5

2026/01/01 00:40:40.593562 [INFO] Writing nginx upstream config...
2026/01/01 00:40:40.596079 [INFO] Running command: systemctl show -p PartOf nginx.service
2026/01/01 00:40:40.610630 [WARN] process nginx is already registered, skip registering again...
2026/01/01 00:40:40.610662 [INFO] Running command: systemctl show -p PartOf nginx.service
2026/01/01 00:40:40.625025 [INFO] Running command: systemctl restart nginx.service
2026/01/01 00:40:40.976550 [INFO] Running command: service iptables save
2026/01/01 00:40:41.061373 [INFO] iptables: Saving firewall rules to /etc/sysconfig/iptables: [  OK  ]

2026/01/01 00:40:41.061399 [INFO] Traffic forward set-up completed.
2026/01/01 00:40:41.061411 [INFO] Running command: docker wait  25ec71eb124b
2026/01/01 00:40:46.858087 [INFO] 1

2026/01/01 00:40:47.175215 [INFO] Loading Manifest...
2026/01/01 00:40:47.187189 [INFO] Running command: /opt/aws/bin/cfn-get-metadata -s arn:aws:cloudformation:us-east-1:188701360622:stack/awseb-e-ibwb4kyapk-stack/25f4ff40-e6a9-11f0-a99f-0affd9bc13ff -r AWSEBAutoScalingGroup --region us-east-1
2026/01/01 00:40:47.514084 [INFO] Running command: /opt/aws/bin/cfn-get-metadata -s arn:aws:cloudformation:us-east-1:188701360622:stack/awseb-e-ibwb4kyapk-stack/25f4ff40-e6a9-11f0-a99f-0affd9bc13ff -r AWSEBBeanstalkMetadata --region us-east-1
2026/01/01 00:40:47.824153 [INFO] Checking if docker is running...
2026/01/01 00:40:47.824232 [INFO] Fetch current app container id...
2026/01/01 00:40:47.824257 [INFO] Running command: docker ps | grep 25ec71eb124b
2026/01/01 00:40:47.839960 [INFO] Starting container 25ec71eb124b
2026/01/01 00:40:47.839984 [INFO] Running command: docker start  25ec71eb124b
2026/01/01 00:40:48.203716 [INFO] 25ec71eb124b

2026/01/01 00:40:48.203849 [INFO] Clear existing beanstalk iptables rules...
2026/01/01 00:40:48.203865 [INFO] Running command: iptables-save | grep -v added_by_elasticbeanstalk | iptables-restore
2026/01/01 00:40:48.282559 [INFO] Getting container info...
2026/01/01 00:40:48.282588 [INFO] Running command: docker inspect 25ec71eb124b
2026/01/01 00:40:48.319054 [INFO] Running command: ip route show default | awk '{print $5}'
2026/01/01 00:40:48.328179 [INFO] ens5

2026/01/01 00:40:48.328213 [INFO] Writing nginx upstream config...
2026/01/01 00:40:48.330377 [INFO] Running command: systemctl show -p PartOf nginx.service
2026/01/01 00:40:48.341001 [WARN] process nginx is already registered, skip registering again...
2026/01/01 00:40:48.341032 [INFO] Running command: systemctl show -p PartOf nginx.service
2026/01/01 00:40:48.350724 [INFO] Running command: systemctl restart nginx.service
2026/01/01 00:40:48.646635 [INFO] Running command: service iptables save
2026/01/01 00:40:48.723186 [INFO] iptables: Saving firewall rules to /etc/sysconfig/iptables: [  OK  ]

2026/01/01 00:40:48.723215 [INFO] Traffic forward set-up completed.
2026/01/01 00:40:48.723226 [INFO] Running command: docker wait  25ec71eb124b
2026/01/01 00:40:53.424818 [INFO] 1

2026/01/01 00:40:53.917523 [INFO] Loading Manifest...
2026/01/01 00:40:53.924725 [INFO] Running command: /opt/aws/bin/cfn-get-metadata -s arn:aws:cloudformation:us-east-1:188701360622:stack/awseb-e-ibwb4kyapk-stack/25f4ff40-e6a9-11f0-a99f-0affd9bc13ff -r AWSEBAutoScalingGroup --region us-east-1
2026/01/01 00:40:54.238268 [INFO] Running command: /opt/aws/bin/cfn-get-metadata -s arn:aws:cloudformation:us-east-1:188701360622:stack/awseb-e-ibwb4kyapk-stack/25f4ff40-e6a9-11f0-a99f-0affd9bc13ff -r AWSEBBeanstalkMetadata --region us-east-1
2026/01/01 00:40:54.540322 [INFO] Checking if docker is running...
2026/01/01 00:40:54.540387 [INFO] Fetch current app container id...
2026/01/01 00:40:54.540410 [INFO] Running command: docker ps | grep 25ec71eb124b
2026/01/01 00:40:54.554609 [INFO] Starting container 25ec71eb124b
2026/01/01 00:40:54.554652 [INFO] Running command: docker start  25ec71eb124b
2026/01/01 00:40:54.889477 [INFO] 25ec71eb124b

2026/01/01 00:40:54.889576 [INFO] Clear existing beanstalk iptables rules...
2026/01/01 00:40:54.889591 [INFO] Running command: iptables-save | grep -v added_by_elasticbeanstalk | iptables-restore
2026/01/01 00:40:54.972685 [INFO] Getting container info...
2026/01/01 00:40:54.972721 [INFO] Running command: docker inspect 25ec71eb124b
2026/01/01 00:40:55.003316 [INFO] Running command: ip route show default | awk '{print $5}'
2026/01/01 00:40:55.009448 [INFO] ens5

2026/01/01 00:40:55.009488 [INFO] Writing nginx upstream config...
2026/01/01 00:40:55.011980 [INFO] Running command: systemctl show -p PartOf nginx.service
2026/01/01 00:40:55.026452 [WARN] process nginx is already registered, skip registering again...
2026/01/01 00:40:55.026491 [INFO] Running command: systemctl show -p PartOf nginx.service
2026/01/01 00:40:55.042018 [INFO] Running command: systemctl restart nginx.service
2026/01/01 00:40:55.450723 [INFO] Running command: service iptables save
2026/01/01 00:40:55.519891 [INFO] iptables: Saving firewall rules to /etc/sysconfig/iptables: [  OK  ]

2026/01/01 00:40:55.519916 [INFO] Traffic forward set-up completed.
2026/01/01 00:40:55.519942 [INFO] Running command: docker wait  25ec71eb124b
2026/01/01 00:41:00.597781 [INFO] 1

2026/01/01 00:41:00.927692 [INFO] Loading Manifest...
2026/01/01 00:41:00.935801 [INFO] Running command: /opt/aws/bin/cfn-get-metadata -s arn:aws:cloudformation:us-east-1:188701360622:stack/awseb-e-ibwb4kyapk-stack/25f4ff40-e6a9-11f0-a99f-0affd9bc13ff -r AWSEBAutoScalingGroup --region us-east-1
2026/01/01 00:41:01.285831 [INFO] Running command: /opt/aws/bin/cfn-get-metadata -s arn:aws:cloudformation:us-east-1:188701360622:stack/awseb-e-ibwb4kyapk-stack/25f4ff40-e6a9-11f0-a99f-0affd9bc13ff -r AWSEBBeanstalkMetadata --region us-east-1
2026/01/01 00:41:01.689192 [INFO] Checking if docker is running...
2026/01/01 00:41:01.689228 [INFO] Fetch current app container id...
2026/01/01 00:41:01.689253 [INFO] Running command: docker ps | grep 25ec71eb124b
2026/01/01 00:41:01.706658 [INFO] Starting container 25ec71eb124b
2026/01/01 00:41:01.706690 [INFO] Running command: docker start  25ec71eb124b
2026/01/01 00:41:02.208078 [INFO] 25ec71eb124b

2026/01/01 00:41:02.208253 [INFO] Clear existing beanstalk iptables rules...
2026/01/01 00:41:02.208265 [INFO] Running command: iptables-save | grep -v added_by_elasticbeanstalk | iptables-restore
2026/01/01 00:41:02.292719 [INFO] Getting container info...
2026/01/01 00:41:02.292752 [INFO] Running command: docker inspect 25ec71eb124b
2026/01/01 00:41:02.314282 [INFO] Running command: ip route show default | awk '{print $5}'
2026/01/01 00:41:02.323408 [INFO] ens5

2026/01/01 00:41:02.323447 [INFO] Writing nginx upstream config...
2026/01/01 00:41:02.328707 [INFO] Running command: systemctl show -p PartOf nginx.service
2026/01/01 00:41:02.343534 [WARN] process nginx is already registered, skip registering again...
2026/01/01 00:41:02.343572 [INFO] Running command: systemctl show -p PartOf nginx.service
2026/01/01 00:41:02.359024 [INFO] Running command: systemctl restart nginx.service
2026/01/01 00:41:02.693739 [INFO] Running command: service iptables save
2026/01/01 00:41:02.787552 [INFO] iptables: Saving firewall rules to /etc/sysconfig/iptables: [  OK  ]

2026/01/01 00:41:02.787578 [INFO] Traffic forward set-up completed.
2026/01/01 00:41:02.787590 [INFO] Running command: docker wait  25ec71eb124b
2026/01/01 00:41:08.376527 [INFO] 1

2026/01/01 00:41:08.687401 [INFO] Loading Manifest...
2026/01/01 00:41:08.697638 [INFO] Running command: /opt/aws/bin/cfn-get-metadata -s arn:aws:cloudformation:us-east-1:188701360622:stack/awseb-e-ibwb4kyapk-stack/25f4ff40-e6a9-11f0-a99f-0affd9bc13ff -r AWSEBAutoScalingGroup --region us-east-1
2026/01/01 00:41:09.017476 [INFO] Running command: /opt/aws/bin/cfn-get-metadata -s arn:aws:cloudformation:us-east-1:188701360622:stack/awseb-e-ibwb4kyapk-stack/25f4ff40-e6a9-11f0-a99f-0affd9bc13ff -r AWSEBBeanstalkMetadata --region us-east-1
2026/01/01 00:41:09.321207 [INFO] Checking if docker is running...
2026/01/01 00:41:09.321232 [INFO] Fetch current app container id...
2026/01/01 00:41:09.321257 [INFO] Running command: docker ps | grep 25ec71eb124b
2026/01/01 00:41:09.337136 [INFO] Starting container 25ec71eb124b
2026/01/01 00:41:09.337159 [INFO] Running command: docker start  25ec71eb124b
2026/01/01 00:41:09.711503 [INFO] 25ec71eb124b

2026/01/01 00:41:09.711586 [INFO] Clear existing beanstalk iptables rules...
2026/01/01 00:41:09.711596 [INFO] Running command: iptables-save | grep -v added_by_elasticbeanstalk | iptables-restore
2026/01/01 00:41:09.792576 [INFO] Getting container info...
2026/01/01 00:41:09.792608 [INFO] Running command: docker inspect 25ec71eb124b
2026/01/01 00:41:09.810009 [INFO] Running command: ip route show default | awk '{print $5}'
2026/01/01 00:41:09.815861 [INFO] ens5

2026/01/01 00:41:09.815892 [INFO] Writing nginx upstream config...
2026/01/01 00:41:09.818309 [INFO] Running command: systemctl show -p PartOf nginx.service
2026/01/01 00:41:09.828397 [WARN] process nginx is already registered, skip registering again...
2026/01/01 00:41:09.828427 [INFO] Running command: systemctl show -p PartOf nginx.service
2026/01/01 00:41:09.838100 [INFO] Running command: systemctl restart nginx.service
2026/01/01 00:41:10.095544 [INFO] Running command: service iptables save
2026/01/01 00:41:10.170317 [INFO] iptables: Saving firewall rules to /etc/sysconfig/iptables: [  OK  ]

2026/01/01 00:41:10.170347 [INFO] Traffic forward set-up completed.
2026/01/01 00:41:10.170358 [INFO] Running command: docker wait  25ec71eb124b
2026/01/01 00:41:15.424204 [INFO] 1

2026/01/01 00:41:15.917431 [INFO] Loading Manifest...
2026/01/01 00:41:15.924667 [INFO] Running command: /opt/aws/bin/cfn-get-metadata -s arn:aws:cloudformation:us-east-1:188701360622:stack/awseb-e-ibwb4kyapk-stack/25f4ff40-e6a9-11f0-a99f-0affd9bc13ff -r AWSEBAutoScalingGroup --region us-east-1
2026/01/01 00:41:16.243137 [INFO] Running command: /opt/aws/bin/cfn-get-metadata -s arn:aws:cloudformation:us-east-1:188701360622:stack/awseb-e-ibwb4kyapk-stack/25f4ff40-e6a9-11f0-a99f-0affd9bc13ff -r AWSEBBeanstalkMetadata --region us-east-1
2026/01/01 00:41:16.559999 [INFO] Checking if docker is running...
2026/01/01 00:41:16.560073 [INFO] Fetch current app container id...
2026/01/01 00:41:16.560108 [INFO] Running command: docker ps | grep 25ec71eb124b
2026/01/01 00:41:16.586774 [INFO] Starting container 25ec71eb124b
2026/01/01 00:41:16.586805 [INFO] Running command: docker start  25ec71eb124b
2026/01/01 00:41:16.978816 [INFO] 25ec71eb124b

2026/01/01 00:41:16.978924 [INFO] Clear existing beanstalk iptables rules...
2026/01/01 00:41:16.978937 [INFO] Running command: iptables-save | grep -v added_by_elasticbeanstalk | iptables-restore
2026/01/01 00:41:17.032752 [INFO] Getting container info...
2026/01/01 00:41:17.032790 [INFO] Running command: docker inspect 25ec71eb124b
2026/01/01 00:41:17.083720 [INFO] Running command: ip route show default | awk '{print $5}'
2026/01/01 00:41:17.090558 [INFO] ens5

2026/01/01 00:41:17.090585 [INFO] Writing nginx upstream config...
2026/01/01 00:41:17.093064 [INFO] Running command: systemctl show -p PartOf nginx.service
2026/01/01 00:41:17.105740 [WARN] process nginx is already registered, skip registering again...
2026/01/01 00:41:17.105771 [INFO] Running command: systemctl show -p PartOf nginx.service
2026/01/01 00:41:17.119664 [INFO] Running command: systemctl restart nginx.service
2026/01/01 00:41:17.479876 [INFO] Running command: service iptables save
2026/01/01 00:41:17.581650 [INFO] iptables: Saving firewall rules to /etc/sysconfig/iptables: [  OK  ]

2026/01/01 00:41:17.581677 [INFO] Traffic forward set-up completed.
2026/01/01 00:41:17.581689 [INFO] Running command: docker wait  25ec71eb124b
2026/01/01 00:41:23.085188 [INFO] 1

2026/01/01 00:41:23.417442 [INFO] Loading Manifest...
2026/01/01 00:41:23.422884 [INFO] Running command: /opt/aws/bin/cfn-get-metadata -s arn:aws:cloudformation:us-east-1:188701360622:stack/awseb-e-ibwb4kyapk-stack/25f4ff40-e6a9-11f0-a99f-0affd9bc13ff -r AWSEBAutoScalingGroup --region us-east-1
2026/01/01 00:41:23.749193 [INFO] Running command: /opt/aws/bin/cfn-get-metadata -s arn:aws:cloudformation:us-east-1:188701360622:stack/awseb-e-ibwb4kyapk-stack/25f4ff40-e6a9-11f0-a99f-0affd9bc13ff -r AWSEBBeanstalkMetadata --region us-east-1
2026/01/01 00:41:24.053358 [INFO] Checking if docker is running...
2026/01/01 00:41:24.053389 [INFO] Fetch current app container id...
2026/01/01 00:41:24.053417 [INFO] Running command: docker ps | grep 25ec71eb124b
2026/01/01 00:41:24.068630 [INFO] Starting container 25ec71eb124b
2026/01/01 00:41:24.068652 [INFO] Running command: docker start  25ec71eb124b
2026/01/01 00:41:24.430524 [INFO] 25ec71eb124b

2026/01/01 00:41:24.430633 [INFO] Clear existing beanstalk iptables rules...
2026/01/01 00:41:24.430651 [INFO] Running command: iptables-save | grep -v added_by_elasticbeanstalk | iptables-restore
2026/01/01 00:41:24.542786 [INFO] Getting container info...
2026/01/01 00:41:24.542823 [INFO] Running command: docker inspect 25ec71eb124b
2026/01/01 00:41:24.577009 [INFO] Running command: ip route show default | awk '{print $5}'
2026/01/01 00:41:24.584755 [INFO] ens5

2026/01/01 00:41:24.584800 [INFO] Writing nginx upstream config...
2026/01/01 00:41:24.587424 [INFO] Running command: systemctl show -p PartOf nginx.service
2026/01/01 00:41:24.607115 [WARN] process nginx is already registered, skip registering again...
2026/01/01 00:41:24.607153 [INFO] Running command: systemctl show -p PartOf nginx.service
2026/01/01 00:41:24.621539 [INFO] Running command: systemctl restart nginx.service
2026/01/01 00:41:24.928438 [INFO] Running command: service iptables save
2026/01/01 00:41:25.021058 [INFO] iptables: Saving firewall rules to /etc/sysconfig/iptables: [  OK  ]

2026/01/01 00:41:25.021081 [INFO] Traffic forward set-up completed.
2026/01/01 00:41:25.021093 [INFO] Running command: docker wait  25ec71eb124b
2026/01/01 00:41:30.746703 [INFO] 1

2026/01/01 00:41:31.169621 [INFO] Loading Manifest...
2026/01/01 00:41:31.176959 [INFO] Running command: /opt/aws/bin/cfn-get-metadata -s arn:aws:cloudformation:us-east-1:188701360622:stack/awseb-e-ibwb4kyapk-stack/25f4ff40-e6a9-11f0-a99f-0affd9bc13ff -r AWSEBAutoScalingGroup --region us-east-1
2026/01/01 00:41:31.496713 [INFO] Running command: /opt/aws/bin/cfn-get-metadata -s arn:aws:cloudformation:us-east-1:188701360622:stack/awseb-e-ibwb4kyapk-stack/25f4ff40-e6a9-11f0-a99f-0affd9bc13ff -r AWSEBBeanstalkMetadata --region us-east-1
2026/01/01 00:41:31.797904 [INFO] Checking if docker is running...
2026/01/01 00:41:31.797967 [INFO] Fetch current app container id...
2026/01/01 00:41:31.797988 [INFO] Running command: docker ps | grep 25ec71eb124b
2026/01/01 00:41:31.812338 [INFO] Starting container 25ec71eb124b
2026/01/01 00:41:31.812362 [INFO] Running command: docker start  25ec71eb124b
2026/01/01 00:41:32.205013 [INFO] 25ec71eb124b

2026/01/01 00:41:32.205219 [INFO] Clear existing beanstalk iptables rules...
2026/01/01 00:41:32.205235 [INFO] Running command: iptables-save | grep -v added_by_elasticbeanstalk | iptables-restore
2026/01/01 00:41:32.292608 [INFO] Getting container info...
2026/01/01 00:41:32.292638 [INFO] Running command: docker inspect 25ec71eb124b
2026/01/01 00:41:32.320268 [INFO] Running command: ip route show default | awk '{print $5}'
2026/01/01 00:41:32.329395 [INFO] ens5

2026/01/01 00:41:32.329434 [INFO] Writing nginx upstream config...
2026/01/01 00:41:32.332012 [INFO] Running command: systemctl show -p PartOf nginx.service
2026/01/01 00:41:32.347032 [WARN] process nginx is already registered, skip registering again...
2026/01/01 00:41:32.347069 [INFO] Running command: systemctl show -p PartOf nginx.service
2026/01/01 00:41:32.361928 [INFO] Running command: systemctl restart nginx.service
2026/01/01 00:41:32.725902 [INFO] Running command: service iptables save
2026/01/01 00:41:32.840812 [INFO] iptables: Saving firewall rules to /etc/sysconfig/iptables: [  OK  ]

2026/01/01 00:41:32.840837 [INFO] Traffic forward set-up completed.
2026/01/01 00:41:32.840881 [INFO] Running command: docker wait  25ec71eb124b
2026/01/01 00:41:38.584663 [INFO] 1

2026/01/01 00:41:38.919462 [INFO] Loading Manifest...
2026/01/01 00:41:38.926375 [INFO] Running command: /opt/aws/bin/cfn-get-metadata -s arn:aws:cloudformation:us-east-1:188701360622:stack/awseb-e-ibwb4kyapk-stack/25f4ff40-e6a9-11f0-a99f-0affd9bc13ff -r AWSEBAutoScalingGroup --region us-east-1
2026/01/01 00:41:39.252447 [INFO] Running command: /opt/aws/bin/cfn-get-metadata -s arn:aws:cloudformation:us-east-1:188701360622:stack/awseb-e-ibwb4kyapk-stack/25f4ff40-e6a9-11f0-a99f-0affd9bc13ff -r AWSEBBeanstalkMetadata --region us-east-1
2026/01/01 00:41:39.557226 [INFO] Checking if docker is running...
2026/01/01 00:41:39.557296 [INFO] Fetch current app container id...
2026/01/01 00:41:39.557323 [INFO] Running command: docker ps | grep 25ec71eb124b
2026/01/01 00:41:39.573754 [INFO] Starting container 25ec71eb124b
2026/01/01 00:41:39.573791 [INFO] Running command: docker start  25ec71eb124b
2026/01/01 00:41:39.954235 [INFO] 25ec71eb124b

2026/01/01 00:41:39.954367 [INFO] Clear existing beanstalk iptables rules...
2026/01/01 00:41:39.954388 [INFO] Running command: iptables-save | grep -v added_by_elasticbeanstalk | iptables-restore
2026/01/01 00:41:40.032792 [INFO] Getting container info...
2026/01/01 00:41:40.032828 [INFO] Running command: docker inspect 25ec71eb124b
2026/01/01 00:41:40.062243 [INFO] Running command: ip route show default | awk '{print $5}'
2026/01/01 00:41:40.076899 [INFO] ens5

2026/01/01 00:41:40.076937 [INFO] Writing nginx upstream config...
2026/01/01 00:41:40.079476 [INFO] Running command: systemctl show -p PartOf nginx.service
2026/01/01 00:41:40.094320 [WARN] process nginx is already registered, skip registering again...
2026/01/01 00:41:40.094356 [INFO] Running command: systemctl show -p PartOf nginx.service
2026/01/01 00:41:40.112272 [INFO] Running command: systemctl restart nginx.service
2026/01/01 00:41:40.410114 [INFO] Running command: service iptables save
2026/01/01 00:41:40.503716 [INFO] iptables: Saving firewall rules to /etc/sysconfig/iptables: [  OK  ]

2026/01/01 00:41:40.503742 [INFO] Traffic forward set-up completed.
2026/01/01 00:41:40.503755 [INFO] Running command: docker wait  25ec71eb124b
2026/01/01 00:41:46.245168 [INFO] 1

2026/01/01 00:41:46.667712 [INFO] Loading Manifest...
2026/01/01 00:41:46.675794 [INFO] Running command: /opt/aws/bin/cfn-get-metadata -s arn:aws:cloudformation:us-east-1:188701360622:stack/awseb-e-ibwb4kyapk-stack/25f4ff40-e6a9-11f0-a99f-0affd9bc13ff -r AWSEBAutoScalingGroup --region us-east-1
2026/01/01 00:41:46.986953 [INFO] Running command: /opt/aws/bin/cfn-get-metadata -s arn:aws:cloudformation:us-east-1:188701360622:stack/awseb-e-ibwb4kyapk-stack/25f4ff40-e6a9-11f0-a99f-0affd9bc13ff -r AWSEBBeanstalkMetadata --region us-east-1
2026/01/01 00:41:47.289986 [INFO] Checking if docker is running...
2026/01/01 00:41:47.290008 [INFO] Fetch current app container id...
2026/01/01 00:41:47.290037 [INFO] Running command: docker ps | grep 25ec71eb124b
2026/01/01 00:41:47.305395 [INFO] Starting container 25ec71eb124b
2026/01/01 00:41:47.305420 [INFO] Running command: docker start  25ec71eb124b
2026/01/01 00:41:47.669522 [INFO] 25ec71eb124b

2026/01/01 00:41:47.669707 [INFO] Clear existing beanstalk iptables rules...
2026/01/01 00:41:47.669728 [INFO] Running command: iptables-save | grep -v added_by_elasticbeanstalk | iptables-restore
2026/01/01 00:41:47.742635 [INFO] Getting container info...
2026/01/01 00:41:47.742668 [INFO] Running command: docker inspect 25ec71eb124b
2026/01/01 00:41:47.765164 [INFO] Running command: ip route show default | awk '{print $5}'
2026/01/01 00:41:47.774266 [INFO] ens5

2026/01/01 00:41:47.774305 [INFO] Writing nginx upstream config...
2026/01/01 00:41:47.776801 [INFO] Running command: systemctl show -p PartOf nginx.service
2026/01/01 00:41:47.791945 [WARN] process nginx is already registered, skip registering again...
2026/01/01 00:41:47.791981 [INFO] Running command: systemctl show -p PartOf nginx.service
2026/01/01 00:41:47.807583 [INFO] Running command: systemctl restart nginx.service
2026/01/01 00:41:48.139476 [INFO] Running command: service iptables save
2026/01/01 00:41:48.252505 [INFO] iptables: Saving firewall rules to /etc/sysconfig/iptables: [  OK  ]

2026/01/01 00:41:48.252533 [INFO] Traffic forward set-up completed.
2026/01/01 00:41:48.252545 [INFO] Running command: docker wait  25ec71eb124b
2026/01/01 00:41:54.134476 [INFO] 1

2026/01/01 00:41:54.429283 [INFO] Loading Manifest...
2026/01/01 00:41:54.436120 [INFO] Running command: /opt/aws/bin/cfn-get-metadata -s arn:aws:cloudformation:us-east-1:188701360622:stack/awseb-e-ibwb4kyapk-stack/25f4ff40-e6a9-11f0-a99f-0affd9bc13ff -r AWSEBAutoScalingGroup --region us-east-1
2026/01/01 00:41:54.757716 [INFO] Running command: /opt/aws/bin/cfn-get-metadata -s arn:aws:cloudformation:us-east-1:188701360622:stack/awseb-e-ibwb4kyapk-stack/25f4ff40-e6a9-11f0-a99f-0affd9bc13ff -r AWSEBBeanstalkMetadata --region us-east-1
2026/01/01 00:41:55.087218 [INFO] Checking if docker is running...
2026/01/01 00:41:55.087309 [INFO] Fetch current app container id...
2026/01/01 00:41:55.087340 [INFO] Running command: docker ps | grep 25ec71eb124b
2026/01/01 00:41:55.103229 [INFO] Starting container 25ec71eb124b
2026/01/01 00:41:55.103253 [INFO] Running command: docker start  25ec71eb124b
2026/01/01 00:41:55.405621 [INFO] 25ec71eb124b

2026/01/01 00:41:55.405843 [INFO] Clear existing beanstalk iptables rules...
2026/01/01 00:41:55.405859 [INFO] Running command: iptables-save | grep -v added_by_elasticbeanstalk | iptables-restore
2026/01/01 00:41:55.472787 [INFO] Getting container info...
2026/01/01 00:41:55.472823 [INFO] Running command: docker inspect 25ec71eb124b
2026/01/01 00:41:55.503701 [INFO] Running command: ip route show default | awk '{print $5}'
2026/01/01 00:41:55.509493 [INFO] ens5

2026/01/01 00:41:55.509521 [INFO] Writing nginx upstream config...
2026/01/01 00:41:55.513068 [INFO] Running command: systemctl show -p PartOf nginx.service
2026/01/01 00:41:55.525807 [WARN] process nginx is already registered, skip registering again...
2026/01/01 00:41:55.525843 [INFO] Running command: systemctl show -p PartOf nginx.service
2026/01/01 00:41:55.538178 [INFO] Running command: systemctl restart nginx.service
2026/01/01 00:41:55.832264 [INFO] Running command: service iptables save
2026/01/01 00:41:55.927125 [INFO] iptables: Saving firewall rules to /etc/sysconfig/iptables: [  OK  ]

2026/01/01 00:41:55.927150 [INFO] Traffic forward set-up completed.
2026/01/01 00:41:55.927164 [INFO] Running command: docker wait  25ec71eb124b
2026/01/01 00:42:02.077824 [INFO] 1

2026/01/01 00:42:02.436304 [INFO] Loading Manifest...
2026/01/01 00:42:02.453069 [INFO] Running command: /opt/aws/bin/cfn-get-metadata -s arn:aws:cloudformation:us-east-1:188701360622:stack/awseb-e-ibwb4kyapk-stack/25f4ff40-e6a9-11f0-a99f-0affd9bc13ff -r AWSEBAutoScalingGroup --region us-east-1
2026/01/01 00:42:03.166876 [INFO] Running command: /opt/aws/bin/cfn-get-metadata -s arn:aws:cloudformation:us-east-1:188701360622:stack/awseb-e-ibwb4kyapk-stack/25f4ff40-e6a9-11f0-a99f-0affd9bc13ff -r AWSEBBeanstalkMetadata --region us-east-1
2026/01/01 00:42:03.511401 [INFO] Checking if docker is running...
2026/01/01 00:42:03.511475 [INFO] Fetch current app container id...
2026/01/01 00:42:03.511500 [INFO] Running command: docker ps | grep 25ec71eb124b
2026/01/01 00:42:03.527315 [INFO] Starting container 25ec71eb124b
2026/01/01 00:42:03.527341 [INFO] Running command: docker start  25ec71eb124b
2026/01/01 00:42:03.912207 [INFO] 25ec71eb124b

2026/01/01 00:42:03.912393 [INFO] Clear existing beanstalk iptables rules...
2026/01/01 00:42:03.912410 [INFO] Running command: iptables-save | grep -v added_by_elasticbeanstalk | iptables-restore
2026/01/01 00:42:04.002794 [INFO] Getting container info...
2026/01/01 00:42:04.002824 [INFO] Running command: docker inspect 25ec71eb124b
2026/01/01 00:42:04.024045 [INFO] Running command: ip route show default | awk '{print $5}'
2026/01/01 00:42:04.033150 [INFO] ens5

2026/01/01 00:42:04.033189 [INFO] Writing nginx upstream config...
2026/01/01 00:42:04.035660 [INFO] Running command: systemctl show -p PartOf nginx.service
2026/01/01 00:42:04.051153 [WARN] process nginx is already registered, skip registering again...
2026/01/01 00:42:04.051209 [INFO] Running command: systemctl show -p PartOf nginx.service
2026/01/01 00:42:04.067225 [INFO] Running command: systemctl restart nginx.service
2026/01/01 00:42:05.066690 [INFO] Running command: service iptables save
2026/01/01 00:42:05.142258 [INFO] iptables: Saving firewall rules to /etc/sysconfig/iptables: [  OK  ]

2026/01/01 00:42:05.142283 [INFO] Traffic forward set-up completed.
2026/01/01 00:42:05.142297 [INFO] Running command: docker wait  25ec71eb124b
2026/01/01 00:42:10.363751 [INFO] 1

2026/01/01 00:42:10.678231 [INFO] Loading Manifest...
2026/01/01 00:42:10.684218 [INFO] Running command: /opt/aws/bin/cfn-get-metadata -s arn:aws:cloudformation:us-east-1:188701360622:stack/awseb-e-ibwb4kyapk-stack/25f4ff40-e6a9-11f0-a99f-0affd9bc13ff -r AWSEBAutoScalingGroup --region us-east-1
2026/01/01 00:42:10.997263 [INFO] Running command: /opt/aws/bin/cfn-get-metadata -s arn:aws:cloudformation:us-east-1:188701360622:stack/awseb-e-ibwb4kyapk-stack/25f4ff40-e6a9-11f0-a99f-0affd9bc13ff -r AWSEBBeanstalkMetadata --region us-east-1
2026/01/01 00:42:11.297586 [INFO] Checking if docker is running...
2026/01/01 00:42:11.297606 [INFO] Fetch current app container id...
2026/01/01 00:42:11.297639 [INFO] Running command: docker ps | grep 25ec71eb124b
2026/01/01 00:42:11.312000 [INFO] Starting container 25ec71eb124b
2026/01/01 00:42:11.312024 [INFO] Running command: docker start  25ec71eb124b
2026/01/01 00:42:11.676941 [INFO] 25ec71eb124b

2026/01/01 00:42:11.677058 [INFO] Clear existing beanstalk iptables rules...
2026/01/01 00:42:11.677080 [INFO] Running command: iptables-save | grep -v added_by_elasticbeanstalk | iptables-restore
2026/01/01 00:42:11.762722 [INFO] Getting container info...
2026/01/01 00:42:11.762756 [INFO] Running command: docker inspect 25ec71eb124b
2026/01/01 00:42:11.791382 [INFO] Running command: ip route show default | awk '{print $5}'
2026/01/01 00:42:11.798978 [INFO] ens5

2026/01/01 00:42:11.799016 [INFO] Writing nginx upstream config...
2026/01/01 00:42:11.802254 [INFO] Running command: systemctl show -p PartOf nginx.service
2026/01/01 00:42:11.820465 [WARN] process nginx is already registered, skip registering again...
2026/01/01 00:42:11.820502 [INFO] Running command: systemctl show -p PartOf nginx.service
2026/01/01 00:42:11.842432 [INFO] Running command: systemctl restart nginx.service
2026/01/01 00:42:12.191153 [INFO] Running command: service iptables save
2026/01/01 00:42:12.295036 [INFO] iptables: Saving firewall rules to /etc/sysconfig/iptables: [  OK  ]

2026/01/01 00:42:12.295062 [INFO] Traffic forward set-up completed.
2026/01/01 00:42:12.295074 [INFO] Running command: docker wait  25ec71eb124b
2026/01/01 00:42:17.769067 [INFO] 1

2026/01/01 00:42:18.230615 [INFO] Loading Manifest...
2026/01/01 00:42:18.246148 [INFO] Running command: /opt/aws/bin/cfn-get-metadata -s arn:aws:cloudformation:us-east-1:188701360622:stack/awseb-e-ibwb4kyapk-stack/25f4ff40-e6a9-11f0-a99f-0affd9bc13ff -r AWSEBAutoScalingGroup --region us-east-1
2026/01/01 00:42:18.556206 [INFO] Running command: /opt/aws/bin/cfn-get-metadata -s arn:aws:cloudformation:us-east-1:188701360622:stack/awseb-e-ibwb4kyapk-stack/25f4ff40-e6a9-11f0-a99f-0affd9bc13ff -r AWSEBBeanstalkMetadata --region us-east-1
2026/01/01 00:42:18.858534 [INFO] Checking if docker is running...
2026/01/01 00:42:18.858597 [INFO] Fetch current app container id...
2026/01/01 00:42:18.858620 [INFO] Running command: docker ps | grep 25ec71eb124b
2026/01/01 00:42:18.874164 [INFO] Starting container 25ec71eb124b
2026/01/01 00:42:18.874189 [INFO] Running command: docker start  25ec71eb124b
2026/01/01 00:42:19.233126 [INFO] 25ec71eb124b

2026/01/01 00:42:19.233273 [INFO] Clear existing beanstalk iptables rules...
2026/01/01 00:42:19.233285 [INFO] Running command: iptables-save | grep -v added_by_elasticbeanstalk | iptables-restore
2026/01/01 00:42:19.312684 [INFO] Getting container info...
2026/01/01 00:42:19.312742 [INFO] Running command: docker inspect 25ec71eb124b
2026/01/01 00:42:19.335270 [INFO] Running command: ip route show default | awk '{print $5}'
2026/01/01 00:42:19.343525 [INFO] ens5

2026/01/01 00:42:19.343589 [INFO] Writing nginx upstream config...
2026/01/01 00:42:19.345990 [INFO] Running command: systemctl show -p PartOf nginx.service
2026/01/01 00:42:19.361306 [WARN] process nginx is already registered, skip registering again...
2026/01/01 00:42:19.361340 [INFO] Running command: systemctl show -p PartOf nginx.service
2026/01/01 00:42:19.380377 [INFO] Running command: systemctl restart nginx.service
2026/01/01 00:42:20.025751 [INFO] Running command: service iptables save
2026/01/01 00:42:20.087728 [INFO] iptables: Saving firewall rules to /etc/sysconfig/iptables: [  OK  ]

2026/01/01 00:42:20.087752 [INFO] Traffic forward set-up completed.
2026/01/01 00:42:20.087778 [INFO] Running command: docker wait  25ec71eb124b
2026/01/01 00:42:25.784594 [INFO] 1

2026/01/01 00:42:26.178595 [INFO] Loading Manifest...
2026/01/01 00:42:26.186072 [INFO] Running command: /opt/aws/bin/cfn-get-metadata -s arn:aws:cloudformation:us-east-1:188701360622:stack/awseb-e-ibwb4kyapk-stack/25f4ff40-e6a9-11f0-a99f-0affd9bc13ff -r AWSEBAutoScalingGroup --region us-east-1
2026/01/01 00:42:26.514417 [INFO] Running command: /opt/aws/bin/cfn-get-metadata -s arn:aws:cloudformation:us-east-1:188701360622:stack/awseb-e-ibwb4kyapk-stack/25f4ff40-e6a9-11f0-a99f-0affd9bc13ff -r AWSEBBeanstalkMetadata --region us-east-1
2026/01/01 00:42:26.823983 [INFO] Checking if docker is running...
2026/01/01 00:42:26.824071 [INFO] Fetch current app container id...
2026/01/01 00:42:26.824098 [INFO] Running command: docker ps | grep 25ec71eb124b
2026/01/01 00:42:26.839807 [INFO] Starting container 25ec71eb124b
2026/01/01 00:42:26.839832 [INFO] Running command: docker start  25ec71eb124b
2026/01/01 00:42:27.205072 [INFO] 25ec71eb124b

2026/01/01 00:42:27.205277 [INFO] Clear existing beanstalk iptables rules...
2026/01/01 00:42:27.205294 [INFO] Running command: iptables-save | grep -v added_by_elasticbeanstalk | iptables-restore
2026/01/01 00:42:27.302775 [INFO] Getting container info...
2026/01/01 00:42:27.302816 [INFO] Running command: docker inspect 25ec71eb124b
2026/01/01 00:42:27.334268 [INFO] Running command: ip route show default | awk '{print $5}'
2026/01/01 00:42:27.340346 [INFO] ens5

2026/01/01 00:42:27.340374 [INFO] Writing nginx upstream config...
2026/01/01 00:42:27.353276 [INFO] Running command: systemctl show -p PartOf nginx.service
2026/01/01 00:42:27.372721 [WARN] process nginx is already registered, skip registering again...
2026/01/01 00:42:27.372758 [INFO] Running command: systemctl show -p PartOf nginx.service
2026/01/01 00:42:27.387106 [INFO] Running command: systemctl restart nginx.service
2026/01/01 00:42:27.746269 [INFO] Running command: service iptables save
2026/01/01 00:42:27.835970 [INFO] iptables: Saving firewall rules to /etc/sysconfig/iptables: [  OK  ]

2026/01/01 00:42:27.835995 [INFO] Traffic forward set-up completed.
2026/01/01 00:42:27.836009 [INFO] Running command: docker wait  25ec71eb124b
2026/01/01 00:42:33.285776 [INFO] 1

2026/01/01 00:42:33.690093 [INFO] Loading Manifest...
2026/01/01 00:42:33.713906 [INFO] Running command: /opt/aws/bin/cfn-get-metadata -s arn:aws:cloudformation:us-east-1:188701360622:stack/awseb-e-ibwb4kyapk-stack/25f4ff40-e6a9-11f0-a99f-0affd9bc13ff -r AWSEBAutoScalingGroup --region us-east-1
2026/01/01 00:42:34.065411 [INFO] Running command: /opt/aws/bin/cfn-get-metadata -s arn:aws:cloudformation:us-east-1:188701360622:stack/awseb-e-ibwb4kyapk-stack/25f4ff40-e6a9-11f0-a99f-0affd9bc13ff -r AWSEBBeanstalkMetadata --region us-east-1
2026/01/01 00:42:34.384699 [INFO] Checking if docker is running...
2026/01/01 00:42:34.384774 [INFO] Fetch current app container id...
2026/01/01 00:42:34.384805 [INFO] Running command: docker ps | grep 25ec71eb124b
2026/01/01 00:42:34.415450 [INFO] Starting container 25ec71eb124b
2026/01/01 00:42:34.415475 [INFO] Running command: docker start  25ec71eb124b
2026/01/01 00:42:34.791381 [INFO] 25ec71eb124b

2026/01/01 00:42:34.792065 [INFO] Clear existing beanstalk iptables rules...
2026/01/01 00:42:34.792083 [INFO] Running command: iptables-save | grep -v added_by_elasticbeanstalk | iptables-restore
2026/01/01 00:42:34.902600 [INFO] Getting container info...
2026/01/01 00:42:34.902630 [INFO] Running command: docker inspect 25ec71eb124b
2026/01/01 00:42:34.931968 [INFO] Running command: ip route show default | awk '{print $5}'
2026/01/01 00:42:34.941934 [INFO] ens5

2026/01/01 00:42:34.941967 [INFO] Writing nginx upstream config...
2026/01/01 00:42:34.944256 [INFO] Running command: systemctl show -p PartOf nginx.service
2026/01/01 00:42:34.954417 [WARN] process nginx is already registered, skip registering again...
2026/01/01 00:42:34.954447 [INFO] Running command: systemctl show -p PartOf nginx.service
2026/01/01 00:42:34.963987 [INFO] Running command: systemctl restart nginx.service
2026/01/01 00:42:36.039762 [INFO] Running command: service iptables save
2026/01/01 00:42:36.134520 [INFO] iptables: Saving firewall rules to /etc/sysconfig/iptables: [  OK  ]

2026/01/01 00:42:36.134544 [INFO] Traffic forward set-up completed.
2026/01/01 00:42:36.134558 [INFO] Running command: docker wait  25ec71eb124b
2026/01/01 00:42:41.177338 [INFO] 1

2026/01/01 00:42:41.686627 [INFO] Loading Manifest...
2026/01/01 00:42:41.705959 [INFO] Running command: /opt/aws/bin/cfn-get-metadata -s arn:aws:cloudformation:us-east-1:188701360622:stack/awseb-e-ibwb4kyapk-stack/25f4ff40-e6a9-11f0-a99f-0affd9bc13ff -r AWSEBAutoScalingGroup --region us-east-1
2026/01/01 00:42:42.041377 [INFO] Running command: /opt/aws/bin/cfn-get-metadata -s arn:aws:cloudformation:us-east-1:188701360622:stack/awseb-e-ibwb4kyapk-stack/25f4ff40-e6a9-11f0-a99f-0affd9bc13ff -r AWSEBBeanstalkMetadata --region us-east-1
2026/01/01 00:42:42.334349 [INFO] Checking if docker is running...
2026/01/01 00:42:42.334426 [INFO] Fetch current app container id...
2026/01/01 00:42:42.334452 [INFO] Running command: docker ps | grep 25ec71eb124b
2026/01/01 00:42:42.348603 [INFO] Starting container 25ec71eb124b
2026/01/01 00:42:42.348629 [INFO] Running command: docker start  25ec71eb124b
2026/01/01 00:42:42.705558 [INFO] 25ec71eb124b

2026/01/01 00:42:42.705719 [INFO] Clear existing beanstalk iptables rules...
2026/01/01 00:42:42.705741 [INFO] Running command: iptables-save | grep -v added_by_elasticbeanstalk | iptables-restore
2026/01/01 00:42:42.802544 [INFO] Getting container info...
2026/01/01 00:42:42.802583 [INFO] Running command: docker inspect 25ec71eb124b
2026/01/01 00:42:42.832562 [INFO] Running command: ip route show default | awk '{print $5}'
2026/01/01 00:42:42.843101 [INFO] ens5

2026/01/01 00:42:42.843133 [INFO] Writing nginx upstream config...
2026/01/01 00:42:42.846637 [INFO] Running command: systemctl show -p PartOf nginx.service
2026/01/01 00:42:42.858283 [WARN] process nginx is already registered, skip registering again...
2026/01/01 00:42:42.858335 [INFO] Running command: systemctl show -p PartOf nginx.service
2026/01/01 00:42:42.868165 [INFO] Running command: systemctl restart nginx.service
2026/01/01 00:42:43.240453 [INFO] Running command: service iptables save
2026/01/01 00:42:43.343742 [INFO] iptables: Saving firewall rules to /etc/sysconfig/iptables: [  OK  ]

2026/01/01 00:42:43.343768 [INFO] Traffic forward set-up completed.
2026/01/01 00:42:43.343782 [INFO] Running command: docker wait  25ec71eb124b
2026/01/01 00:42:49.077928 [INFO] 1

2026/01/01 00:42:49.444669 [INFO] Loading Manifest...
2026/01/01 00:42:49.466536 [INFO] Running command: /opt/aws/bin/cfn-get-metadata -s arn:aws:cloudformation:us-east-1:188701360622:stack/awseb-e-ibwb4kyapk-stack/25f4ff40-e6a9-11f0-a99f-0affd9bc13ff -r AWSEBAutoScalingGroup --region us-east-1
2026/01/01 00:42:49.808527 [INFO] Running command: /opt/aws/bin/cfn-get-metadata -s arn:aws:cloudformation:us-east-1:188701360622:stack/awseb-e-ibwb4kyapk-stack/25f4ff40-e6a9-11f0-a99f-0affd9bc13ff -r AWSEBBeanstalkMetadata --region us-east-1
2026/01/01 00:42:50.118094 [INFO] Checking if docker is running...
2026/01/01 00:42:50.118119 [INFO] Fetch current app container id...
2026/01/01 00:42:50.118142 [INFO] Running command: docker ps | grep 25ec71eb124b
2026/01/01 00:42:50.133648 [INFO] Starting container 25ec71eb124b
2026/01/01 00:42:50.133688 [INFO] Running command: docker start  25ec71eb124b
2026/01/01 00:42:50.482356 [INFO] 25ec71eb124b

2026/01/01 00:42:50.482445 [INFO] Clear existing beanstalk iptables rules...
2026/01/01 00:42:50.482457 [INFO] Running command: iptables-save | grep -v added_by_elasticbeanstalk | iptables-restore
2026/01/01 00:42:50.562814 [INFO] Getting container info...
2026/01/01 00:42:50.562858 [INFO] Running command: docker inspect 25ec71eb124b
2026/01/01 00:42:50.589534 [INFO] Running command: ip route show default | awk '{print $5}'
2026/01/01 00:42:50.598676 [INFO] ens5

2026/01/01 00:42:50.598714 [INFO] Writing nginx upstream config...
2026/01/01 00:42:50.602658 [INFO] Running command: systemctl show -p PartOf nginx.service
2026/01/01 00:42:50.617417 [WARN] process nginx is already registered, skip registering again...
2026/01/01 00:42:50.617461 [INFO] Running command: systemctl show -p PartOf nginx.service
2026/01/01 00:42:50.633176 [INFO] Running command: systemctl restart nginx.service
2026/01/01 00:42:50.992300 [INFO] Running command: service iptables save
2026/01/01 00:42:51.085793 [INFO] iptables: Saving firewall rules to /etc/sysconfig/iptables: [  OK  ]

2026/01/01 00:42:51.085819 [INFO] Traffic forward set-up completed.
2026/01/01 00:42:51.085832 [INFO] Running command: docker wait  25ec71eb124b
2026/01/01 00:42:56.987217 [INFO] 1

2026/01/01 00:42:57.422528 [INFO] Loading Manifest...
2026/01/01 00:42:57.437316 [INFO] Running command: /opt/aws/bin/cfn-get-metadata -s arn:aws:cloudformation:us-east-1:188701360622:stack/awseb-e-ibwb4kyapk-stack/25f4ff40-e6a9-11f0-a99f-0affd9bc13ff -r AWSEBAutoScalingGroup --region us-east-1
2026/01/01 00:42:57.805354 [INFO] Running command: /opt/aws/bin/cfn-get-metadata -s arn:aws:cloudformation:us-east-1:188701360622:stack/awseb-e-ibwb4kyapk-stack/25f4ff40-e6a9-11f0-a99f-0affd9bc13ff -r AWSEBBeanstalkMetadata --region us-east-1
2026/01/01 00:42:58.116404 [INFO] Checking if docker is running...
2026/01/01 00:42:58.116474 [INFO] Fetch current app container id...
2026/01/01 00:42:58.116499 [INFO] Running command: docker ps | grep 25ec71eb124b
2026/01/01 00:42:58.131629 [INFO] Starting container 25ec71eb124b
2026/01/01 00:42:58.131653 [INFO] Running command: docker start  25ec71eb124b
2026/01/01 00:42:58.463840 [INFO] 25ec71eb124b

2026/01/01 00:42:58.463973 [INFO] Clear existing beanstalk iptables rules...
2026/01/01 00:42:58.464005 [INFO] Running command: iptables-save | grep -v added_by_elasticbeanstalk | iptables-restore
2026/01/01 00:42:58.582525 [INFO] Getting container info...
2026/01/01 00:42:58.582554 [INFO] Running command: docker inspect 25ec71eb124b
2026/01/01 00:42:58.599770 [INFO] Running command: ip route show default | awk '{print $5}'
2026/01/01 00:42:58.607366 [INFO] ens5

2026/01/01 00:42:58.607395 [INFO] Writing nginx upstream config...
2026/01/01 00:42:58.609767 [INFO] Running command: systemctl show -p PartOf nginx.service
2026/01/01 00:42:58.619760 [WARN] process nginx is already registered, skip registering again...
2026/01/01 00:42:58.619789 [INFO] Running command: systemctl show -p PartOf nginx.service
2026/01/01 00:42:58.629889 [INFO] Running command: systemctl restart nginx.service
2026/01/01 00:42:58.890449 [INFO] Running command: service iptables save
2026/01/01 00:42:58.962218 [INFO] iptables: Saving firewall rules to /etc/sysconfig/iptables: [  OK  ]

2026/01/01 00:42:58.962244 [INFO] Traffic forward set-up completed.
2026/01/01 00:42:58.962255 [INFO] Running command: docker wait  25ec71eb124b
2026/01/01 00:43:04.844781 [INFO] 1

2026/01/01 00:43:05.191354 [INFO] Loading Manifest...
2026/01/01 00:43:05.198824 [INFO] Running command: /opt/aws/bin/cfn-get-metadata -s arn:aws:cloudformation:us-east-1:188701360622:stack/awseb-e-ibwb4kyapk-stack/25f4ff40-e6a9-11f0-a99f-0affd9bc13ff -r AWSEBAutoScalingGroup --region us-east-1
2026/01/01 00:43:05.551288 [INFO] Running command: /opt/aws/bin/cfn-get-metadata -s arn:aws:cloudformation:us-east-1:188701360622:stack/awseb-e-ibwb4kyapk-stack/25f4ff40-e6a9-11f0-a99f-0affd9bc13ff -r AWSEBBeanstalkMetadata --region us-east-1
2026/01/01 00:43:05.846376 [INFO] Checking if docker is running...
2026/01/01 00:43:05.846443 [INFO] Fetch current app container id...
2026/01/01 00:43:05.846473 [INFO] Running command: docker ps | grep 25ec71eb124b
2026/01/01 00:43:05.861812 [INFO] Starting container 25ec71eb124b
2026/01/01 00:43:05.861840 [INFO] Running command: docker start  25ec71eb124b
2026/01/01 00:43:06.229142 [INFO] 25ec71eb124b

2026/01/01 00:43:06.229221 [INFO] Clear existing beanstalk iptables rules...
2026/01/01 00:43:06.229232 [INFO] Running command: iptables-save | grep -v added_by_elasticbeanstalk | iptables-restore
2026/01/01 00:43:06.312537 [INFO] Getting container info...
2026/01/01 00:43:06.312577 [INFO] Running command: docker inspect 25ec71eb124b
2026/01/01 00:43:06.352291 [INFO] Running command: ip route show default | awk '{print $5}'
2026/01/01 00:43:06.358744 [INFO] ens5

2026/01/01 00:43:06.358770 [INFO] Writing nginx upstream config...
2026/01/01 00:43:06.361074 [INFO] Running command: systemctl show -p PartOf nginx.service
2026/01/01 00:43:06.371006 [WARN] process nginx is already registered, skip registering again...
2026/01/01 00:43:06.371036 [INFO] Running command: systemctl show -p PartOf nginx.service
2026/01/01 00:43:06.383584 [INFO] Running command: systemctl restart nginx.service
2026/01/01 00:43:06.594875 [INFO] Running command: service iptables save
2026/01/01 00:43:06.673169 [INFO] iptables: Saving firewall rules to /etc/sysconfig/iptables: [  OK  ]

2026/01/01 00:43:06.673198 [INFO] Traffic forward set-up completed.
2026/01/01 00:43:06.673207 [INFO] Running command: docker wait  25ec71eb124b
2026/01/01 00:43:11.934915 [INFO] 1

2026/01/01 00:43:12.417590 [INFO] Loading Manifest...
2026/01/01 00:43:12.423363 [INFO] Running command: /opt/aws/bin/cfn-get-metadata -s arn:aws:cloudformation:us-east-1:188701360622:stack/awseb-e-ibwb4kyapk-stack/25f4ff40-e6a9-11f0-a99f-0affd9bc13ff -r AWSEBAutoScalingGroup --region us-east-1
2026/01/01 00:43:12.730374 [INFO] Running command: /opt/aws/bin/cfn-get-metadata -s arn:aws:cloudformation:us-east-1:188701360622:stack/awseb-e-ibwb4kyapk-stack/25f4ff40-e6a9-11f0-a99f-0affd9bc13ff -r AWSEBBeanstalkMetadata --region us-east-1
2026/01/01 00:43:13.036459 [INFO] Checking if docker is running...
2026/01/01 00:43:13.036478 [INFO] Fetch current app container id...
2026/01/01 00:43:13.036503 [INFO] Running command: docker ps | grep 25ec71eb124b
2026/01/01 00:43:13.052824 [INFO] Starting container 25ec71eb124b
2026/01/01 00:43:13.052851 [INFO] Running command: docker start  25ec71eb124b
2026/01/01 00:43:13.359296 [INFO] 25ec71eb124b

2026/01/01 00:43:13.359382 [INFO] Clear existing beanstalk iptables rules...
2026/01/01 00:43:13.359392 [INFO] Running command: iptables-save | grep -v added_by_elasticbeanstalk | iptables-restore
2026/01/01 00:43:13.452561 [INFO] Getting container info...
2026/01/01 00:43:13.452593 [INFO] Running command: docker inspect 25ec71eb124b
2026/01/01 00:43:13.469098 [INFO] Running command: ip route show default | awk '{print $5}'
2026/01/01 00:43:13.474087 [INFO] ens5

2026/01/01 00:43:13.474119 [INFO] Writing nginx upstream config...
2026/01/01 00:43:13.476352 [INFO] Running command: systemctl show -p PartOf nginx.service
2026/01/01 00:43:13.486978 [WARN] process nginx is already registered, skip registering again...
2026/01/01 00:43:13.487009 [INFO] Running command: systemctl show -p PartOf nginx.service
2026/01/01 00:43:13.496727 [INFO] Running command: systemctl restart nginx.service
2026/01/01 00:43:13.764903 [INFO] Running command: service iptables save
2026/01/01 00:43:13.832692 [INFO] iptables: Saving firewall rules to /etc/sysconfig/iptables: [  OK  ]

2026/01/01 00:43:13.832713 [INFO] Traffic forward set-up completed.
2026/01/01 00:43:13.832723 [INFO] Running command: docker wait  25ec71eb124b
2026/01/01 00:43:19.314372 [INFO] 1

2026/01/01 00:43:19.668062 [INFO] Loading Manifest...
2026/01/01 00:43:19.674318 [INFO] Running command: /opt/aws/bin/cfn-get-metadata -s arn:aws:cloudformation:us-east-1:188701360622:stack/awseb-e-ibwb4kyapk-stack/25f4ff40-e6a9-11f0-a99f-0affd9bc13ff -r AWSEBAutoScalingGroup --region us-east-1
2026/01/01 00:43:19.983093 [INFO] Running command: /opt/aws/bin/cfn-get-metadata -s arn:aws:cloudformation:us-east-1:188701360622:stack/awseb-e-ibwb4kyapk-stack/25f4ff40-e6a9-11f0-a99f-0affd9bc13ff -r AWSEBBeanstalkMetadata --region us-east-1
2026/01/01 00:43:20.291248 [INFO] Checking if docker is running...
2026/01/01 00:43:20.291322 [INFO] Fetch current app container id...
2026/01/01 00:43:20.291350 [INFO] Running command: docker ps | grep 25ec71eb124b
2026/01/01 00:43:20.307625 [INFO] Starting container 25ec71eb124b
2026/01/01 00:43:20.307648 [INFO] Running command: docker start  25ec71eb124b
2026/01/01 00:43:20.721412 [INFO] 25ec71eb124b

2026/01/01 00:43:20.721497 [INFO] Clear existing beanstalk iptables rules...
2026/01/01 00:43:20.721508 [INFO] Running command: iptables-save | grep -v added_by_elasticbeanstalk | iptables-restore
2026/01/01 00:43:20.782849 [INFO] Getting container info...
2026/01/01 00:43:20.782886 [INFO] Running command: docker inspect 25ec71eb124b
2026/01/01 00:43:20.806496 [INFO] Running command: ip route show default | awk '{print $5}'
2026/01/01 00:43:20.815648 [INFO] ens5

2026/01/01 00:43:20.815687 [INFO] Writing nginx upstream config...
2026/01/01 00:43:20.817928 [INFO] Running command: systemctl show -p PartOf nginx.service
2026/01/01 00:43:20.832717 [WARN] process nginx is already registered, skip registering again...
2026/01/01 00:43:20.832777 [INFO] Running command: systemctl show -p PartOf nginx.service
2026/01/01 00:43:20.848861 [INFO] Running command: systemctl restart nginx.service
2026/01/01 00:43:21.136808 [INFO] Running command: service iptables save
2026/01/01 00:43:21.233922 [INFO] iptables: Saving firewall rules to /etc/sysconfig/iptables: [  OK  ]

2026/01/01 00:43:21.233948 [INFO] Traffic forward set-up completed.
2026/01/01 00:43:21.233962 [INFO] Running command: docker wait  25ec71eb124b
2026/01/01 00:43:27.175742 [INFO] 1

2026/01/01 00:43:27.438163 [INFO] Loading Manifest...
2026/01/01 00:43:27.444025 [INFO] Running command: /opt/aws/bin/cfn-get-metadata -s arn:aws:cloudformation:us-east-1:188701360622:stack/awseb-e-ibwb4kyapk-stack/25f4ff40-e6a9-11f0-a99f-0affd9bc13ff -r AWSEBAutoScalingGroup --region us-east-1
2026/01/01 00:43:27.752946 [INFO] Running command: /opt/aws/bin/cfn-get-metadata -s arn:aws:cloudformation:us-east-1:188701360622:stack/awseb-e-ibwb4kyapk-stack/25f4ff40-e6a9-11f0-a99f-0affd9bc13ff -r AWSEBBeanstalkMetadata --region us-east-1
2026/01/01 00:43:28.047025 [INFO] Checking if docker is running...
2026/01/01 00:43:28.047091 [INFO] Fetch current app container id...
2026/01/01 00:43:28.047116 [INFO] Running command: docker ps | grep 25ec71eb124b
2026/01/01 00:43:28.063075 [INFO] Starting container 25ec71eb124b
2026/01/01 00:43:28.063101 [INFO] Running command: docker start  25ec71eb124b
2026/01/01 00:43:28.459856 [INFO] 25ec71eb124b

2026/01/01 00:43:28.459955 [INFO] Clear existing beanstalk iptables rules...
2026/01/01 00:43:28.459976 [INFO] Running command: iptables-save | grep -v added_by_elasticbeanstalk | iptables-restore
2026/01/01 00:43:28.562779 [INFO] Getting container info...
2026/01/01 00:43:28.562816 [INFO] Running command: docker inspect 25ec71eb124b
2026/01/01 00:43:28.593878 [INFO] Running command: ip route show default | awk '{print $5}'
2026/01/01 00:43:28.602751 [INFO] ens5

2026/01/01 00:43:28.602788 [INFO] Writing nginx upstream config...
2026/01/01 00:43:28.611231 [INFO] Running command: systemctl show -p PartOf nginx.service
2026/01/01 00:43:28.626621 [WARN] process nginx is already registered, skip registering again...
2026/01/01 00:43:28.626678 [INFO] Running command: systemctl show -p PartOf nginx.service
2026/01/01 00:43:28.642249 [INFO] Running command: systemctl restart nginx.service
2026/01/01 00:43:29.037093 [INFO] Running command: service iptables save
2026/01/01 00:43:29.153731 [INFO] iptables: Saving firewall rules to /etc/sysconfig/iptables: [  OK  ]

2026/01/01 00:43:29.153767 [INFO] Traffic forward set-up completed.
2026/01/01 00:43:29.153780 [INFO] Running command: docker wait  25ec71eb124b
2026/01/01 00:43:35.005538 [INFO] 1

2026/01/01 00:43:35.421714 [INFO] Loading Manifest...
2026/01/01 00:43:35.429214 [INFO] Running command: /opt/aws/bin/cfn-get-metadata -s arn:aws:cloudformation:us-east-1:188701360622:stack/awseb-e-ibwb4kyapk-stack/25f4ff40-e6a9-11f0-a99f-0affd9bc13ff -r AWSEBAutoScalingGroup --region us-east-1
2026/01/01 00:43:35.748220 [INFO] Running command: /opt/aws/bin/cfn-get-metadata -s arn:aws:cloudformation:us-east-1:188701360622:stack/awseb-e-ibwb4kyapk-stack/25f4ff40-e6a9-11f0-a99f-0affd9bc13ff -r AWSEBBeanstalkMetadata --region us-east-1
2026/01/01 00:43:36.065839 [INFO] Checking if docker is running...
2026/01/01 00:43:36.065911 [INFO] Fetch current app container id...
2026/01/01 00:43:36.065936 [INFO] Running command: docker ps | grep 25ec71eb124b
2026/01/01 00:43:36.081506 [INFO] Starting container 25ec71eb124b
2026/01/01 00:43:36.081532 [INFO] Running command: docker start  25ec71eb124b
2026/01/01 00:43:36.467942 [INFO] 25ec71eb124b

2026/01/01 00:43:36.468047 [INFO] Clear existing beanstalk iptables rules...
2026/01/01 00:43:36.468062 [INFO] Running command: iptables-save | grep -v added_by_elasticbeanstalk | iptables-restore
2026/01/01 00:43:36.562784 [INFO] Getting container info...
2026/01/01 00:43:36.562821 [INFO] Running command: docker inspect 25ec71eb124b
2026/01/01 00:43:36.589769 [INFO] Running command: ip route show default | awk '{print $5}'
2026/01/01 00:43:36.596223 [INFO] ens5

2026/01/01 00:43:36.596274 [INFO] Writing nginx upstream config...
2026/01/01 00:43:36.598660 [INFO] Running command: systemctl show -p PartOf nginx.service
2026/01/01 00:43:36.613995 [WARN] process nginx is already registered, skip registering again...
2026/01/01 00:43:36.614031 [INFO] Running command: systemctl show -p PartOf nginx.service
2026/01/01 00:43:36.628719 [INFO] Running command: systemctl restart nginx.service
2026/01/01 00:43:36.955865 [INFO] Running command: service iptables save
2026/01/01 00:43:37.044222 [INFO] iptables: Saving firewall rules to /etc/sysconfig/iptables: [  OK  ]

2026/01/01 00:43:37.044247 [INFO] Traffic forward set-up completed.
2026/01/01 00:43:37.044261 [INFO] Running command: docker wait  25ec71eb124b
2026/01/01 00:43:42.753734 [INFO] 1

2026/01/01 00:43:43.169769 [INFO] Loading Manifest...
2026/01/01 00:43:43.182630 [INFO] Running command: /opt/aws/bin/cfn-get-metadata -s arn:aws:cloudformation:us-east-1:188701360622:stack/awseb-e-ibwb4kyapk-stack/25f4ff40-e6a9-11f0-a99f-0affd9bc13ff -r AWSEBAutoScalingGroup --region us-east-1
2026/01/01 00:43:43.495796 [INFO] Running command: /opt/aws/bin/cfn-get-metadata -s arn:aws:cloudformation:us-east-1:188701360622:stack/awseb-e-ibwb4kyapk-stack/25f4ff40-e6a9-11f0-a99f-0affd9bc13ff -r AWSEBBeanstalkMetadata --region us-east-1
2026/01/01 00:43:43.799678 [INFO] Checking if docker is running...
2026/01/01 00:43:43.799697 [INFO] Fetch current app container id...
2026/01/01 00:43:43.799718 [INFO] Running command: docker ps | grep 25ec71eb124b
2026/01/01 00:43:43.814906 [INFO] Starting container 25ec71eb124b
2026/01/01 00:43:43.814931 [INFO] Running command: docker start  25ec71eb124b
2026/01/01 00:43:44.142981 [INFO] 25ec71eb124b

2026/01/01 00:43:44.143101 [INFO] Clear existing beanstalk iptables rules...
2026/01/01 00:43:44.143116 [INFO] Running command: iptables-save | grep -v added_by_elasticbeanstalk | iptables-restore
2026/01/01 00:43:44.232775 [INFO] Getting container info...
2026/01/01 00:43:44.232821 [INFO] Running command: docker inspect 25ec71eb124b
2026/01/01 00:43:44.255230 [INFO] Running command: ip route show default | awk '{print $5}'
2026/01/01 00:43:44.264306 [INFO] ens5

2026/01/01 00:43:44.264356 [INFO] Writing nginx upstream config...
2026/01/01 00:43:44.266877 [INFO] Running command: systemctl show -p PartOf nginx.service
2026/01/01 00:43:44.282395 [WARN] process nginx is already registered, skip registering again...
2026/01/01 00:43:44.282431 [INFO] Running command: systemctl show -p PartOf nginx.service
2026/01/01 00:43:44.296459 [INFO] Running command: systemctl restart nginx.service
2026/01/01 00:43:44.634747 [INFO] Running command: service iptables save
2026/01/01 00:43:44.733640 [INFO] iptables: Saving firewall rules to /etc/sysconfig/iptables: [  OK  ]

2026/01/01 00:43:44.733666 [INFO] Traffic forward set-up completed.
2026/01/01 00:43:44.733681 [INFO] Running command: docker wait  25ec71eb124b
2026/01/01 00:43:50.133232 [INFO] 1

2026/01/01 00:43:50.417754 [INFO] Loading Manifest...
2026/01/01 00:43:50.424680 [INFO] Running command: /opt/aws/bin/cfn-get-metadata -s arn:aws:cloudformation:us-east-1:188701360622:stack/awseb-e-ibwb4kyapk-stack/25f4ff40-e6a9-11f0-a99f-0affd9bc13ff -r AWSEBAutoScalingGroup --region us-east-1
2026/01/01 00:43:50.729512 [INFO] Running command: /opt/aws/bin/cfn-get-metadata -s arn:aws:cloudformation:us-east-1:188701360622:stack/awseb-e-ibwb4kyapk-stack/25f4ff40-e6a9-11f0-a99f-0affd9bc13ff -r AWSEBBeanstalkMetadata --region us-east-1
2026/01/01 00:43:51.055790 [INFO] Checking if docker is running...
2026/01/01 00:43:51.055855 [INFO] Fetch current app container id...
2026/01/01 00:43:51.055877 [INFO] Running command: docker ps | grep 25ec71eb124b
2026/01/01 00:43:51.071187 [INFO] Starting container 25ec71eb124b
2026/01/01 00:43:51.071217 [INFO] Running command: docker start  25ec71eb124b
2026/01/01 00:43:51.383427 [INFO] 25ec71eb124b

2026/01/01 00:43:51.383544 [INFO] Clear existing beanstalk iptables rules...
2026/01/01 00:43:51.383557 [INFO] Running command: iptables-save | grep -v added_by_elasticbeanstalk | iptables-restore
2026/01/01 00:43:51.452557 [INFO] Getting container info...
2026/01/01 00:43:51.452596 [INFO] Running command: docker inspect 25ec71eb124b
2026/01/01 00:43:51.470064 [INFO] Running command: ip route show default | awk '{print $5}'
2026/01/01 00:43:51.476261 [INFO] ens5

2026/01/01 00:43:51.476291 [INFO] Writing nginx upstream config...
2026/01/01 00:43:51.478791 [INFO] Running command: systemctl show -p PartOf nginx.service
2026/01/01 00:43:51.490028 [WARN] process nginx is already registered, skip registering again...
2026/01/01 00:43:51.490057 [INFO] Running command: systemctl show -p PartOf nginx.service
2026/01/01 00:43:51.499469 [INFO] Running command: systemctl restart nginx.service
2026/01/01 00:43:51.846205 [INFO] Running command: service iptables save
2026/01/01 00:43:51.908722 [INFO] iptables: Saving firewall rules to /etc/sysconfig/iptables: [  OK  ]

2026/01/01 00:43:51.908740 [INFO] Traffic forward set-up completed.
2026/01/01 00:43:51.908751 [INFO] Running command: docker wait  25ec71eb124b
2026/01/01 00:43:57.343497 [INFO] 1

2026/01/01 00:43:57.679630 [INFO] Loading Manifest...
2026/01/01 00:43:57.686347 [INFO] Running command: /opt/aws/bin/cfn-get-metadata -s arn:aws:cloudformation:us-east-1:188701360622:stack/awseb-e-ibwb4kyapk-stack/25f4ff40-e6a9-11f0-a99f-0affd9bc13ff -r AWSEBAutoScalingGroup --region us-east-1
2026/01/01 00:43:57.998778 [INFO] Running command: /opt/aws/bin/cfn-get-metadata -s arn:aws:cloudformation:us-east-1:188701360622:stack/awseb-e-ibwb4kyapk-stack/25f4ff40-e6a9-11f0-a99f-0affd9bc13ff -r AWSEBBeanstalkMetadata --region us-east-1
2026/01/01 00:43:58.291844 [INFO] Checking if docker is running...
2026/01/01 00:43:58.291947 [INFO] Fetch current app container id...
2026/01/01 00:43:58.291985 [INFO] Running command: docker ps | grep 25ec71eb124b
2026/01/01 00:43:58.307583 [INFO] Starting container 25ec71eb124b
2026/01/01 00:43:58.307608 [INFO] Running command: docker start  25ec71eb124b
2026/01/01 00:43:58.626627 [INFO] 25ec71eb124b

2026/01/01 00:43:58.626732 [INFO] Clear existing beanstalk iptables rules...
2026/01/01 00:43:58.626745 [INFO] Running command: iptables-save | grep -v added_by_elasticbeanstalk | iptables-restore
2026/01/01 00:43:58.712840 [INFO] Getting container info...
2026/01/01 00:43:58.712876 [INFO] Running command: docker inspect 25ec71eb124b
2026/01/01 00:43:58.740739 [INFO] Running command: ip route show default | awk '{print $5}'
2026/01/01 00:43:58.749717 [INFO] ens5

2026/01/01 00:43:58.749757 [INFO] Writing nginx upstream config...
2026/01/01 00:43:58.752190 [INFO] Running command: systemctl show -p PartOf nginx.service
2026/01/01 00:43:58.767201 [WARN] process nginx is already registered, skip registering again...
2026/01/01 00:43:58.767248 [INFO] Running command: systemctl show -p PartOf nginx.service
2026/01/01 00:43:58.781244 [INFO] Running command: systemctl restart nginx.service
2026/01/01 00:43:59.141933 [INFO] Running command: service iptables save
2026/01/01 00:43:59.236439 [INFO] iptables: Saving firewall rules to /etc/sysconfig/iptables: [  OK  ]

2026/01/01 00:43:59.236463 [INFO] Traffic forward set-up completed.
2026/01/01 00:43:59.236475 [INFO] Running command: docker wait  25ec71eb124b
2026/01/01 00:44:04.904175 [INFO] 1

2026/01/01 00:44:05.417544 [INFO] Loading Manifest...
2026/01/01 00:44:05.423388 [INFO] Running command: /opt/aws/bin/cfn-get-metadata -s arn:aws:cloudformation:us-east-1:188701360622:stack/awseb-e-ibwb4kyapk-stack/25f4ff40-e6a9-11f0-a99f-0affd9bc13ff -r AWSEBAutoScalingGroup --region us-east-1
2026/01/01 00:44:05.734003 [INFO] Running command: /opt/aws/bin/cfn-get-metadata -s arn:aws:cloudformation:us-east-1:188701360622:stack/awseb-e-ibwb4kyapk-stack/25f4ff40-e6a9-11f0-a99f-0affd9bc13ff -r AWSEBBeanstalkMetadata --region us-east-1
2026/01/01 00:44:06.032360 [INFO] Checking if docker is running...
2026/01/01 00:44:06.032386 [INFO] Fetch current app container id...
2026/01/01 00:44:06.032416 [INFO] Running command: docker ps | grep 25ec71eb124b
2026/01/01 00:44:06.046816 [INFO] Starting container 25ec71eb124b
2026/01/01 00:44:06.046843 [INFO] Running command: docker start  25ec71eb124b
2026/01/01 00:44:06.393845 [INFO] 25ec71eb124b

2026/01/01 00:44:06.393941 [INFO] Clear existing beanstalk iptables rules...
2026/01/01 00:44:06.393954 [INFO] Running command: iptables-save | grep -v added_by_elasticbeanstalk | iptables-restore
2026/01/01 00:44:06.482524 [INFO] Getting container info...
2026/01/01 00:44:06.482551 [INFO] Running command: docker inspect 25ec71eb124b
2026/01/01 00:44:06.498137 [INFO] Running command: ip route show default | awk '{print $5}'
2026/01/01 00:44:06.502790 [INFO] ens5

2026/01/01 00:44:06.502823 [INFO] Writing nginx upstream config...
2026/01/01 00:44:06.505158 [INFO] Running command: systemctl show -p PartOf nginx.service
2026/01/01 00:44:06.517831 [WARN] process nginx is already registered, skip registering again...
2026/01/01 00:44:06.517860 [INFO] Running command: systemctl show -p PartOf nginx.service
2026/01/01 00:44:06.527315 [INFO] Running command: systemctl restart nginx.service
2026/01/01 00:44:07.069939 [INFO] Running command: service iptables save
2026/01/01 00:44:07.128452 [INFO] iptables: Saving firewall rules to /etc/sysconfig/iptables: [  OK  ]

2026/01/01 00:44:07.128478 [INFO] Traffic forward set-up completed.
2026/01/01 00:44:07.128501 [INFO] Running command: docker wait  25ec71eb124b
2026/01/01 00:44:12.263808 [INFO] 1

2026/01/01 00:44:12.680284 [INFO] Loading Manifest...
2026/01/01 00:44:12.687941 [INFO] Running command: /opt/aws/bin/cfn-get-metadata -s arn:aws:cloudformation:us-east-1:188701360622:stack/awseb-e-ibwb4kyapk-stack/25f4ff40-e6a9-11f0-a99f-0affd9bc13ff -r AWSEBAutoScalingGroup --region us-east-1
2026/01/01 00:44:13.009697 [INFO] Running command: /opt/aws/bin/cfn-get-metadata -s arn:aws:cloudformation:us-east-1:188701360622:stack/awseb-e-ibwb4kyapk-stack/25f4ff40-e6a9-11f0-a99f-0affd9bc13ff -r AWSEBBeanstalkMetadata --region us-east-1
2026/01/01 00:44:13.318644 [INFO] Checking if docker is running...
2026/01/01 00:44:13.318712 [INFO] Fetch current app container id...
2026/01/01 00:44:13.318734 [INFO] Running command: docker ps | grep 25ec71eb124b
2026/01/01 00:44:13.334669 [INFO] Starting container 25ec71eb124b
2026/01/01 00:44:13.334692 [INFO] Running command: docker start  25ec71eb124b
2026/01/01 00:44:13.685522 [INFO] 25ec71eb124b

2026/01/01 00:44:13.685671 [INFO] Clear existing beanstalk iptables rules...
2026/01/01 00:44:13.685688 [INFO] Running command: iptables-save | grep -v added_by_elasticbeanstalk | iptables-restore
2026/01/01 00:44:13.762738 [INFO] Getting container info...
2026/01/01 00:44:13.762774 [INFO] Running command: docker inspect 25ec71eb124b
2026/01/01 00:44:13.795836 [INFO] Running command: ip route show default | awk '{print $5}'
2026/01/01 00:44:13.804441 [INFO] ens5

2026/01/01 00:44:13.804480 [INFO] Writing nginx upstream config...
2026/01/01 00:44:13.807020 [INFO] Running command: systemctl show -p PartOf nginx.service
2026/01/01 00:44:13.824912 [WARN] process nginx is already registered, skip registering again...
2026/01/01 00:44:13.824949 [INFO] Running command: systemctl show -p PartOf nginx.service
2026/01/01 00:44:13.839331 [INFO] Running command: systemctl restart nginx.service
2026/01/01 00:44:14.692717 [INFO] Running command: service iptables save
2026/01/01 00:44:14.775533 [INFO] iptables: Saving firewall rules to /etc/sysconfig/iptables: [  OK  ]

2026/01/01 00:44:14.775560 [INFO] Traffic forward set-up completed.
2026/01/01 00:44:14.775572 [INFO] Running command: docker wait  25ec71eb124b
2026/01/01 00:44:20.053120 [INFO] 1

2026/01/01 00:44:20.430609 [INFO] Loading Manifest...
2026/01/01 00:44:20.438275 [INFO] Running command: /opt/aws/bin/cfn-get-metadata -s arn:aws:cloudformation:us-east-1:188701360622:stack/awseb-e-ibwb4kyapk-stack/25f4ff40-e6a9-11f0-a99f-0affd9bc13ff -r AWSEBAutoScalingGroup --region us-east-1
2026/01/01 00:44:20.771489 [INFO] Running command: /opt/aws/bin/cfn-get-metadata -s arn:aws:cloudformation:us-east-1:188701360622:stack/awseb-e-ibwb4kyapk-stack/25f4ff40-e6a9-11f0-a99f-0affd9bc13ff -r AWSEBBeanstalkMetadata --region us-east-1
2026/01/01 00:44:21.069957 [INFO] Checking if docker is running...
2026/01/01 00:44:21.070038 [INFO] Fetch current app container id...
2026/01/01 00:44:21.070069 [INFO] Running command: docker ps | grep 25ec71eb124b
2026/01/01 00:44:21.085543 [INFO] Starting container 25ec71eb124b
2026/01/01 00:44:21.085574 [INFO] Running command: docker start  25ec71eb124b
2026/01/01 00:44:21.433244 [INFO] 25ec71eb124b

2026/01/01 00:44:21.433361 [INFO] Clear existing beanstalk iptables rules...
2026/01/01 00:44:21.433376 [INFO] Running command: iptables-save | grep -v added_by_elasticbeanstalk | iptables-restore
2026/01/01 00:44:21.532800 [INFO] Getting container info...
2026/01/01 00:44:21.532838 [INFO] Running command: docker inspect 25ec71eb124b
2026/01/01 00:44:21.554996 [INFO] Running command: ip route show default | awk '{print $5}'
2026/01/01 00:44:21.563764 [INFO] ens5

2026/01/01 00:44:21.563819 [INFO] Writing nginx upstream config...
2026/01/01 00:44:21.566185 [INFO] Running command: systemctl show -p PartOf nginx.service
2026/01/01 00:44:21.580998 [WARN] process nginx is already registered, skip registering again...
2026/01/01 00:44:21.581049 [INFO] Running command: systemctl show -p PartOf nginx.service
2026/01/01 00:44:21.596583 [INFO] Running command: systemctl restart nginx.service
2026/01/01 00:44:21.875338 [INFO] Running command: service iptables save
2026/01/01 00:44:21.988310 [INFO] iptables: Saving firewall rules to /etc/sysconfig/iptables: [  OK  ]

2026/01/01 00:44:21.988335 [INFO] Traffic forward set-up completed.
2026/01/01 00:44:21.988348 [INFO] Running command: docker wait  25ec71eb124b
2026/01/01 00:44:27.844128 [INFO] 1

2026/01/01 00:44:28.179972 [INFO] Loading Manifest...
2026/01/01 00:44:28.188201 [INFO] Running command: /opt/aws/bin/cfn-get-metadata -s arn:aws:cloudformation:us-east-1:188701360622:stack/awseb-e-ibwb4kyapk-stack/25f4ff40-e6a9-11f0-a99f-0affd9bc13ff -r AWSEBAutoScalingGroup --region us-east-1
2026/01/01 00:44:28.502289 [INFO] Running command: /opt/aws/bin/cfn-get-metadata -s arn:aws:cloudformation:us-east-1:188701360622:stack/awseb-e-ibwb4kyapk-stack/25f4ff40-e6a9-11f0-a99f-0affd9bc13ff -r AWSEBBeanstalkMetadata --region us-east-1
2026/01/01 00:44:28.812650 [INFO] Checking if docker is running...
2026/01/01 00:44:28.812675 [INFO] Fetch current app container id...
2026/01/01 00:44:28.812697 [INFO] Running command: docker ps | grep 25ec71eb124b
2026/01/01 00:44:28.826722 [INFO] Starting container 25ec71eb124b
2026/01/01 00:44:28.826743 [INFO] Running command: docker start  25ec71eb124b
2026/01/01 00:44:29.162834 [INFO] 25ec71eb124b

2026/01/01 00:44:29.162956 [INFO] Clear existing beanstalk iptables rules...
2026/01/01 00:44:29.162975 [INFO] Running command: iptables-save | grep -v added_by_elasticbeanstalk | iptables-restore
2026/01/01 00:44:29.242848 [INFO] Getting container info...
2026/01/01 00:44:29.242883 [INFO] Running command: docker inspect 25ec71eb124b
2026/01/01 00:44:29.264792 [INFO] Running command: ip route show default | awk '{print $5}'
2026/01/01 00:44:29.273329 [INFO] ens5

2026/01/01 00:44:29.273415 [INFO] Writing nginx upstream config...
2026/01/01 00:44:29.278159 [INFO] Running command: systemctl show -p PartOf nginx.service
2026/01/01 00:44:29.293021 [WARN] process nginx is already registered, skip registering again...
2026/01/01 00:44:29.293057 [INFO] Running command: systemctl show -p PartOf nginx.service
2026/01/01 00:44:29.307993 [INFO] Running command: systemctl restart nginx.service
2026/01/01 00:44:29.643803 [INFO] Running command: service iptables save
2026/01/01 00:44:29.728501 [INFO] iptables: Saving firewall rules to /etc/sysconfig/iptables: [  OK  ]

2026/01/01 00:44:29.728524 [INFO] Traffic forward set-up completed.
2026/01/01 00:44:29.728560 [INFO] Running command: docker wait  25ec71eb124b
2026/01/01 00:44:35.743925 [INFO] 1

2026/01/01 00:44:36.170959 [INFO] Loading Manifest...
2026/01/01 00:44:36.178505 [INFO] Running command: /opt/aws/bin/cfn-get-metadata -s arn:aws:cloudformation:us-east-1:188701360622:stack/awseb-e-ibwb4kyapk-stack/25f4ff40-e6a9-11f0-a99f-0affd9bc13ff -r AWSEBAutoScalingGroup --region us-east-1
2026/01/01 00:44:36.545400 [INFO] Running command: /opt/aws/bin/cfn-get-metadata -s arn:aws:cloudformation:us-east-1:188701360622:stack/awseb-e-ibwb4kyapk-stack/25f4ff40-e6a9-11f0-a99f-0affd9bc13ff -r AWSEBBeanstalkMetadata --region us-east-1
2026/01/01 00:44:36.839873 [INFO] Checking if docker is running...
2026/01/01 00:44:36.839949 [INFO] Fetch current app container id...
2026/01/01 00:44:36.839976 [INFO] Running command: docker ps | grep 25ec71eb124b
2026/01/01 00:44:36.856278 [INFO] Starting container 25ec71eb124b
2026/01/01 00:44:36.856308 [INFO] Running command: docker start  25ec71eb124b
2026/01/01 00:44:37.204149 [INFO] 25ec71eb124b

2026/01/01 00:44:37.204362 [INFO] Clear existing beanstalk iptables rules...
2026/01/01 00:44:37.204380 [INFO] Running command: iptables-save | grep -v added_by_elasticbeanstalk | iptables-restore
2026/01/01 00:44:37.292727 [INFO] Getting container info...
2026/01/01 00:44:37.292763 [INFO] Running command: docker inspect 25ec71eb124b
2026/01/01 00:44:37.316697 [INFO] Running command: ip route show default | awk '{print $5}'
2026/01/01 00:44:37.326002 [INFO] ens5

2026/01/01 00:44:37.326040 [INFO] Writing nginx upstream config...
2026/01/01 00:44:37.330054 [INFO] Running command: systemctl show -p PartOf nginx.service
2026/01/01 00:44:37.345434 [WARN] process nginx is already registered, skip registering again...
2026/01/01 00:44:37.345469 [INFO] Running command: systemctl show -p PartOf nginx.service
2026/01/01 00:44:37.361069 [INFO] Running command: systemctl restart nginx.service
2026/01/01 00:44:37.703970 [INFO] Running command: service iptables save
2026/01/01 00:44:37.792475 [INFO] iptables: Saving firewall rules to /etc/sysconfig/iptables: [  OK  ]

2026/01/01 00:44:37.792501 [INFO] Traffic forward set-up completed.
2026/01/01 00:44:37.792514 [INFO] Running command: docker wait  25ec71eb124b
2026/01/01 00:44:43.506296 [INFO] 1

2026/01/01 00:44:43.920040 [INFO] Loading Manifest...
2026/01/01 00:44:43.927691 [INFO] Running command: /opt/aws/bin/cfn-get-metadata -s arn:aws:cloudformation:us-east-1:188701360622:stack/awseb-e-ibwb4kyapk-stack/25f4ff40-e6a9-11f0-a99f-0affd9bc13ff -r AWSEBAutoScalingGroup --region us-east-1
2026/01/01 00:44:44.236038 [INFO] Running command: /opt/aws/bin/cfn-get-metadata -s arn:aws:cloudformation:us-east-1:188701360622:stack/awseb-e-ibwb4kyapk-stack/25f4ff40-e6a9-11f0-a99f-0affd9bc13ff -r AWSEBBeanstalkMetadata --region us-east-1
2026/01/01 00:44:44.539120 [INFO] Checking if docker is running...
2026/01/01 00:44:44.539184 [INFO] Fetch current app container id...
2026/01/01 00:44:44.539206 [INFO] Running command: docker ps | grep 25ec71eb124b
2026/01/01 00:44:44.553252 [INFO] Starting container 25ec71eb124b
2026/01/01 00:44:44.553275 [INFO] Running command: docker start  25ec71eb124b
2026/01/01 00:44:44.859435 [INFO] 25ec71eb124b

2026/01/01 00:44:44.859523 [INFO] Clear existing beanstalk iptables rules...
2026/01/01 00:44:44.859534 [INFO] Running command: iptables-save | grep -v added_by_elasticbeanstalk | iptables-restore
2026/01/01 00:44:44.972584 [INFO] Getting container info...
2026/01/01 00:44:44.972612 [INFO] Running command: docker inspect 25ec71eb124b
2026/01/01 00:44:44.992651 [INFO] Running command: ip route show default | awk '{print $5}'
2026/01/01 00:44:44.998636 [INFO] ens5

2026/01/01 00:44:44.998711 [INFO] Writing nginx upstream config...
2026/01/01 00:44:45.001120 [INFO] Running command: systemctl show -p PartOf nginx.service
2026/01/01 00:44:45.012345 [WARN] process nginx is already registered, skip registering again...
2026/01/01 00:44:45.012373 [INFO] Running command: systemctl show -p PartOf nginx.service
2026/01/01 00:44:45.021954 [INFO] Running command: systemctl restart nginx.service
2026/01/01 00:44:45.351233 [INFO] Running command: service iptables save
2026/01/01 00:44:45.425763 [INFO] iptables: Saving firewall rules to /etc/sysconfig/iptables: [  OK  ]

2026/01/01 00:44:45.425786 [INFO] Traffic forward set-up completed.
2026/01/01 00:44:45.425798 [INFO] Running command: docker wait  25ec71eb124b
2026/01/01 00:44:51.335380 [INFO] 1

2026/01/01 00:44:51.668022 [INFO] Loading Manifest...
2026/01/01 00:44:51.674646 [INFO] Running command: /opt/aws/bin/cfn-get-metadata -s arn:aws:cloudformation:us-east-1:188701360622:stack/awseb-e-ibwb4kyapk-stack/25f4ff40-e6a9-11f0-a99f-0affd9bc13ff -r AWSEBAutoScalingGroup --region us-east-1
2026/01/01 00:44:52.010744 [INFO] Running command: /opt/aws/bin/cfn-get-metadata -s arn:aws:cloudformation:us-east-1:188701360622:stack/awseb-e-ibwb4kyapk-stack/25f4ff40-e6a9-11f0-a99f-0affd9bc13ff -r AWSEBBeanstalkMetadata --region us-east-1
2026/01/01 00:44:52.308949 [INFO] Checking if docker is running...
2026/01/01 00:44:52.308969 [INFO] Fetch current app container id...
2026/01/01 00:44:52.308993 [INFO] Running command: docker ps | grep 25ec71eb124b
2026/01/01 00:44:52.323785 [INFO] Starting container 25ec71eb124b
2026/01/01 00:44:52.323810 [INFO] Running command: docker start  25ec71eb124b
2026/01/01 00:44:52.642640 [INFO] 25ec71eb124b

2026/01/01 00:44:52.642763 [INFO] Clear existing beanstalk iptables rules...
2026/01/01 00:44:52.642787 [INFO] Running command: iptables-save | grep -v added_by_elasticbeanstalk | iptables-restore
2026/01/01 00:44:52.722591 [INFO] Getting container info...
2026/01/01 00:44:52.722624 [INFO] Running command: docker inspect 25ec71eb124b
2026/01/01 00:44:52.737651 [INFO] Running command: ip route show default | awk '{print $5}'
2026/01/01 00:44:52.743835 [INFO] ens5

2026/01/01 00:44:52.743866 [INFO] Writing nginx upstream config...
2026/01/01 00:44:52.747099 [INFO] Running command: systemctl show -p PartOf nginx.service
2026/01/01 00:44:52.757013 [WARN] process nginx is already registered, skip registering again...
2026/01/01 00:44:52.757042 [INFO] Running command: systemctl show -p PartOf nginx.service
2026/01/01 00:44:52.766517 [INFO] Running command: systemctl restart nginx.service
2026/01/01 00:44:53.071216 [INFO] Running command: service iptables save
2026/01/01 00:44:53.144613 [INFO] iptables: Saving firewall rules to /etc/sysconfig/iptables: [  OK  ]

2026/01/01 00:44:53.144636 [INFO] Traffic forward set-up completed.
2026/01/01 00:44:53.144650 [INFO] Running command: docker wait  25ec71eb124b
2026/01/01 00:44:58.275857 [INFO] 1

2026/01/01 00:44:58.677987 [INFO] Loading Manifest...
2026/01/01 00:44:58.684540 [INFO] Running command: /opt/aws/bin/cfn-get-metadata -s arn:aws:cloudformation:us-east-1:188701360622:stack/awseb-e-ibwb4kyapk-stack/25f4ff40-e6a9-11f0-a99f-0affd9bc13ff -r AWSEBAutoScalingGroup --region us-east-1
2026/01/01 00:44:58.977473 [INFO] Running command: /opt/aws/bin/cfn-get-metadata -s arn:aws:cloudformation:us-east-1:188701360622:stack/awseb-e-ibwb4kyapk-stack/25f4ff40-e6a9-11f0-a99f-0affd9bc13ff -r AWSEBBeanstalkMetadata --region us-east-1
2026/01/01 00:44:59.279077 [INFO] Checking if docker is running...
2026/01/01 00:44:59.279139 [INFO] Fetch current app container id...
2026/01/01 00:44:59.279162 [INFO] Running command: docker ps | grep 25ec71eb124b
2026/01/01 00:44:59.293340 [INFO] Starting container 25ec71eb124b
2026/01/01 00:44:59.293362 [INFO] Running command: docker start  25ec71eb124b
2026/01/01 00:44:59.621922 [INFO] 25ec71eb124b

2026/01/01 00:44:59.622021 [INFO] Clear existing beanstalk iptables rules...
2026/01/01 00:44:59.622044 [INFO] Running command: iptables-save | grep -v added_by_elasticbeanstalk | iptables-restore
2026/01/01 00:44:59.702767 [INFO] Getting container info...
2026/01/01 00:44:59.702802 [INFO] Running command: docker inspect 25ec71eb124b
2026/01/01 00:44:59.724634 [INFO] Running command: ip route show default | awk '{print $5}'
2026/01/01 00:44:59.733559 [INFO] ens5

2026/01/01 00:44:59.733595 [INFO] Writing nginx upstream config...
2026/01/01 00:44:59.736047 [INFO] Running command: systemctl show -p PartOf nginx.service
2026/01/01 00:44:59.751720 [WARN] process nginx is already registered, skip registering again...
2026/01/01 00:44:59.751772 [INFO] Running command: systemctl show -p PartOf nginx.service
2026/01/01 00:44:59.765773 [INFO] Running command: systemctl restart nginx.service
2026/01/01 00:45:00.155984 [INFO] Running command: service iptables save
2026/01/01 00:45:00.262908 [INFO] iptables: Saving firewall rules to /etc/sysconfig/iptables: [  OK  ]

2026/01/01 00:45:00.262935 [INFO] Traffic forward set-up completed.
2026/01/01 00:45:00.262949 [INFO] Running command: docker wait  25ec71eb124b
2026/01/01 00:45:06.054925 [INFO] 1

2026/01/01 00:45:06.418774 [INFO] Loading Manifest...
2026/01/01 00:45:06.425335 [INFO] Running command: /opt/aws/bin/cfn-get-metadata -s arn:aws:cloudformation:us-east-1:188701360622:stack/awseb-e-ibwb4kyapk-stack/25f4ff40-e6a9-11f0-a99f-0affd9bc13ff -r AWSEBAutoScalingGroup --region us-east-1
2026/01/01 00:45:06.730283 [INFO] Running command: /opt/aws/bin/cfn-get-metadata -s arn:aws:cloudformation:us-east-1:188701360622:stack/awseb-e-ibwb4kyapk-stack/25f4ff40-e6a9-11f0-a99f-0affd9bc13ff -r AWSEBBeanstalkMetadata --region us-east-1
2026/01/01 00:45:07.030151 [INFO] Checking if docker is running...
2026/01/01 00:45:07.030234 [INFO] Fetch current app container id...
2026/01/01 00:45:07.030259 [INFO] Running command: docker ps | grep 25ec71eb124b
2026/01/01 00:45:07.046035 [INFO] Starting container 25ec71eb124b
2026/01/01 00:45:07.046063 [INFO] Running command: docker start  25ec71eb124b
2026/01/01 00:45:07.377430 [INFO] 25ec71eb124b

2026/01/01 00:45:07.377526 [INFO] Clear existing beanstalk iptables rules...
2026/01/01 00:45:07.377538 [INFO] Running command: iptables-save | grep -v added_by_elasticbeanstalk | iptables-restore
2026/01/01 00:45:07.462792 [INFO] Getting container info...
2026/01/01 00:45:07.462827 [INFO] Running command: docker inspect 25ec71eb124b
2026/01/01 00:45:07.486470 [INFO] Running command: ip route show default | awk '{print $5}'
2026/01/01 00:45:07.495318 [INFO] ens5

2026/01/01 00:45:07.495436 [INFO] Writing nginx upstream config...
2026/01/01 00:45:07.497715 [INFO] Running command: systemctl show -p PartOf nginx.service
2026/01/01 00:45:07.512283 [WARN] process nginx is already registered, skip registering again...
2026/01/01 00:45:07.512319 [INFO] Running command: systemctl show -p PartOf nginx.service
2026/01/01 00:45:07.529037 [INFO] Running command: systemctl restart nginx.service
2026/01/01 00:45:07.956138 [INFO] Running command: service iptables save
2026/01/01 00:45:08.057259 [INFO] iptables: Saving firewall rules to /etc/sysconfig/iptables: [  OK  ]

2026/01/01 00:45:08.057294 [INFO] Traffic forward set-up completed.
2026/01/01 00:45:08.057308 [INFO] Running command: docker wait  25ec71eb124b
2026/01/01 00:45:13.705578 [INFO] 1

2026/01/01 00:45:14.178534 [INFO] Loading Manifest...
2026/01/01 00:45:14.185459 [INFO] Running command: /opt/aws/bin/cfn-get-metadata -s arn:aws:cloudformation:us-east-1:188701360622:stack/awseb-e-ibwb4kyapk-stack/25f4ff40-e6a9-11f0-a99f-0affd9bc13ff -r AWSEBAutoScalingGroup --region us-east-1
2026/01/01 00:45:14.500057 [INFO] Running command: /opt/aws/bin/cfn-get-metadata -s arn:aws:cloudformation:us-east-1:188701360622:stack/awseb-e-ibwb4kyapk-stack/25f4ff40-e6a9-11f0-a99f-0affd9bc13ff -r AWSEBBeanstalkMetadata --region us-east-1
2026/01/01 00:45:14.799515 [INFO] Checking if docker is running...
2026/01/01 00:45:14.799535 [INFO] Fetch current app container id...
2026/01/01 00:45:14.799567 [INFO] Running command: docker ps | grep 25ec71eb124b
2026/01/01 00:45:14.815143 [INFO] Starting container 25ec71eb124b
2026/01/01 00:45:14.815167 [INFO] Running command: docker start  25ec71eb124b
2026/01/01 00:45:15.166882 [INFO] 25ec71eb124b

2026/01/01 00:45:15.167011 [INFO] Clear existing beanstalk iptables rules...
2026/01/01 00:45:15.167030 [INFO] Running command: iptables-save | grep -v added_by_elasticbeanstalk | iptables-restore
2026/01/01 00:45:15.282781 [INFO] Getting container info...
2026/01/01 00:45:15.282818 [INFO] Running command: docker inspect 25ec71eb124b
2026/01/01 00:45:15.304911 [INFO] Running command: ip route show default | awk '{print $5}'
2026/01/01 00:45:15.313792 [INFO] ens5

2026/01/01 00:45:15.313830 [INFO] Writing nginx upstream config...
2026/01/01 00:45:15.318289 [INFO] Running command: systemctl show -p PartOf nginx.service
2026/01/01 00:45:15.332883 [WARN] process nginx is already registered, skip registering again...
2026/01/01 00:45:15.332921 [INFO] Running command: systemctl show -p PartOf nginx.service
2026/01/01 00:45:15.348429 [INFO] Running command: systemctl restart nginx.service
2026/01/01 00:45:15.681497 [INFO] Running command: service iptables save
2026/01/01 00:45:15.755334 [INFO] iptables: Saving firewall rules to /etc/sysconfig/iptables: [  OK  ]

2026/01/01 00:45:15.755357 [INFO] Traffic forward set-up completed.
2026/01/01 00:45:15.755377 [INFO] Running command: docker wait  25ec71eb124b
2026/01/01 00:45:21.554736 [INFO] 1

2026/01/01 00:45:21.927733 [INFO] Loading Manifest...
2026/01/01 00:45:21.933419 [INFO] Running command: /opt/aws/bin/cfn-get-metadata -s arn:aws:cloudformation:us-east-1:188701360622:stack/awseb-e-ibwb4kyapk-stack/25f4ff40-e6a9-11f0-a99f-0affd9bc13ff -r AWSEBAutoScalingGroup --region us-east-1
2026/01/01 00:45:22.246794 [INFO] Running command: /opt/aws/bin/cfn-get-metadata -s arn:aws:cloudformation:us-east-1:188701360622:stack/awseb-e-ibwb4kyapk-stack/25f4ff40-e6a9-11f0-a99f-0affd9bc13ff -r AWSEBBeanstalkMetadata --region us-east-1
2026/01/01 00:45:22.546958 [INFO] Checking if docker is running...
2026/01/01 00:45:22.547023 [INFO] Fetch current app container id...
2026/01/01 00:45:22.547047 [INFO] Running command: docker ps | grep 25ec71eb124b
2026/01/01 00:45:22.561238 [INFO] Starting container 25ec71eb124b
2026/01/01 00:45:22.561260 [INFO] Running command: docker start  25ec71eb124b
2026/01/01 00:45:22.909371 [INFO] 25ec71eb124b

2026/01/01 00:45:22.909527 [INFO] Clear existing beanstalk iptables rules...
2026/01/01 00:45:22.909537 [INFO] Running command: iptables-save | grep -v added_by_elasticbeanstalk | iptables-restore
2026/01/01 00:45:22.952560 [INFO] Getting container info...
2026/01/01 00:45:22.952589 [INFO] Running command: docker inspect 25ec71eb124b
2026/01/01 00:45:22.967883 [INFO] Running command: ip route show default | awk '{print $5}'
2026/01/01 00:45:22.974249 [INFO] ens5

2026/01/01 00:45:22.974281 [INFO] Writing nginx upstream config...
2026/01/01 00:45:22.978559 [INFO] Running command: systemctl show -p PartOf nginx.service
2026/01/01 00:45:22.988460 [WARN] process nginx is already registered, skip registering again...
2026/01/01 00:45:22.988493 [INFO] Running command: systemctl show -p PartOf nginx.service
2026/01/01 00:45:22.997978 [INFO] Running command: systemctl restart nginx.service
2026/01/01 00:45:23.396993 [INFO] Running command: service iptables save
2026/01/01 00:45:23.479371 [INFO] iptables: Saving firewall rules to /etc/sysconfig/iptables: [  OK  ]

2026/01/01 00:45:23.479397 [INFO] Traffic forward set-up completed.
2026/01/01 00:45:23.479411 [INFO] Running command: docker wait  25ec71eb124b
2026/01/01 00:45:29.293833 [INFO] 1

2026/01/01 00:45:29.699923 [INFO] Loading Manifest...
2026/01/01 00:45:29.714050 [INFO] Running command: /opt/aws/bin/cfn-get-metadata -s arn:aws:cloudformation:us-east-1:188701360622:stack/awseb-e-ibwb4kyapk-stack/25f4ff40-e6a9-11f0-a99f-0affd9bc13ff -r AWSEBAutoScalingGroup --region us-east-1
2026/01/01 00:45:30.042324 [INFO] Running command: /opt/aws/bin/cfn-get-metadata -s arn:aws:cloudformation:us-east-1:188701360622:stack/awseb-e-ibwb4kyapk-stack/25f4ff40-e6a9-11f0-a99f-0affd9bc13ff -r AWSEBBeanstalkMetadata --region us-east-1
2026/01/01 00:45:30.343503 [INFO] Checking if docker is running...
2026/01/01 00:45:30.343575 [INFO] Fetch current app container id...
2026/01/01 00:45:30.343600 [INFO] Running command: docker ps | grep 25ec71eb124b
2026/01/01 00:45:30.359416 [INFO] Starting container 25ec71eb124b
2026/01/01 00:45:30.359441 [INFO] Running command: docker start  25ec71eb124b
2026/01/01 00:45:30.720417 [INFO] 25ec71eb124b

2026/01/01 00:45:30.720560 [INFO] Clear existing beanstalk iptables rules...
2026/01/01 00:45:30.720571 [INFO] Running command: iptables-save | grep -v added_by_elasticbeanstalk | iptables-restore
2026/01/01 00:45:30.792570 [INFO] Getting container info...
2026/01/01 00:45:30.792599 [INFO] Running command: docker inspect 25ec71eb124b
2026/01/01 00:45:30.808348 [INFO] Running command: ip route show default | awk '{print $5}'
2026/01/01 00:45:30.815120 [INFO] ens5

2026/01/01 00:45:30.815159 [INFO] Writing nginx upstream config...
2026/01/01 00:45:30.817365 [INFO] Running command: systemctl show -p PartOf nginx.service
2026/01/01 00:45:30.827342 [WARN] process nginx is already registered, skip registering again...
2026/01/01 00:45:30.827369 [INFO] Running command: systemctl show -p PartOf nginx.service
2026/01/01 00:45:30.836756 [INFO] Running command: systemctl restart nginx.service
2026/01/01 00:45:31.096732 [INFO] Running command: service iptables save
2026/01/01 00:45:31.140040 [INFO] iptables: Saving firewall rules to /etc/sysconfig/iptables: [  OK  ]

2026/01/01 00:45:31.140057 [INFO] Traffic forward set-up completed.
2026/01/01 00:45:31.140068 [INFO] Running command: docker wait  25ec71eb124b
2026/01/01 00:45:36.154228 [INFO] 1

2026/01/01 00:45:36.437959 [INFO] Loading Manifest...
2026/01/01 00:45:36.447953 [INFO] Running command: /opt/aws/bin/cfn-get-metadata -s arn:aws:cloudformation:us-east-1:188701360622:stack/awseb-e-ibwb4kyapk-stack/25f4ff40-e6a9-11f0-a99f-0affd9bc13ff -r AWSEBAutoScalingGroup --region us-east-1
2026/01/01 00:45:36.760303 [INFO] Running command: /opt/aws/bin/cfn-get-metadata -s arn:aws:cloudformation:us-east-1:188701360622:stack/awseb-e-ibwb4kyapk-stack/25f4ff40-e6a9-11f0-a99f-0affd9bc13ff -r AWSEBBeanstalkMetadata --region us-east-1
2026/01/01 00:45:37.056024 [INFO] Checking if docker is running...
2026/01/01 00:45:37.056043 [INFO] Fetch current app container id...
2026/01/01 00:45:37.056068 [INFO] Running command: docker ps | grep 25ec71eb124b
2026/01/01 00:45:37.071766 [INFO] Starting container 25ec71eb124b
2026/01/01 00:45:37.071789 [INFO] Running command: docker start  25ec71eb124b
2026/01/01 00:45:37.466982 [INFO] 25ec71eb124b

2026/01/01 00:45:37.467087 [INFO] Clear existing beanstalk iptables rules...
2026/01/01 00:45:37.467102 [INFO] Running command: iptables-save | grep -v added_by_elasticbeanstalk | iptables-restore
2026/01/01 00:45:37.542809 [INFO] Getting container info...
2026/01/01 00:45:37.542849 [INFO] Running command: docker inspect 25ec71eb124b
2026/01/01 00:45:37.578880 [INFO] Running command: ip route show default | awk '{print $5}'
2026/01/01 00:45:37.591957 [INFO] ens5

2026/01/01 00:45:37.592012 [INFO] Writing nginx upstream config...
2026/01/01 00:45:37.594354 [INFO] Running command: systemctl show -p PartOf nginx.service
2026/01/01 00:45:37.612490 [WARN] process nginx is already registered, skip registering again...
2026/01/01 00:45:37.612527 [INFO] Running command: systemctl show -p PartOf nginx.service
2026/01/01 00:45:37.626813 [INFO] Running command: systemctl restart nginx.service
2026/01/01 00:45:37.955518 [INFO] Running command: service iptables save
2026/01/01 00:45:38.043502 [INFO] iptables: Saving firewall rules to /etc/sysconfig/iptables: [  OK  ]

2026/01/01 00:45:38.043526 [INFO] Traffic forward set-up completed.
2026/01/01 00:45:38.043540 [INFO] Running command: docker wait  25ec71eb124b
2026/01/01 00:45:44.348245 [INFO] 1

2026/01/01 00:45:44.679720 [INFO] Loading Manifest...
2026/01/01 00:45:44.697025 [INFO] Running command: /opt/aws/bin/cfn-get-metadata -s arn:aws:cloudformation:us-east-1:188701360622:stack/awseb-e-ibwb4kyapk-stack/25f4ff40-e6a9-11f0-a99f-0affd9bc13ff -r AWSEBAutoScalingGroup --region us-east-1
2026/01/01 00:45:45.043518 [INFO] Running command: /opt/aws/bin/cfn-get-metadata -s arn:aws:cloudformation:us-east-1:188701360622:stack/awseb-e-ibwb4kyapk-stack/25f4ff40-e6a9-11f0-a99f-0affd9bc13ff -r AWSEBBeanstalkMetadata --region us-east-1
2026/01/01 00:45:45.345797 [INFO] Checking if docker is running...
2026/01/01 00:45:45.345872 [INFO] Fetch current app container id...
2026/01/01 00:45:45.345900 [INFO] Running command: docker ps | grep 25ec71eb124b
2026/01/01 00:45:45.361287 [INFO] Starting container 25ec71eb124b
2026/01/01 00:45:45.361310 [INFO] Running command: docker start  25ec71eb124b
2026/01/01 00:45:45.682545 [INFO] 25ec71eb124b

2026/01/01 00:45:45.682649 [INFO] Clear existing beanstalk iptables rules...
2026/01/01 00:45:45.682660 [INFO] Running command: iptables-save | grep -v added_by_elasticbeanstalk | iptables-restore
2026/01/01 00:45:45.772555 [INFO] Getting container info...
2026/01/01 00:45:45.772584 [INFO] Running command: docker inspect 25ec71eb124b
2026/01/01 00:45:45.787349 [INFO] Running command: ip route show default | awk '{print $5}'
2026/01/01 00:45:45.793582 [INFO] ens5

2026/01/01 00:45:45.793612 [INFO] Writing nginx upstream config...
2026/01/01 00:45:45.795997 [INFO] Running command: systemctl show -p PartOf nginx.service
2026/01/01 00:45:45.807808 [WARN] process nginx is already registered, skip registering again...
2026/01/01 00:45:45.807837 [INFO] Running command: systemctl show -p PartOf nginx.service
2026/01/01 00:45:45.817249 [INFO] Running command: systemctl restart nginx.service
2026/01/01 00:45:46.172726 [INFO] Running command: service iptables save
2026/01/01 00:45:46.255789 [INFO] iptables: Saving firewall rules to /etc/sysconfig/iptables: [  OK  ]

2026/01/01 00:45:46.255813 [INFO] Traffic forward set-up completed.
2026/01/01 00:45:46.255826 [INFO] Running command: docker wait  25ec71eb124b
2026/01/01 00:45:52.717924 [INFO] 1

2026/01/01 00:45:53.181168 [INFO] Loading Manifest...
2026/01/01 00:45:53.214944 [INFO] Running command: /opt/aws/bin/cfn-get-metadata -s arn:aws:cloudformation:us-east-1:188701360622:stack/awseb-e-ibwb4kyapk-stack/25f4ff40-e6a9-11f0-a99f-0affd9bc13ff -r AWSEBAutoScalingGroup --region us-east-1
2026/01/01 00:45:53.548076 [INFO] Running command: /opt/aws/bin/cfn-get-metadata -s arn:aws:cloudformation:us-east-1:188701360622:stack/awseb-e-ibwb4kyapk-stack/25f4ff40-e6a9-11f0-a99f-0affd9bc13ff -r AWSEBBeanstalkMetadata --region us-east-1
2026/01/01 00:45:53.843472 [INFO] Checking if docker is running...
2026/01/01 00:45:53.843546 [INFO] Fetch current app container id...
2026/01/01 00:45:53.843574 [INFO] Running command: docker ps | grep 25ec71eb124b
2026/01/01 00:45:53.858449 [INFO] Starting container 25ec71eb124b
2026/01/01 00:45:53.858480 [INFO] Running command: docker start  25ec71eb124b
2026/01/01 00:45:54.204183 [INFO] 25ec71eb124b

2026/01/01 00:45:54.204909 [INFO] Clear existing beanstalk iptables rules...
2026/01/01 00:45:54.204929 [INFO] Running command: iptables-save | grep -v added_by_elasticbeanstalk | iptables-restore
2026/01/01 00:45:54.302738 [INFO] Getting container info...
2026/01/01 00:45:54.302773 [INFO] Running command: docker inspect 25ec71eb124b
2026/01/01 00:45:54.327907 [INFO] Running command: ip route show default | awk '{print $5}'
2026/01/01 00:45:54.336582 [INFO] ens5

2026/01/01 00:45:54.336622 [INFO] Writing nginx upstream config...
2026/01/01 00:45:54.342015 [INFO] Running command: systemctl show -p PartOf nginx.service
2026/01/01 00:45:54.362670 [WARN] process nginx is already registered, skip registering again...
2026/01/01 00:45:54.362707 [INFO] Running command: systemctl show -p PartOf nginx.service
2026/01/01 00:45:54.377933 [INFO] Running command: systemctl restart nginx.service
2026/01/01 00:45:54.745831 [INFO] Running command: service iptables save
2026/01/01 00:45:54.843804 [INFO] iptables: Saving firewall rules to /etc/sysconfig/iptables: [  OK  ]

2026/01/01 00:45:54.843830 [INFO] Traffic forward set-up completed.
2026/01/01 00:45:54.843844 [INFO] Running command: docker wait  25ec71eb124b
2026/01/01 00:46:00.793995 [INFO] 1

2026/01/01 00:46:01.170587 [INFO] Loading Manifest...
2026/01/01 00:46:01.177613 [INFO] Running command: /opt/aws/bin/cfn-get-metadata -s arn:aws:cloudformation:us-east-1:188701360622:stack/awseb-e-ibwb4kyapk-stack/25f4ff40-e6a9-11f0-a99f-0affd9bc13ff -r AWSEBAutoScalingGroup --region us-east-1
2026/01/01 00:46:01.566078 [INFO] Running command: /opt/aws/bin/cfn-get-metadata -s arn:aws:cloudformation:us-east-1:188701360622:stack/awseb-e-ibwb4kyapk-stack/25f4ff40-e6a9-11f0-a99f-0affd9bc13ff -r AWSEBBeanstalkMetadata --region us-east-1
2026/01/01 00:46:01.889575 [INFO] Checking if docker is running...
2026/01/01 00:46:01.889817 [INFO] Fetch current app container id...
2026/01/01 00:46:01.889857 [INFO] Running command: docker ps | grep 25ec71eb124b
2026/01/01 00:46:01.905961 [INFO] Starting container 25ec71eb124b
2026/01/01 00:46:01.905993 [INFO] Running command: docker start  25ec71eb124b
2026/01/01 00:46:02.315554 [INFO] 25ec71eb124b

2026/01/01 00:46:02.315668 [INFO] Clear existing beanstalk iptables rules...
2026/01/01 00:46:02.315683 [INFO] Running command: iptables-save | grep -v added_by_elasticbeanstalk | iptables-restore
2026/01/01 00:46:02.412772 [INFO] Getting container info...
2026/01/01 00:46:02.412809 [INFO] Running command: docker inspect 25ec71eb124b
2026/01/01 00:46:02.435014 [INFO] Running command: ip route show default | awk '{print $5}'
2026/01/01 00:46:02.441441 [INFO] ens5

2026/01/01 00:46:02.441469 [INFO] Writing nginx upstream config...
2026/01/01 00:46:02.444581 [INFO] Running command: systemctl show -p PartOf nginx.service
2026/01/01 00:46:02.459437 [WARN] process nginx is already registered, skip registering again...
2026/01/01 00:46:02.459473 [INFO] Running command: systemctl show -p PartOf nginx.service
2026/01/01 00:46:02.475292 [INFO] Running command: systemctl restart nginx.service
2026/01/01 00:46:02.797908 [INFO] Running command: service iptables save
2026/01/01 00:46:02.886750 [INFO] iptables: Saving firewall rules to /etc/sysconfig/iptables: [  OK  ]

2026/01/01 00:46:02.886774 [INFO] Traffic forward set-up completed.
2026/01/01 00:46:02.886788 [INFO] Running command: docker wait  25ec71eb124b
2026/01/01 00:46:08.764870 [INFO] 1

2026/01/01 00:46:09.187997 [INFO] Loading Manifest...
2026/01/01 00:46:09.204396 [INFO] Running command: /opt/aws/bin/cfn-get-metadata -s arn:aws:cloudformation:us-east-1:188701360622:stack/awseb-e-ibwb4kyapk-stack/25f4ff40-e6a9-11f0-a99f-0affd9bc13ff -r AWSEBAutoScalingGroup --region us-east-1
2026/01/01 00:46:09.547536 [INFO] Running command: /opt/aws/bin/cfn-get-metadata -s arn:aws:cloudformation:us-east-1:188701360622:stack/awseb-e-ibwb4kyapk-stack/25f4ff40-e6a9-11f0-a99f-0affd9bc13ff -r AWSEBBeanstalkMetadata --region us-east-1
2026/01/01 00:46:09.854571 [INFO] Checking if docker is running...
2026/01/01 00:46:09.854591 [INFO] Fetch current app container id...
2026/01/01 00:46:09.854617 [INFO] Running command: docker ps | grep 25ec71eb124b
2026/01/01 00:46:09.870183 [INFO] Starting container 25ec71eb124b
2026/01/01 00:46:09.870219 [INFO] Running command: docker start  25ec71eb124b
2026/01/01 00:46:10.298901 [INFO] 25ec71eb124b

2026/01/01 00:46:10.298980 [INFO] Clear existing beanstalk iptables rules...
2026/01/01 00:46:10.298992 [INFO] Running command: iptables-save | grep -v added_by_elasticbeanstalk | iptables-restore
2026/01/01 00:46:10.382583 [INFO] Getting container info...
2026/01/01 00:46:10.382621 [INFO] Running command: docker inspect 25ec71eb124b
2026/01/01 00:46:10.399746 [INFO] Running command: ip route show default | awk '{print $5}'
2026/01/01 00:46:10.407634 [INFO] ens5

2026/01/01 00:46:10.407665 [INFO] Writing nginx upstream config...
2026/01/01 00:46:10.409844 [INFO] Running command: systemctl show -p PartOf nginx.service
2026/01/01 00:46:10.419990 [WARN] process nginx is already registered, skip registering again...
2026/01/01 00:46:10.420019 [INFO] Running command: systemctl show -p PartOf nginx.service
2026/01/01 00:46:10.429970 [INFO] Running command: systemctl restart nginx.service
2026/01/01 00:46:10.715458 [INFO] Running command: service iptables save
2026/01/01 00:46:10.790611 [INFO] iptables: Saving firewall rules to /etc/sysconfig/iptables: [  OK  ]

2026/01/01 00:46:10.790628 [INFO] Traffic forward set-up completed.
2026/01/01 00:46:10.790637 [INFO] Running command: docker wait  25ec71eb124b
2026/01/01 00:46:16.177031 [INFO] 1

2026/01/01 00:46:16.679535 [INFO] Loading Manifest...
2026/01/01 00:46:16.687055 [INFO] Running command: /opt/aws/bin/cfn-get-metadata -s arn:aws:cloudformation:us-east-1:188701360622:stack/awseb-e-ibwb4kyapk-stack/25f4ff40-e6a9-11f0-a99f-0affd9bc13ff -r AWSEBAutoScalingGroup --region us-east-1
2026/01/01 00:46:17.007323 [INFO] Running command: /opt/aws/bin/cfn-get-metadata -s arn:aws:cloudformation:us-east-1:188701360622:stack/awseb-e-ibwb4kyapk-stack/25f4ff40-e6a9-11f0-a99f-0affd9bc13ff -r AWSEBBeanstalkMetadata --region us-east-1
2026/01/01 00:46:17.314163 [INFO] Checking if docker is running...
2026/01/01 00:46:17.314246 [INFO] Fetch current app container id...
2026/01/01 00:46:17.314278 [INFO] Running command: docker ps | grep 25ec71eb124b
2026/01/01 00:46:17.331313 [INFO] Starting container 25ec71eb124b
2026/01/01 00:46:17.331366 [INFO] Running command: docker start  25ec71eb124b
2026/01/01 00:46:17.673112 [INFO] 25ec71eb124b

2026/01/01 00:46:17.673237 [INFO] Clear existing beanstalk iptables rules...
2026/01/01 00:46:17.673254 [INFO] Running command: iptables-save | grep -v added_by_elasticbeanstalk | iptables-restore
2026/01/01 00:46:17.742784 [INFO] Getting container info...
2026/01/01 00:46:17.742820 [INFO] Running command: docker inspect 25ec71eb124b
2026/01/01 00:46:17.766798 [INFO] Running command: ip route show default | awk '{print $5}'
2026/01/01 00:46:17.775788 [INFO] ens5

2026/01/01 00:46:17.775826 [INFO] Writing nginx upstream config...
2026/01/01 00:46:17.778640 [INFO] Running command: systemctl show -p PartOf nginx.service
2026/01/01 00:46:17.793617 [WARN] process nginx is already registered, skip registering again...
2026/01/01 00:46:17.793666 [INFO] Running command: systemctl show -p PartOf nginx.service
2026/01/01 00:46:17.808790 [INFO] Running command: systemctl restart nginx.service
2026/01/01 00:46:18.170841 [INFO] Running command: service iptables save
2026/01/01 00:46:18.259060 [INFO] iptables: Saving firewall rules to /etc/sysconfig/iptables: [  OK  ]

2026/01/01 00:46:18.259096 [INFO] Traffic forward set-up completed.
2026/01/01 00:46:18.259109 [INFO] Running command: docker wait  25ec71eb124b
2026/01/01 00:46:24.215684 [INFO] 1

2026/01/01 00:46:24.680442 [INFO] Loading Manifest...
2026/01/01 00:46:24.688032 [INFO] Running command: /opt/aws/bin/cfn-get-metadata -s arn:aws:cloudformation:us-east-1:188701360622:stack/awseb-e-ibwb4kyapk-stack/25f4ff40-e6a9-11f0-a99f-0affd9bc13ff -r AWSEBAutoScalingGroup --region us-east-1
2026/01/01 00:46:25.004429 [INFO] Running command: /opt/aws/bin/cfn-get-metadata -s arn:aws:cloudformation:us-east-1:188701360622:stack/awseb-e-ibwb4kyapk-stack/25f4ff40-e6a9-11f0-a99f-0affd9bc13ff -r AWSEBBeanstalkMetadata --region us-east-1
2026/01/01 00:46:25.370470 [INFO] Checking if docker is running...
2026/01/01 00:46:25.370532 [INFO] Fetch current app container id...
2026/01/01 00:46:25.370558 [INFO] Running command: docker ps | grep 25ec71eb124b
2026/01/01 00:46:25.385539 [INFO] Starting container 25ec71eb124b
2026/01/01 00:46:25.385563 [INFO] Running command: docker start  25ec71eb124b
2026/01/01 00:46:25.719689 [INFO] 25ec71eb124b

2026/01/01 00:46:25.719828 [INFO] Clear existing beanstalk iptables rules...
2026/01/01 00:46:25.719847 [INFO] Running command: iptables-save | grep -v added_by_elasticbeanstalk | iptables-restore
2026/01/01 00:46:25.802639 [INFO] Getting container info...
2026/01/01 00:46:25.802691 [INFO] Running command: docker inspect 25ec71eb124b
2026/01/01 00:46:25.825451 [INFO] Running command: ip route show default | awk '{print $5}'
2026/01/01 00:46:25.832011 [INFO] ens5

2026/01/01 00:46:25.832042 [INFO] Writing nginx upstream config...
2026/01/01 00:46:25.835195 [INFO] Running command: systemctl show -p PartOf nginx.service
2026/01/01 00:46:25.845618 [WARN] process nginx is already registered, skip registering again...
2026/01/01 00:46:25.845667 [INFO] Running command: systemctl show -p PartOf nginx.service
2026/01/01 00:46:25.855474 [INFO] Running command: systemctl restart nginx.service
2026/01/01 00:46:26.178385 [INFO] Running command: service iptables save
2026/01/01 00:46:26.225831 [INFO] iptables: Saving firewall rules to /etc/sysconfig/iptables: [  OK  ]

2026/01/01 00:46:26.225849 [INFO] Traffic forward set-up completed.
2026/01/01 00:46:26.225861 [INFO] Running command: docker wait  25ec71eb124b
2026/01/01 00:46:31.724184 [INFO] 1

2026/01/01 00:46:32.169864 [INFO] Loading Manifest...
2026/01/01 00:46:32.176964 [INFO] Running command: /opt/aws/bin/cfn-get-metadata -s arn:aws:cloudformation:us-east-1:188701360622:stack/awseb-e-ibwb4kyapk-stack/25f4ff40-e6a9-11f0-a99f-0affd9bc13ff -r AWSEBAutoScalingGroup --region us-east-1
2026/01/01 00:46:32.490045 [INFO] Running command: /opt/aws/bin/cfn-get-metadata -s arn:aws:cloudformation:us-east-1:188701360622:stack/awseb-e-ibwb4kyapk-stack/25f4ff40-e6a9-11f0-a99f-0affd9bc13ff -r AWSEBBeanstalkMetadata --region us-east-1
2026/01/01 00:46:32.798167 [INFO] Checking if docker is running...
2026/01/01 00:46:32.798196 [INFO] Fetch current app container id...
2026/01/01 00:46:32.798227 [INFO] Running command: docker ps | grep 25ec71eb124b
2026/01/01 00:46:32.814127 [INFO] Starting container 25ec71eb124b
2026/01/01 00:46:32.814153 [INFO] Running command: docker start  25ec71eb124b
2026/01/01 00:46:33.155326 [INFO] 25ec71eb124b

2026/01/01 00:46:33.155435 [INFO] Clear existing beanstalk iptables rules...
2026/01/01 00:46:33.155449 [INFO] Running command: iptables-save | grep -v added_by_elasticbeanstalk | iptables-restore
2026/01/01 00:46:33.232772 [INFO] Getting container info...
2026/01/01 00:46:33.232809 [INFO] Running command: docker inspect 25ec71eb124b
2026/01/01 00:46:33.259617 [INFO] Running command: ip route show default | awk '{print $5}'
2026/01/01 00:46:33.267438 [INFO] ens5

2026/01/01 00:46:33.267477 [INFO] Writing nginx upstream config...
2026/01/01 00:46:33.270978 [INFO] Running command: systemctl show -p PartOf nginx.service
2026/01/01 00:46:33.286211 [WARN] process nginx is already registered, skip registering again...
2026/01/01 00:46:33.286251 [INFO] Running command: systemctl show -p PartOf nginx.service
2026/01/01 00:46:33.301387 [INFO] Running command: systemctl restart nginx.service
2026/01/01 00:46:33.676962 [INFO] Running command: service iptables save
2026/01/01 00:46:33.788161 [INFO] iptables: Saving firewall rules to /etc/sysconfig/iptables: [  OK  ]

2026/01/01 00:46:33.788186 [INFO] Traffic forward set-up completed.
2026/01/01 00:46:33.788211 [INFO] Running command: docker wait  25ec71eb124b
2026/01/01 00:46:39.664791 [INFO] 1

2026/01/01 00:46:39.928410 [INFO] Loading Manifest...
2026/01/01 00:46:39.934792 [INFO] Running command: /opt/aws/bin/cfn-get-metadata -s arn:aws:cloudformation:us-east-1:188701360622:stack/awseb-e-ibwb4kyapk-stack/25f4ff40-e6a9-11f0-a99f-0affd9bc13ff -r AWSEBAutoScalingGroup --region us-east-1
2026/01/01 00:46:40.255438 [INFO] Running command: /opt/aws/bin/cfn-get-metadata -s arn:aws:cloudformation:us-east-1:188701360622:stack/awseb-e-ibwb4kyapk-stack/25f4ff40-e6a9-11f0-a99f-0affd9bc13ff -r AWSEBBeanstalkMetadata --region us-east-1
2026/01/01 00:46:40.560244 [INFO] Checking if docker is running...
2026/01/01 00:46:40.560306 [INFO] Fetch current app container id...
2026/01/01 00:46:40.560337 [INFO] Running command: docker ps | grep 25ec71eb124b
2026/01/01 00:46:40.575761 [INFO] Starting container 25ec71eb124b
2026/01/01 00:46:40.575787 [INFO] Running command: docker start  25ec71eb124b
2026/01/01 00:46:40.939599 [INFO] 25ec71eb124b

2026/01/01 00:46:40.939759 [INFO] Clear existing beanstalk iptables rules...
2026/01/01 00:46:40.939773 [INFO] Running command: iptables-save | grep -v added_by_elasticbeanstalk | iptables-restore
2026/01/01 00:46:41.012810 [INFO] Getting container info...
2026/01/01 00:46:41.012846 [INFO] Running command: docker inspect 25ec71eb124b
2026/01/01 00:46:41.033871 [INFO] Running command: ip route show default | awk '{print $5}'
2026/01/01 00:46:41.041760 [INFO] ens5

2026/01/01 00:46:41.041789 [INFO] Writing nginx upstream config...
2026/01/01 00:46:41.044152 [INFO] Running command: systemctl show -p PartOf nginx.service
2026/01/01 00:46:41.059387 [WARN] process nginx is already registered, skip registering again...
2026/01/01 00:46:41.059424 [INFO] Running command: systemctl show -p PartOf nginx.service
2026/01/01 00:46:41.075515 [INFO] Running command: systemctl restart nginx.service
2026/01/01 00:46:41.357036 [INFO] Running command: service iptables save
2026/01/01 00:46:41.454010 [INFO] iptables: Saving firewall rules to /etc/sysconfig/iptables: [  OK  ]

2026/01/01 00:46:41.454036 [INFO] Traffic forward set-up completed.
2026/01/01 00:46:41.454050 [INFO] Running command: docker wait  25ec71eb124b
2026/01/01 00:46:47.445207 [INFO] 1

2026/01/01 00:46:47.937928 [INFO] Loading Manifest...
2026/01/01 00:46:47.944478 [INFO] Running command: /opt/aws/bin/cfn-get-metadata -s arn:aws:cloudformation:us-east-1:188701360622:stack/awseb-e-ibwb4kyapk-stack/25f4ff40-e6a9-11f0-a99f-0affd9bc13ff -r AWSEBAutoScalingGroup --region us-east-1
2026/01/01 00:46:48.262589 [INFO] Running command: /opt/aws/bin/cfn-get-metadata -s arn:aws:cloudformation:us-east-1:188701360622:stack/awseb-e-ibwb4kyapk-stack/25f4ff40-e6a9-11f0-a99f-0affd9bc13ff -r AWSEBBeanstalkMetadata --region us-east-1
2026/01/01 00:46:48.564525 [INFO] Checking if docker is running...
2026/01/01 00:46:48.564585 [INFO] Fetch current app container id...
2026/01/01 00:46:48.564609 [INFO] Running command: docker ps | grep 25ec71eb124b
2026/01/01 00:46:48.578942 [INFO] Starting container 25ec71eb124b
2026/01/01 00:46:48.578965 [INFO] Running command: docker start  25ec71eb124b
2026/01/01 00:46:48.923391 [INFO] 25ec71eb124b

2026/01/01 00:46:48.923549 [INFO] Clear existing beanstalk iptables rules...
2026/01/01 00:46:48.923569 [INFO] Running command: iptables-save | grep -v added_by_elasticbeanstalk | iptables-restore
2026/01/01 00:46:49.002805 [INFO] Getting container info...
2026/01/01 00:46:49.002842 [INFO] Running command: docker inspect 25ec71eb124b
2026/01/01 00:46:49.024854 [INFO] Running command: ip route show default | awk '{print $5}'
2026/01/01 00:46:49.034113 [INFO] ens5

2026/01/01 00:46:49.034152 [INFO] Writing nginx upstream config...
2026/01/01 00:46:49.036898 [INFO] Running command: systemctl show -p PartOf nginx.service
2026/01/01 00:46:49.052089 [WARN] process nginx is already registered, skip registering again...
2026/01/01 00:46:49.052138 [INFO] Running command: systemctl show -p PartOf nginx.service
2026/01/01 00:46:49.068845 [INFO] Running command: systemctl restart nginx.service
2026/01/01 00:46:49.385934 [INFO] Running command: service iptables save
2026/01/01 00:46:49.484702 [INFO] iptables: Saving firewall rules to /etc/sysconfig/iptables: [  OK  ]

2026/01/01 00:46:49.484736 [INFO] Traffic forward set-up completed.
2026/01/01 00:46:49.484750 [INFO] Running command: docker wait  25ec71eb124b
2026/01/01 00:46:54.974650 [INFO] 1

2026/01/01 00:46:55.428160 [INFO] Loading Manifest...
2026/01/01 00:46:55.435354 [INFO] Running command: /opt/aws/bin/cfn-get-metadata -s arn:aws:cloudformation:us-east-1:188701360622:stack/awseb-e-ibwb4kyapk-stack/25f4ff40-e6a9-11f0-a99f-0affd9bc13ff -r AWSEBAutoScalingGroup --region us-east-1
2026/01/01 00:46:55.752598 [INFO] Running command: /opt/aws/bin/cfn-get-metadata -s arn:aws:cloudformation:us-east-1:188701360622:stack/awseb-e-ibwb4kyapk-stack/25f4ff40-e6a9-11f0-a99f-0affd9bc13ff -r AWSEBBeanstalkMetadata --region us-east-1
2026/01/01 00:46:56.049486 [INFO] Checking if docker is running...
2026/01/01 00:46:56.049561 [INFO] Fetch current app container id...
2026/01/01 00:46:56.049587 [INFO] Running command: docker ps | grep 25ec71eb124b
2026/01/01 00:46:56.067926 [INFO] Starting container 25ec71eb124b
2026/01/01 00:46:56.067966 [INFO] Running command: docker start  25ec71eb124b
2026/01/01 00:46:56.406141 [INFO] 25ec71eb124b

2026/01/01 00:46:56.406257 [INFO] Clear existing beanstalk iptables rules...
2026/01/01 00:46:56.406271 [INFO] Running command: iptables-save | grep -v added_by_elasticbeanstalk | iptables-restore
2026/01/01 00:46:56.472766 [INFO] Getting container info...
2026/01/01 00:46:56.472802 [INFO] Running command: docker inspect 25ec71eb124b
2026/01/01 00:46:56.504830 [INFO] Running command: ip route show default | awk '{print $5}'
2026/01/01 00:46:56.512299 [INFO] ens5

2026/01/01 00:46:56.512336 [INFO] Writing nginx upstream config...
2026/01/01 00:46:56.514616 [INFO] Running command: systemctl show -p PartOf nginx.service
2026/01/01 00:46:56.529490 [WARN] process nginx is already registered, skip registering again...
2026/01/01 00:46:56.529526 [INFO] Running command: systemctl show -p PartOf nginx.service
2026/01/01 00:46:56.543675 [INFO] Running command: systemctl restart nginx.service
2026/01/01 00:46:56.905255 [INFO] Running command: service iptables save
2026/01/01 00:46:57.004131 [INFO] iptables: Saving firewall rules to /etc/sysconfig/iptables: [  OK  ]

2026/01/01 00:46:57.004168 [INFO] Traffic forward set-up completed.
2026/01/01 00:46:57.004188 [INFO] Running command: docker wait  25ec71eb124b
2026/01/01 00:47:02.743824 [INFO] 1

2026/01/01 00:47:03.178900 [INFO] Loading Manifest...
2026/01/01 00:47:03.186895 [INFO] Running command: /opt/aws/bin/cfn-get-metadata -s arn:aws:cloudformation:us-east-1:188701360622:stack/awseb-e-ibwb4kyapk-stack/25f4ff40-e6a9-11f0-a99f-0affd9bc13ff -r AWSEBAutoScalingGroup --region us-east-1
2026/01/01 00:47:03.499548 [INFO] Running command: /opt/aws/bin/cfn-get-metadata -s arn:aws:cloudformation:us-east-1:188701360622:stack/awseb-e-ibwb4kyapk-stack/25f4ff40-e6a9-11f0-a99f-0affd9bc13ff -r AWSEBBeanstalkMetadata --region us-east-1
2026/01/01 00:47:03.805053 [INFO] Checking if docker is running...
2026/01/01 00:47:03.805116 [INFO] Fetch current app container id...
2026/01/01 00:47:03.805139 [INFO] Running command: docker ps | grep 25ec71eb124b
2026/01/01 00:47:03.820360 [INFO] Starting container 25ec71eb124b
2026/01/01 00:47:03.820392 [INFO] Running command: docker start  25ec71eb124b
2026/01/01 00:47:04.166038 [INFO] 25ec71eb124b

2026/01/01 00:47:04.166187 [INFO] Clear existing beanstalk iptables rules...
2026/01/01 00:47:04.166209 [INFO] Running command: iptables-save | grep -v added_by_elasticbeanstalk | iptables-restore
2026/01/01 00:47:04.212771 [INFO] Getting container info...
2026/01/01 00:47:04.212809 [INFO] Running command: docker inspect 25ec71eb124b
2026/01/01 00:47:04.235508 [INFO] Running command: ip route show default | awk '{print $5}'
2026/01/01 00:47:04.244218 [INFO] ens5

2026/01/01 00:47:04.244254 [INFO] Writing nginx upstream config...
2026/01/01 00:47:04.247434 [INFO] Running command: systemctl show -p PartOf nginx.service
2026/01/01 00:47:04.263292 [WARN] process nginx is already registered, skip registering again...
2026/01/01 00:47:04.263337 [INFO] Running command: systemctl show -p PartOf nginx.service
2026/01/01 00:47:04.278878 [INFO] Running command: systemctl restart nginx.service
2026/01/01 00:47:05.245254 [INFO] Running command: service iptables save
2026/01/01 00:47:05.325685 [INFO] iptables: Saving firewall rules to /etc/sysconfig/iptables: [  OK  ]

2026/01/01 00:47:05.325710 [INFO] Traffic forward set-up completed.
2026/01/01 00:47:05.325724 [INFO] Running command: docker wait  25ec71eb124b
2026/01/01 00:47:10.594045 [INFO] 1

2026/01/01 00:47:10.928014 [INFO] Loading Manifest...
2026/01/01 00:47:10.934121 [INFO] Running command: /opt/aws/bin/cfn-get-metadata -s arn:aws:cloudformation:us-east-1:188701360622:stack/awseb-e-ibwb4kyapk-stack/25f4ff40-e6a9-11f0-a99f-0affd9bc13ff -r AWSEBAutoScalingGroup --region us-east-1
2026/01/01 00:47:11.243980 [INFO] Running command: /opt/aws/bin/cfn-get-metadata -s arn:aws:cloudformation:us-east-1:188701360622:stack/awseb-e-ibwb4kyapk-stack/25f4ff40-e6a9-11f0-a99f-0affd9bc13ff -r AWSEBBeanstalkMetadata --region us-east-1
2026/01/01 00:47:11.542132 [INFO] Checking if docker is running...
2026/01/01 00:47:11.542153 [INFO] Fetch current app container id...
2026/01/01 00:47:11.542183 [INFO] Running command: docker ps | grep 25ec71eb124b
2026/01/01 00:47:11.557232 [INFO] Starting container 25ec71eb124b
2026/01/01 00:47:11.557256 [INFO] Running command: docker start  25ec71eb124b
2026/01/01 00:47:11.869889 [INFO] 25ec71eb124b

2026/01/01 00:47:11.869970 [INFO] Clear existing beanstalk iptables rules...
2026/01/01 00:47:11.869981 [INFO] Running command: iptables-save | grep -v added_by_elasticbeanstalk | iptables-restore
2026/01/01 00:47:11.922680 [INFO] Getting container info...
2026/01/01 00:47:11.922707 [INFO] Running command: docker inspect 25ec71eb124b
2026/01/01 00:47:11.943397 [INFO] Running command: ip route show default | awk '{print $5}'
2026/01/01 00:47:11.948438 [INFO] ens5

2026/01/01 00:47:11.948463 [INFO] Writing nginx upstream config...
2026/01/01 00:47:11.951014 [INFO] Running command: systemctl show -p PartOf nginx.service
2026/01/01 00:47:11.961389 [WARN] process nginx is already registered, skip registering again...
2026/01/01 00:47:11.961427 [INFO] Running command: systemctl show -p PartOf nginx.service
2026/01/01 00:47:11.970940 [INFO] Running command: systemctl restart nginx.service
2026/01/01 00:47:12.297084 [INFO] Running command: service iptables save
2026/01/01 00:47:12.394465 [INFO] iptables: Saving firewall rules to /etc/sysconfig/iptables: [  OK  ]

2026/01/01 00:47:12.394491 [INFO] Traffic forward set-up completed.
2026/01/01 00:47:12.394505 [INFO] Running command: docker wait  25ec71eb124b
2026/01/01 00:47:18.746111 [INFO] 1

2026/01/01 00:47:19.167925 [INFO] Loading Manifest...
2026/01/01 00:47:19.173662 [INFO] Running command: /opt/aws/bin/cfn-get-metadata -s arn:aws:cloudformation:us-east-1:188701360622:stack/awseb-e-ibwb4kyapk-stack/25f4ff40-e6a9-11f0-a99f-0affd9bc13ff -r AWSEBAutoScalingGroup --region us-east-1
2026/01/01 00:47:19.494622 [INFO] Running command: /opt/aws/bin/cfn-get-metadata -s arn:aws:cloudformation:us-east-1:188701360622:stack/awseb-e-ibwb4kyapk-stack/25f4ff40-e6a9-11f0-a99f-0affd9bc13ff -r AWSEBBeanstalkMetadata --region us-east-1
2026/01/01 00:47:19.808833 [INFO] Checking if docker is running...
2026/01/01 00:47:19.808907 [INFO] Fetch current app container id...
2026/01/01 00:47:19.808934 [INFO] Running command: docker ps | grep 25ec71eb124b
2026/01/01 00:47:19.823891 [INFO] Starting container 25ec71eb124b
2026/01/01 00:47:19.823926 [INFO] Running command: docker start  25ec71eb124b
2026/01/01 00:47:20.173878 [INFO] 25ec71eb124b

2026/01/01 00:47:20.174017 [INFO] Clear existing beanstalk iptables rules...
2026/01/01 00:47:20.174037 [INFO] Running command: iptables-save | grep -v added_by_elasticbeanstalk | iptables-restore
2026/01/01 00:47:20.252775 [INFO] Getting container info...
2026/01/01 00:47:20.252811 [INFO] Running command: docker inspect 25ec71eb124b
2026/01/01 00:47:20.275273 [INFO] Running command: ip route show default | awk '{print $5}'
2026/01/01 00:47:20.284066 [INFO] ens5

2026/01/01 00:47:20.284104 [INFO] Writing nginx upstream config...
2026/01/01 00:47:20.286476 [INFO] Running command: systemctl show -p PartOf nginx.service
2026/01/01 00:47:20.301133 [WARN] process nginx is already registered, skip registering again...
2026/01/01 00:47:20.301170 [INFO] Running command: systemctl show -p PartOf nginx.service
2026/01/01 00:47:20.316821 [INFO] Running command: systemctl restart nginx.service
2026/01/01 00:47:21.204532 [INFO] Running command: service iptables save
2026/01/01 00:47:21.267438 [INFO] iptables: Saving firewall rules to /etc/sysconfig/iptables: [  OK  ]

2026/01/01 00:47:21.267463 [INFO] Traffic forward set-up completed.
2026/01/01 00:47:21.267476 [INFO] Running command: docker wait  25ec71eb124b
2026/01/01 00:47:26.583765 [INFO] 1

2026/01/01 00:47:26.927788 [INFO] Loading Manifest...
2026/01/01 00:47:26.934917 [INFO] Running command: /opt/aws/bin/cfn-get-metadata -s arn:aws:cloudformation:us-east-1:188701360622:stack/awseb-e-ibwb4kyapk-stack/25f4ff40-e6a9-11f0-a99f-0affd9bc13ff -r AWSEBAutoScalingGroup --region us-east-1
2026/01/01 00:47:27.247297 [INFO] Running command: /opt/aws/bin/cfn-get-metadata -s arn:aws:cloudformation:us-east-1:188701360622:stack/awseb-e-ibwb4kyapk-stack/25f4ff40-e6a9-11f0-a99f-0affd9bc13ff -r AWSEBBeanstalkMetadata --region us-east-1
2026/01/01 00:47:27.552644 [INFO] Checking if docker is running...
2026/01/01 00:47:27.552706 [INFO] Fetch current app container id...
2026/01/01 00:47:27.552731 [INFO] Running command: docker ps | grep 25ec71eb124b
2026/01/01 00:47:27.567844 [INFO] Starting container 25ec71eb124b
2026/01/01 00:47:27.567869 [INFO] Running command: docker start  25ec71eb124b
2026/01/01 00:47:27.902433 [INFO] 25ec71eb124b

2026/01/01 00:47:27.902560 [INFO] Clear existing beanstalk iptables rules...
2026/01/01 00:47:27.902576 [INFO] Running command: iptables-save | grep -v added_by_elasticbeanstalk | iptables-restore
2026/01/01 00:47:27.972807 [INFO] Getting container info...
2026/01/01 00:47:27.972842 [INFO] Running command: docker inspect 25ec71eb124b
2026/01/01 00:47:27.995008 [INFO] Running command: ip route show default | awk '{print $5}'
2026/01/01 00:47:28.002539 [INFO] ens5

2026/01/01 00:47:28.002577 [INFO] Writing nginx upstream config...
2026/01/01 00:47:28.004789 [INFO] Running command: systemctl show -p PartOf nginx.service
2026/01/01 00:47:28.026745 [WARN] process nginx is already registered, skip registering again...
2026/01/01 00:47:28.026782 [INFO] Running command: systemctl show -p PartOf nginx.service
2026/01/01 00:47:28.041074 [INFO] Running command: systemctl restart nginx.service
2026/01/01 00:47:28.416981 [INFO] Running command: service iptables save
2026/01/01 00:47:28.502938 [INFO] iptables: Saving firewall rules to /etc/sysconfig/iptables: [  OK  ]

2026/01/01 00:47:28.502964 [INFO] Traffic forward set-up completed.
2026/01/01 00:47:28.502977 [INFO] Running command: docker wait  25ec71eb124b
2026/01/01 00:47:34.175351 [INFO] 1

2026/01/01 00:47:34.418096 [INFO] Loading Manifest...
2026/01/01 00:47:34.425261 [INFO] Running command: /opt/aws/bin/cfn-get-metadata -s arn:aws:cloudformation:us-east-1:188701360622:stack/awseb-e-ibwb4kyapk-stack/25f4ff40-e6a9-11f0-a99f-0affd9bc13ff -r AWSEBAutoScalingGroup --region us-east-1
2026/01/01 00:47:34.730694 [INFO] Running command: /opt/aws/bin/cfn-get-metadata -s arn:aws:cloudformation:us-east-1:188701360622:stack/awseb-e-ibwb4kyapk-stack/25f4ff40-e6a9-11f0-a99f-0affd9bc13ff -r AWSEBBeanstalkMetadata --region us-east-1
2026/01/01 00:47:35.027461 [INFO] Checking if docker is running...
2026/01/01 00:47:35.027487 [INFO] Fetch current app container id...
2026/01/01 00:47:35.027511 [INFO] Running command: docker ps | grep 25ec71eb124b
2026/01/01 00:47:35.043724 [INFO] Starting container 25ec71eb124b
2026/01/01 00:47:35.043747 [INFO] Running command: docker start  25ec71eb124b
2026/01/01 00:47:35.357426 [INFO] 25ec71eb124b

2026/01/01 00:47:35.357532 [INFO] Clear existing beanstalk iptables rules...
2026/01/01 00:47:35.357547 [INFO] Running command: iptables-save | grep -v added_by_elasticbeanstalk | iptables-restore
2026/01/01 00:47:35.462761 [INFO] Getting container info...
2026/01/01 00:47:35.462797 [INFO] Running command: docker inspect 25ec71eb124b
2026/01/01 00:47:35.496325 [INFO] Running command: ip route show default | awk '{print $5}'
2026/01/01 00:47:35.505429 [INFO] ens5

2026/01/01 00:47:35.505467 [INFO] Writing nginx upstream config...
2026/01/01 00:47:35.510500 [INFO] Running command: systemctl show -p PartOf nginx.service
2026/01/01 00:47:35.525579 [WARN] process nginx is already registered, skip registering again...
2026/01/01 00:47:35.525625 [INFO] Running command: systemctl show -p PartOf nginx.service
2026/01/01 00:47:35.541024 [INFO] Running command: systemctl restart nginx.service
2026/01/01 00:47:36.277776 [INFO] Running command: service iptables save
2026/01/01 00:47:36.356209 [INFO] iptables: Saving firewall rules to /etc/sysconfig/iptables: [  OK  ]

2026/01/01 00:47:36.356236 [INFO] Traffic forward set-up completed.
2026/01/01 00:47:36.356254 [INFO] Running command: docker wait  25ec71eb124b
2026/01/01 00:47:41.715265 [INFO] 1

2026/01/01 00:47:42.179970 [INFO] Loading Manifest...
2026/01/01 00:47:42.186904 [INFO] Running command: /opt/aws/bin/cfn-get-metadata -s arn:aws:cloudformation:us-east-1:188701360622:stack/awseb-e-ibwb4kyapk-stack/25f4ff40-e6a9-11f0-a99f-0affd9bc13ff -r AWSEBAutoScalingGroup --region us-east-1
2026/01/01 00:47:42.492084 [INFO] Running command: /opt/aws/bin/cfn-get-metadata -s arn:aws:cloudformation:us-east-1:188701360622:stack/awseb-e-ibwb4kyapk-stack/25f4ff40-e6a9-11f0-a99f-0affd9bc13ff -r AWSEBBeanstalkMetadata --region us-east-1
2026/01/01 00:47:42.794390 [INFO] Checking if docker is running...
2026/01/01 00:47:42.794456 [INFO] Fetch current app container id...
2026/01/01 00:47:42.794479 [INFO] Running command: docker ps | grep 25ec71eb124b
2026/01/01 00:47:42.810203 [INFO] Starting container 25ec71eb124b
2026/01/01 00:47:42.810233 [INFO] Running command: docker start  25ec71eb124b
2026/01/01 00:47:43.184312 [INFO] 25ec71eb124b

2026/01/01 00:47:43.184439 [INFO] Clear existing beanstalk iptables rules...
2026/01/01 00:47:43.184456 [INFO] Running command: iptables-save | grep -v added_by_elasticbeanstalk | iptables-restore
2026/01/01 00:47:43.292768 [INFO] Getting container info...
2026/01/01 00:47:43.292803 [INFO] Running command: docker inspect 25ec71eb124b
2026/01/01 00:47:43.314480 [INFO] Running command: ip route show default | awk '{print $5}'
2026/01/01 00:47:43.323176 [INFO] ens5

2026/01/01 00:47:43.323213 [INFO] Writing nginx upstream config...
2026/01/01 00:47:43.325804 [INFO] Running command: systemctl show -p PartOf nginx.service
2026/01/01 00:47:43.344117 [WARN] process nginx is already registered, skip registering again...
2026/01/01 00:47:43.344159 [INFO] Running command: systemctl show -p PartOf nginx.service
2026/01/01 00:47:43.358088 [INFO] Running command: systemctl restart nginx.service
2026/01/01 00:47:43.651423 [INFO] Running command: service iptables save
2026/01/01 00:47:43.741635 [INFO] iptables: Saving firewall rules to /etc/sysconfig/iptables: [  OK  ]

2026/01/01 00:47:43.741660 [INFO] Traffic forward set-up completed.
2026/01/01 00:47:43.741674 [INFO] Running command: docker wait  25ec71eb124b
2026/01/01 00:47:49.639108 [INFO] 1

2026/01/01 00:47:49.918697 [INFO] Loading Manifest...
2026/01/01 00:47:49.925081 [INFO] Running command: /opt/aws/bin/cfn-get-metadata -s arn:aws:cloudformation:us-east-1:188701360622:stack/awseb-e-ibwb4kyapk-stack/25f4ff40-e6a9-11f0-a99f-0affd9bc13ff -r AWSEBAutoScalingGroup --region us-east-1
2026/01/01 00:47:50.248897 [INFO] Running command: /opt/aws/bin/cfn-get-metadata -s arn:aws:cloudformation:us-east-1:188701360622:stack/awseb-e-ibwb4kyapk-stack/25f4ff40-e6a9-11f0-a99f-0affd9bc13ff -r AWSEBBeanstalkMetadata --region us-east-1
2026/01/01 00:47:50.547524 [INFO] Checking if docker is running...
2026/01/01 00:47:50.547591 [INFO] Fetch current app container id...
2026/01/01 00:47:50.547614 [INFO] Running command: docker ps | grep 25ec71eb124b
2026/01/01 00:47:50.565641 [INFO] Starting container 25ec71eb124b
2026/01/01 00:47:50.565680 [INFO] Running command: docker start  25ec71eb124b
2026/01/01 00:47:50.893457 [INFO] 25ec71eb124b

2026/01/01 00:47:50.893556 [INFO] Clear existing beanstalk iptables rules...
2026/01/01 00:47:50.893571 [INFO] Running command: iptables-save | grep -v added_by_elasticbeanstalk | iptables-restore
2026/01/01 00:47:50.982738 [INFO] Getting container info...
2026/01/01 00:47:50.982773 [INFO] Running command: docker inspect 25ec71eb124b
2026/01/01 00:47:51.004470 [INFO] Running command: ip route show default | awk '{print $5}'
2026/01/01 00:47:51.012201 [INFO] ens5

2026/01/01 00:47:51.012309 [INFO] Writing nginx upstream config...
2026/01/01 00:47:51.015739 [INFO] Running command: systemctl show -p PartOf nginx.service
2026/01/01 00:47:51.032027 [WARN] process nginx is already registered, skip registering again...
2026/01/01 00:47:51.032062 [INFO] Running command: systemctl show -p PartOf nginx.service
2026/01/01 00:47:51.047372 [INFO] Running command: systemctl restart nginx.service
2026/01/01 00:47:51.436217 [INFO] Running command: service iptables save
2026/01/01 00:47:51.498516 [INFO] iptables: Saving firewall rules to /etc/sysconfig/iptables: [  OK  ]

2026/01/01 00:47:51.498542 [INFO] Traffic forward set-up completed.
2026/01/01 00:47:51.498556 [INFO] Running command: docker wait  25ec71eb124b
2026/01/01 00:47:57.345079 [INFO] 1

2026/01/01 00:47:57.667637 [INFO] Loading Manifest...
2026/01/01 00:47:57.675255 [INFO] Running command: /opt/aws/bin/cfn-get-metadata -s arn:aws:cloudformation:us-east-1:188701360622:stack/awseb-e-ibwb4kyapk-stack/25f4ff40-e6a9-11f0-a99f-0affd9bc13ff -r AWSEBAutoScalingGroup --region us-east-1
2026/01/01 00:47:57.978680 [INFO] Running command: /opt/aws/bin/cfn-get-metadata -s arn:aws:cloudformation:us-east-1:188701360622:stack/awseb-e-ibwb4kyapk-stack/25f4ff40-e6a9-11f0-a99f-0affd9bc13ff -r AWSEBBeanstalkMetadata --region us-east-1
2026/01/01 00:47:58.285331 [INFO] Checking if docker is running...
2026/01/01 00:47:58.285355 [INFO] Fetch current app container id...
2026/01/01 00:47:58.285381 [INFO] Running command: docker ps | grep 25ec71eb124b
2026/01/01 00:47:58.300183 [INFO] Starting container 25ec71eb124b
2026/01/01 00:47:58.300208 [INFO] Running command: docker start  25ec71eb124b
2026/01/01 00:47:58.664162 [INFO] 25ec71eb124b

2026/01/01 00:47:58.664290 [INFO] Clear existing beanstalk iptables rules...
2026/01/01 00:47:58.664308 [INFO] Running command: iptables-save | grep -v added_by_elasticbeanstalk | iptables-restore
2026/01/01 00:47:58.722781 [INFO] Getting container info...
2026/01/01 00:47:58.722819 [INFO] Running command: docker inspect 25ec71eb124b
2026/01/01 00:47:58.748713 [INFO] Running command: ip route show default | awk '{print $5}'
2026/01/01 00:47:58.756607 [INFO] ens5

2026/01/01 00:47:58.756645 [INFO] Writing nginx upstream config...
2026/01/01 00:47:58.760634 [INFO] Running command: systemctl show -p PartOf nginx.service
2026/01/01 00:47:58.781148 [WARN] process nginx is already registered, skip registering again...
2026/01/01 00:47:58.781197 [INFO] Running command: systemctl show -p PartOf nginx.service
2026/01/01 00:47:58.796026 [INFO] Running command: systemctl restart nginx.service
2026/01/01 00:47:59.100000 [INFO] Running command: service iptables save
2026/01/01 00:47:59.206851 [INFO] iptables: Saving firewall rules to /etc/sysconfig/iptables: [  OK  ]

2026/01/01 00:47:59.206877 [INFO] Traffic forward set-up completed.
2026/01/01 00:47:59.206904 [INFO] Running command: docker wait  25ec71eb124b
2026/01/01 00:48:05.924370 [INFO] 1

2026/01/01 00:48:06.158166 [INFO] Loading Manifest...
2026/01/01 00:48:06.164339 [INFO] Running command: /opt/aws/bin/cfn-get-metadata -s arn:aws:cloudformation:us-east-1:188701360622:stack/awseb-e-ibwb4kyapk-stack/25f4ff40-e6a9-11f0-a99f-0affd9bc13ff -r AWSEBAutoScalingGroup --region us-east-1
2026/01/01 00:48:06.478125 [INFO] Running command: /opt/aws/bin/cfn-get-metadata -s arn:aws:cloudformation:us-east-1:188701360622:stack/awseb-e-ibwb4kyapk-stack/25f4ff40-e6a9-11f0-a99f-0affd9bc13ff -r AWSEBBeanstalkMetadata --region us-east-1
2026/01/01 00:48:06.783304 [INFO] Checking if docker is running...
2026/01/01 00:48:06.783366 [INFO] Fetch current app container id...
2026/01/01 00:48:06.783391 [INFO] Running command: docker ps | grep 25ec71eb124b
2026/01/01 00:48:06.798473 [INFO] Starting container 25ec71eb124b
2026/01/01 00:48:06.798499 [INFO] Running command: docker start  25ec71eb124b
2026/01/01 00:48:07.151139 [INFO] 25ec71eb124b

2026/01/01 00:48:07.151352 [INFO] Clear existing beanstalk iptables rules...
2026/01/01 00:48:07.151368 [INFO] Running command: iptables-save | grep -v added_by_elasticbeanstalk | iptables-restore
2026/01/01 00:48:07.232793 [INFO] Getting container info...
2026/01/01 00:48:07.232830 [INFO] Running command: docker inspect 25ec71eb124b
2026/01/01 00:48:07.256174 [INFO] Running command: ip route show default | awk '{print $5}'
2026/01/01 00:48:07.264104 [INFO] ens5

2026/01/01 00:48:07.264141 [INFO] Writing nginx upstream config...
2026/01/01 00:48:07.269820 [INFO] Running command: systemctl show -p PartOf nginx.service
2026/01/01 00:48:07.284978 [WARN] process nginx is already registered, skip registering again...
2026/01/01 00:48:07.285014 [INFO] Running command: systemctl show -p PartOf nginx.service
2026/01/01 00:48:07.300658 [INFO] Running command: systemctl restart nginx.service
2026/01/01 00:48:07.729424 [INFO] Running command: service iptables save
2026/01/01 00:48:07.826530 [INFO] iptables: Saving firewall rules to /etc/sysconfig/iptables: [  OK  ]

2026/01/01 00:48:07.826555 [INFO] Traffic forward set-up completed.
2026/01/01 00:48:07.826568 [INFO] Running command: docker wait  25ec71eb124b
2026/01/01 00:48:13.324832 [INFO] 1

2026/01/01 00:48:13.679704 [INFO] Loading Manifest...
2026/01/01 00:48:13.692357 [INFO] Running command: /opt/aws/bin/cfn-get-metadata -s arn:aws:cloudformation:us-east-1:188701360622:stack/awseb-e-ibwb4kyapk-stack/25f4ff40-e6a9-11f0-a99f-0affd9bc13ff -r AWSEBAutoScalingGroup --region us-east-1
2026/01/01 00:48:13.990930 [INFO] Running command: /opt/aws/bin/cfn-get-metadata -s arn:aws:cloudformation:us-east-1:188701360622:stack/awseb-e-ibwb4kyapk-stack/25f4ff40-e6a9-11f0-a99f-0affd9bc13ff -r AWSEBBeanstalkMetadata --region us-east-1
2026/01/01 00:48:14.287641 [INFO] Checking if docker is running...
2026/01/01 00:48:14.287711 [INFO] Fetch current app container id...
2026/01/01 00:48:14.287749 [INFO] Running command: docker ps | grep 25ec71eb124b
2026/01/01 00:48:14.303455 [INFO] Starting container 25ec71eb124b
2026/01/01 00:48:14.303478 [INFO] Running command: docker start  25ec71eb124b
2026/01/01 00:48:14.694261 [INFO] 25ec71eb124b

2026/01/01 00:48:14.694375 [INFO] Clear existing beanstalk iptables rules...
2026/01/01 00:48:14.694392 [INFO] Running command: iptables-save | grep -v added_by_elasticbeanstalk | iptables-restore
2026/01/01 00:48:14.792828 [INFO] Getting container info...
2026/01/01 00:48:14.792864 [INFO] Running command: docker inspect 25ec71eb124b
2026/01/01 00:48:14.834573 [INFO] Running command: ip route show default | awk '{print $5}'
2026/01/01 00:48:14.846268 [INFO] ens5

2026/01/01 00:48:14.846305 [INFO] Writing nginx upstream config...
2026/01/01 00:48:14.848748 [INFO] Running command: systemctl show -p PartOf nginx.service
2026/01/01 00:48:14.863091 [WARN] process nginx is already registered, skip registering again...
2026/01/01 00:48:14.863127 [INFO] Running command: systemctl show -p PartOf nginx.service
2026/01/01 00:48:14.880540 [INFO] Running command: systemctl restart nginx.service
2026/01/01 00:48:15.206203 [INFO] Running command: service iptables save
2026/01/01 00:48:15.302993 [INFO] iptables: Saving firewall rules to /etc/sysconfig/iptables: [  OK  ]

2026/01/01 00:48:15.303019 [INFO] Traffic forward set-up completed.
2026/01/01 00:48:15.303032 [INFO] Running command: docker wait  25ec71eb124b
2026/01/01 00:48:21.023675 [INFO] 1

2026/01/01 00:48:21.417968 [INFO] Loading Manifest...
2026/01/01 00:48:21.424296 [INFO] Running command: /opt/aws/bin/cfn-get-metadata -s arn:aws:cloudformation:us-east-1:188701360622:stack/awseb-e-ibwb4kyapk-stack/25f4ff40-e6a9-11f0-a99f-0affd9bc13ff -r AWSEBAutoScalingGroup --region us-east-1
2026/01/01 00:48:21.723644 [INFO] Running command: /opt/aws/bin/cfn-get-metadata -s arn:aws:cloudformation:us-east-1:188701360622:stack/awseb-e-ibwb4kyapk-stack/25f4ff40-e6a9-11f0-a99f-0affd9bc13ff -r AWSEBBeanstalkMetadata --region us-east-1
2026/01/01 00:48:22.022437 [INFO] Checking if docker is running...
2026/01/01 00:48:22.022457 [INFO] Fetch current app container id...
2026/01/01 00:48:22.022479 [INFO] Running command: docker ps | grep 25ec71eb124b
2026/01/01 00:48:22.038445 [INFO] Starting container 25ec71eb124b
2026/01/01 00:48:22.038475 [INFO] Running command: docker start  25ec71eb124b
2026/01/01 00:48:22.399154 [INFO] 25ec71eb124b

2026/01/01 00:48:22.399255 [INFO] Clear existing beanstalk iptables rules...
2026/01/01 00:48:22.399270 [INFO] Running command: iptables-save | grep -v added_by_elasticbeanstalk | iptables-restore
2026/01/01 00:48:22.472545 [INFO] Getting container info...
2026/01/01 00:48:22.472573 [INFO] Running command: docker inspect 25ec71eb124b
2026/01/01 00:48:22.493140 [INFO] Running command: ip route show default | awk '{print $5}'
2026/01/01 00:48:22.499421 [INFO] ens5

2026/01/01 00:48:22.499443 [INFO] Writing nginx upstream config...
2026/01/01 00:48:22.502424 [INFO] Running command: systemctl show -p PartOf nginx.service
2026/01/01 00:48:22.515618 [WARN] process nginx is already registered, skip registering again...
2026/01/01 00:48:22.515647 [INFO] Running command: systemctl show -p PartOf nginx.service
2026/01/01 00:48:22.525414 [INFO] Running command: systemctl restart nginx.service
2026/01/01 00:48:22.897869 [INFO] Running command: service iptables save
2026/01/01 00:48:23.003677 [INFO] iptables: Saving firewall rules to /etc/sysconfig/iptables: [  OK  ]

2026/01/01 00:48:23.003702 [INFO] Traffic forward set-up completed.
2026/01/01 00:48:23.003716 [INFO] Running command: docker wait  25ec71eb124b
2026/01/01 00:48:28.684365 [INFO] 1

2026/01/01 00:48:29.158186 [INFO] Loading Manifest...
2026/01/01 00:48:29.168529 [INFO] Running command: /opt/aws/bin/cfn-get-metadata -s arn:aws:cloudformation:us-east-1:188701360622:stack/awseb-e-ibwb4kyapk-stack/25f4ff40-e6a9-11f0-a99f-0affd9bc13ff -r AWSEBAutoScalingGroup --region us-east-1
2026/01/01 00:48:29.489131 [INFO] Running command: /opt/aws/bin/cfn-get-metadata -s arn:aws:cloudformation:us-east-1:188701360622:stack/awseb-e-ibwb4kyapk-stack/25f4ff40-e6a9-11f0-a99f-0affd9bc13ff -r AWSEBBeanstalkMetadata --region us-east-1
2026/01/01 00:48:29.791481 [INFO] Checking if docker is running...
2026/01/01 00:48:29.791550 [INFO] Fetch current app container id...
2026/01/01 00:48:29.791573 [INFO] Running command: docker ps | grep 25ec71eb124b
2026/01/01 00:48:29.806567 [INFO] Starting container 25ec71eb124b
2026/01/01 00:48:29.806593 [INFO] Running command: docker start  25ec71eb124b
2026/01/01 00:48:30.154162 [INFO] 25ec71eb124b

2026/01/01 00:48:30.154277 [INFO] Clear existing beanstalk iptables rules...
2026/01/01 00:48:30.154291 [INFO] Running command: iptables-save | grep -v added_by_elasticbeanstalk | iptables-restore
2026/01/01 00:48:30.272583 [INFO] Getting container info...
2026/01/01 00:48:30.272612 [INFO] Running command: docker inspect 25ec71eb124b
2026/01/01 00:48:30.318152 [INFO] Running command: ip route show default | awk '{print $5}'
2026/01/01 00:48:30.326046 [INFO] ens5

2026/01/01 00:48:30.326076 [INFO] Writing nginx upstream config...
2026/01/01 00:48:30.328383 [INFO] Running command: systemctl show -p PartOf nginx.service
2026/01/01 00:48:30.343222 [WARN] process nginx is already registered, skip registering again...
2026/01/01 00:48:30.343257 [INFO] Running command: systemctl show -p PartOf nginx.service
2026/01/01 00:48:30.357531 [INFO] Running command: systemctl restart nginx.service
2026/01/01 00:48:30.746853 [INFO] Running command: service iptables save
2026/01/01 00:48:30.863831 [INFO] iptables: Saving firewall rules to /etc/sysconfig/iptables: [  OK  ]

2026/01/01 00:48:30.863863 [INFO] Traffic forward set-up completed.
2026/01/01 00:48:30.863876 [INFO] Running command: docker wait  25ec71eb124b
2026/01/01 00:48:36.554608 [INFO] 1

2026/01/01 00:48:36.917805 [INFO] Loading Manifest...
2026/01/01 00:48:36.924297 [INFO] Running command: /opt/aws/bin/cfn-get-metadata -s arn:aws:cloudformation:us-east-1:188701360622:stack/awseb-e-ibwb4kyapk-stack/25f4ff40-e6a9-11f0-a99f-0affd9bc13ff -r AWSEBAutoScalingGroup --region us-east-1
2026/01/01 00:48:37.274498 [INFO] Running command: /opt/aws/bin/cfn-get-metadata -s arn:aws:cloudformation:us-east-1:188701360622:stack/awseb-e-ibwb4kyapk-stack/25f4ff40-e6a9-11f0-a99f-0affd9bc13ff -r AWSEBBeanstalkMetadata --region us-east-1
2026/01/01 00:48:37.586931 [INFO] Checking if docker is running...
2026/01/01 00:48:37.587001 [INFO] Fetch current app container id...
2026/01/01 00:48:37.587027 [INFO] Running command: docker ps | grep 25ec71eb124b
2026/01/01 00:48:37.602613 [INFO] Starting container 25ec71eb124b
2026/01/01 00:48:37.602653 [INFO] Running command: docker start  25ec71eb124b
2026/01/01 00:48:37.934945 [INFO] 25ec71eb124b

2026/01/01 00:48:37.935035 [INFO] Clear existing beanstalk iptables rules...
2026/01/01 00:48:37.935048 [INFO] Running command: iptables-save | grep -v added_by_elasticbeanstalk | iptables-restore
2026/01/01 00:48:38.002783 [INFO] Getting container info...
2026/01/01 00:48:38.002820 [INFO] Running command: docker inspect 25ec71eb124b
2026/01/01 00:48:38.035506 [INFO] Running command: ip route show default | awk '{print $5}'
2026/01/01 00:48:38.047424 [INFO] ens5

2026/01/01 00:48:38.047544 [INFO] Writing nginx upstream config...
2026/01/01 00:48:38.049997 [INFO] Running command: systemctl show -p PartOf nginx.service
2026/01/01 00:48:38.067074 [WARN] process nginx is already registered, skip registering again...
2026/01/01 00:48:38.067109 [INFO] Running command: systemctl show -p PartOf nginx.service
2026/01/01 00:48:38.095343 [INFO] Running command: systemctl restart nginx.service
2026/01/01 00:48:38.398648 [INFO] Running command: service iptables save
2026/01/01 00:48:38.503946 [INFO] iptables: Saving firewall rules to /etc/sysconfig/iptables: [  OK  ]

2026/01/01 00:48:38.503972 [INFO] Traffic forward set-up completed.
2026/01/01 00:48:38.503992 [INFO] Running command: docker wait  25ec71eb124b
2026/01/01 00:48:48.664338 [INFO] 1

2026/01/01 00:48:49.249669 [INFO] Loading Manifest...
2026/01/01 00:48:49.272130 [INFO] Running command: /opt/aws/bin/cfn-get-metadata -s arn:aws:cloudformation:us-east-1:188701360622:stack/awseb-e-ibwb4kyapk-stack/25f4ff40-e6a9-11f0-a99f-0affd9bc13ff -r AWSEBAutoScalingGroup --region us-east-1
2026/01/01 00:48:50.036665 [INFO] Running command: /opt/aws/bin/cfn-get-metadata -s arn:aws:cloudformation:us-east-1:188701360622:stack/awseb-e-ibwb4kyapk-stack/25f4ff40-e6a9-11f0-a99f-0affd9bc13ff -r AWSEBBeanstalkMetadata --region us-east-1
2026/01/01 00:48:50.560422 [INFO] Checking if docker is running...
2026/01/01 00:48:50.560524 [INFO] Fetch current app container id...
2026/01/01 00:48:50.561043 [INFO] Running command: docker ps | grep 25ec71eb124b
2026/01/01 00:48:50.587752 [INFO] Starting container 25ec71eb124b
2026/01/01 00:48:50.587787 [INFO] Running command: docker start  25ec71eb124b
2026/01/01 00:48:51.510603 [INFO] 25ec71eb124b

2026/01/01 00:48:51.513676 [INFO] Clear existing beanstalk iptables rules...
2026/01/01 00:48:51.513706 [INFO] Running command: iptables-save | grep -v added_by_elasticbeanstalk | iptables-restore
2026/01/01 00:48:51.623234 [INFO] Getting container info...
2026/01/01 00:48:51.623488 [INFO] Running command: docker inspect 25ec71eb124b
2026/01/01 00:48:51.673746 [INFO] Running command: ip route show default | awk '{print $5}'
2026/01/01 00:48:51.702070 [INFO] ens5

2026/01/01 00:48:51.702105 [INFO] Writing nginx upstream config...
2026/01/01 00:48:51.708796 [INFO] Running command: systemctl show -p PartOf nginx.service
2026/01/01 00:48:51.750783 [WARN] process nginx is already registered, skip registering again...
2026/01/01 00:48:51.750817 [INFO] Running command: systemctl show -p PartOf nginx.service
2026/01/01 00:48:51.769847 [INFO] Running command: systemctl restart nginx.service
2026/01/01 00:48:52.359508 [INFO] Running command: service iptables save
2026/01/01 00:48:52.502255 [INFO] iptables: Saving firewall rules to /etc/sysconfig/iptables: [  OK  ]

2026/01/01 00:48:52.502276 [INFO] Traffic forward set-up completed.
2026/01/01 00:48:52.502321 [INFO] Running command: docker wait  25ec71eb124b
2026/01/01 00:49:03.785082 [INFO] 1

2026/01/01 00:49:04.286486 [INFO] Loading Manifest...
2026/01/01 00:49:04.309506 [INFO] Running command: /opt/aws/bin/cfn-get-metadata -s arn:aws:cloudformation:us-east-1:188701360622:stack/awseb-e-ibwb4kyapk-stack/25f4ff40-e6a9-11f0-a99f-0affd9bc13ff -r AWSEBAutoScalingGroup --region us-east-1
2026/01/01 00:49:04.807821 [INFO] Running command: /opt/aws/bin/cfn-get-metadata -s arn:aws:cloudformation:us-east-1:188701360622:stack/awseb-e-ibwb4kyapk-stack/25f4ff40-e6a9-11f0-a99f-0affd9bc13ff -r AWSEBBeanstalkMetadata --region us-east-1
2026/01/01 00:49:05.265142 [INFO] Checking if docker is running...
2026/01/01 00:49:05.265222 [INFO] Fetch current app container id...
2026/01/01 00:49:05.265266 [INFO] Running command: docker ps | grep 25ec71eb124b
2026/01/01 00:49:05.281512 [INFO] Starting container 25ec71eb124b
2026/01/01 00:49:05.281536 [INFO] Running command: docker start  25ec71eb124b
2026/01/01 00:49:06.083902 [INFO] 25ec71eb124b

2026/01/01 00:49:06.092211 [INFO] Clear existing beanstalk iptables rules...
2026/01/01 00:49:06.092247 [INFO] Running command: iptables-save | grep -v added_by_elasticbeanstalk | iptables-restore
2026/01/01 00:49:06.182610 [INFO] Getting container info...
2026/01/01 00:49:06.182635 [INFO] Running command: docker inspect 25ec71eb124b
2026/01/01 00:49:06.229852 [INFO] Running command: ip route show default | awk '{print $5}'
2026/01/01 00:49:06.258516 [INFO] ens5

2026/01/01 00:49:06.258595 [INFO] Writing nginx upstream config...
2026/01/01 00:49:06.261365 [INFO] Running command: systemctl show -p PartOf nginx.service
2026/01/01 00:49:06.373538 [INFO] register process nginx
2026/01/01 00:49:06.373568 [INFO] Running command: systemctl show -p PartOf nginx.service
2026/01/01 00:49:06.394035 [INFO] Running command: systemctl daemon-reload
2026/01/01 00:49:06.702383 [INFO] Running command: systemctl reset-failed
2026/01/01 00:49:06.718326 [INFO] Running command: systemctl enable nginx.service
2026/01/01 00:49:07.020809 [INFO] Created symlink /etc/systemd/system/multi-user.target.wants/nginx.service → /usr/lib/systemd/system/nginx.service.

2026/01/01 00:49:07.020857 [INFO] Running command: systemctl show -p PartOf nginx.service
2026/01/01 00:49:07.078892 [INFO] Running command: systemctl restart nginx.service
2026/01/01 00:49:07.247355 [INFO] Running command: service iptables save
2026/01/01 00:49:07.316247 [INFO] iptables: Saving firewall rules to /etc/sysconfig/iptables: [  OK  ]

2026/01/01 00:49:07.316266 [INFO] Traffic forward set-up completed.
2026/01/01 00:49:07.316276 [INFO] Running command: docker wait  25ec71eb124b
2026/01/01 00:49:15.197359 [INFO] Loading Manifest...
2026/01/01 00:49:15.227790 [INFO] Running command: /opt/aws/bin/cfn-get-metadata -s arn:aws:cloudformation:us-east-1:188701360622:stack/awseb-e-ibwb4kyapk-stack/25f4ff40-e6a9-11f0-a99f-0affd9bc13ff -r AWSEBAutoScalingGroup --region us-east-1
2026/01/01 00:49:16.155348 [INFO] Running command: /opt/aws/bin/cfn-get-metadata -s arn:aws:cloudformation:us-east-1:188701360622:stack/awseb-e-ibwb4kyapk-stack/25f4ff40-e6a9-11f0-a99f-0affd9bc13ff -r AWSEBBeanstalkMetadata --region us-east-1
2026/01/01 00:49:16.836198 [INFO] Checking if docker is running...
2026/01/01 00:49:16.837809 [INFO] Fetch current app container id...
2026/01/01 00:49:16.839342 [INFO] Running command: docker ps | grep e50f4e183859
2026/01/01 00:49:16.886090 [INFO] e50f4e183859   588eccf33c02   "java -jar app.jar"   9 seconds ago   Up 8 seconds   8080/tcp   blissful_albattani

2026/01/01 00:49:16.886114 [INFO] Running command: docker wait  e50f4e183859
2026/01/01 00:49:48.164108 [INFO] 1

2026/01/01 00:49:48.444419 [INFO] Loading Manifest...
2026/01/01 00:49:48.455986 [INFO] Running command: /opt/aws/bin/cfn-get-metadata -s arn:aws:cloudformation:us-east-1:188701360622:stack/awseb-e-ibwb4kyapk-stack/25f4ff40-e6a9-11f0-a99f-0affd9bc13ff -r AWSEBAutoScalingGroup --region us-east-1
2026/01/01 00:49:48.783942 [INFO] Running command: /opt/aws/bin/cfn-get-metadata -s arn:aws:cloudformation:us-east-1:188701360622:stack/awseb-e-ibwb4kyapk-stack/25f4ff40-e6a9-11f0-a99f-0affd9bc13ff -r AWSEBBeanstalkMetadata --region us-east-1
2026/01/01 00:49:49.093071 [INFO] Checking if docker is running...
2026/01/01 00:49:49.093091 [INFO] Fetch current app container id...
2026/01/01 00:49:49.093115 [INFO] Running command: docker ps | grep e50f4e183859
2026/01/01 00:49:49.107378 [INFO] Starting container e50f4e183859
2026/01/01 00:49:49.107401 [INFO] Running command: docker start  e50f4e183859
2026/01/01 00:49:49.573271 [INFO] e50f4e183859

2026/01/01 00:49:49.573350 [INFO] Clear existing beanstalk iptables rules...
2026/01/01 00:49:49.573360 [INFO] Running command: iptables-save | grep -v added_by_elasticbeanstalk | iptables-restore
2026/01/01 00:49:49.672596 [INFO] Getting container info...
2026/01/01 00:49:49.672632 [INFO] Running command: docker inspect e50f4e183859
2026/01/01 00:49:49.690389 [INFO] Running command: ip route show default | awk '{print $5}'
2026/01/01 00:49:49.717642 [INFO] ens5

2026/01/01 00:49:49.717698 [INFO] Writing nginx upstream config...
2026/01/01 00:49:49.721322 [INFO] Running command: systemctl show -p PartOf nginx.service
2026/01/01 00:49:49.736995 [WARN] process nginx is already registered, skip registering again...
2026/01/01 00:49:49.737029 [INFO] Running command: systemctl show -p PartOf nginx.service
2026/01/01 00:49:49.752693 [INFO] Running command: systemctl restart nginx.service
2026/01/01 00:49:50.350809 [INFO] Running command: service iptables save
2026/01/01 00:49:50.449928 [INFO] iptables: Saving firewall rules to /etc/sysconfig/iptables: [  OK  ]

2026/01/01 00:49:50.449952 [INFO] Traffic forward set-up completed.
2026/01/01 00:49:50.449964 [INFO] Running command: docker wait  e50f4e183859
2026/01/01 00:50:28.003902 [INFO] 1

2026/01/01 00:50:28.423762 [INFO] Loading Manifest...
2026/01/01 00:50:28.434813 [INFO] Running command: /opt/aws/bin/cfn-get-metadata -s arn:aws:cloudformation:us-east-1:188701360622:stack/awseb-e-ibwb4kyapk-stack/25f4ff40-e6a9-11f0-a99f-0affd9bc13ff -r AWSEBAutoScalingGroup --region us-east-1
2026/01/01 00:50:28.788747 [INFO] Running command: /opt/aws/bin/cfn-get-metadata -s arn:aws:cloudformation:us-east-1:188701360622:stack/awseb-e-ibwb4kyapk-stack/25f4ff40-e6a9-11f0-a99f-0affd9bc13ff -r AWSEBBeanstalkMetadata --region us-east-1
2026/01/01 00:50:29.090369 [INFO] Checking if docker is running...
2026/01/01 00:50:29.090435 [INFO] Fetch current app container id...
2026/01/01 00:50:29.090472 [INFO] Running command: docker ps | grep e50f4e183859
2026/01/01 00:50:29.106574 [INFO] Starting container e50f4e183859
2026/01/01 00:50:29.106599 [INFO] Running command: docker start  e50f4e183859
2026/01/01 00:50:29.573472 [INFO] e50f4e183859

2026/01/01 00:50:29.573560 [INFO] Clear existing beanstalk iptables rules...
2026/01/01 00:50:29.573570 [INFO] Running command: iptables-save | grep -v added_by_elasticbeanstalk | iptables-restore
2026/01/01 00:50:29.662780 [INFO] Getting container info...
2026/01/01 00:50:29.662817 [INFO] Running command: docker inspect e50f4e183859
2026/01/01 00:50:29.701362 [INFO] Running command: ip route show default | awk '{print $5}'
2026/01/01 00:50:29.709462 [INFO] ens5

2026/01/01 00:50:29.709502 [INFO] Writing nginx upstream config...
2026/01/01 00:50:29.713133 [INFO] Running command: systemctl show -p PartOf nginx.service
2026/01/01 00:50:29.728171 [WARN] process nginx is already registered, skip registering again...
2026/01/01 00:50:29.728206 [INFO] Running command: systemctl show -p PartOf nginx.service
2026/01/01 00:50:29.743658 [INFO] Running command: systemctl restart nginx.service
2026/01/01 00:50:30.119719 [INFO] Running command: service iptables save
2026/01/01 00:50:30.192837 [INFO] iptables: Saving firewall rules to /etc/sysconfig/iptables: [  OK  ]

2026/01/01 00:50:30.192858 [INFO] Traffic forward set-up completed.
2026/01/01 00:50:30.192871 [INFO] Running command: docker wait  e50f4e183859
2026/01/01 00:51:07.221433 [INFO] 1

2026/01/01 00:51:07.673448 [INFO] Loading Manifest...
2026/01/01 00:51:07.687170 [INFO] Running command: /opt/aws/bin/cfn-get-metadata -s arn:aws:cloudformation:us-east-1:188701360622:stack/awseb-e-ibwb4kyapk-stack/25f4ff40-e6a9-11f0-a99f-0affd9bc13ff -r AWSEBAutoScalingGroup --region us-east-1
2026/01/01 00:51:08.051523 [INFO] Running command: /opt/aws/bin/cfn-get-metadata -s arn:aws:cloudformation:us-east-1:188701360622:stack/awseb-e-ibwb4kyapk-stack/25f4ff40-e6a9-11f0-a99f-0affd9bc13ff -r AWSEBBeanstalkMetadata --region us-east-1
2026/01/01 00:51:08.361570 [INFO] Checking if docker is running...
2026/01/01 00:51:08.361782 [INFO] Fetch current app container id...
2026/01/01 00:51:08.361827 [INFO] Running command: docker ps | grep e50f4e183859
2026/01/01 00:51:08.377520 [INFO] Starting container e50f4e183859
2026/01/01 00:51:08.377545 [INFO] Running command: docker start  e50f4e183859
2026/01/01 00:51:08.723046 [INFO] e50f4e183859

2026/01/01 00:51:08.723144 [INFO] Clear existing beanstalk iptables rules...
2026/01/01 00:51:08.723155 [INFO] Running command: iptables-save | grep -v added_by_elasticbeanstalk | iptables-restore
2026/01/01 00:51:08.812753 [INFO] Getting container info...
2026/01/01 00:51:08.812803 [INFO] Running command: docker inspect e50f4e183859
2026/01/01 00:51:08.843277 [INFO] Running command: ip route show default | awk '{print $5}'
2026/01/01 00:51:08.864422 [INFO] ens5

2026/01/01 00:51:08.864460 [INFO] Writing nginx upstream config...
2026/01/01 00:51:08.866938 [INFO] Running command: systemctl show -p PartOf nginx.service
2026/01/01 00:51:08.883019 [WARN] process nginx is already registered, skip registering again...
2026/01/01 00:51:08.883053 [INFO] Running command: systemctl show -p PartOf nginx.service
2026/01/01 00:51:08.898542 [INFO] Running command: systemctl restart nginx.service
2026/01/01 00:51:09.165974 [INFO] Running command: service iptables save
2026/01/01 00:51:09.291994 [INFO] iptables: Saving firewall rules to /etc/sysconfig/iptables: [  OK  ]

2026/01/01 00:51:09.292022 [INFO] Traffic forward set-up completed.
2026/01/01 00:51:09.292036 [INFO] Running command: docker wait  e50f4e183859
2026/01/01 00:51:47.120360 [INFO] 1

2026/01/01 00:51:47.446456 [INFO] Loading Manifest...
2026/01/01 00:51:47.460200 [INFO] Running command: /opt/aws/bin/cfn-get-metadata -s arn:aws:cloudformation:us-east-1:188701360622:stack/awseb-e-ibwb4kyapk-stack/25f4ff40-e6a9-11f0-a99f-0affd9bc13ff -r AWSEBAutoScalingGroup --region us-east-1
2026/01/01 00:51:47.813771 [INFO] Running command: /opt/aws/bin/cfn-get-metadata -s arn:aws:cloudformation:us-east-1:188701360622:stack/awseb-e-ibwb4kyapk-stack/25f4ff40-e6a9-11f0-a99f-0affd9bc13ff -r AWSEBBeanstalkMetadata --region us-east-1
2026/01/01 00:51:48.116837 [INFO] Checking if docker is running...
2026/01/01 00:51:48.116908 [INFO] Fetch current app container id...
2026/01/01 00:51:48.116944 [INFO] Running command: docker ps | grep e50f4e183859
2026/01/01 00:51:48.132785 [INFO] Starting container e50f4e183859
2026/01/01 00:51:48.132809 [INFO] Running command: docker start  e50f4e183859
2026/01/01 00:51:48.499557 [INFO] e50f4e183859

2026/01/01 00:51:48.499651 [INFO] Clear existing beanstalk iptables rules...
2026/01/01 00:51:48.499661 [INFO] Running command: iptables-save | grep -v added_by_elasticbeanstalk | iptables-restore
2026/01/01 00:51:48.562610 [INFO] Getting container info...
2026/01/01 00:51:48.562648 [INFO] Running command: docker inspect e50f4e183859
2026/01/01 00:51:48.580444 [INFO] Running command: ip route show default | awk '{print $5}'
2026/01/01 00:51:48.591362 [INFO] ens5

2026/01/01 00:51:48.591404 [INFO] Writing nginx upstream config...
2026/01/01 00:51:48.594297 [INFO] Running command: systemctl show -p PartOf nginx.service
2026/01/01 00:51:48.604800 [WARN] process nginx is already registered, skip registering again...
2026/01/01 00:51:48.604829 [INFO] Running command: systemctl show -p PartOf nginx.service
2026/01/01 00:51:48.614248 [INFO] Running command: systemctl restart nginx.service
2026/01/01 00:51:48.922120 [INFO] Running command: service iptables save
2026/01/01 00:51:48.973233 [INFO] iptables: Saving firewall rules to /etc/sysconfig/iptables: [  OK  ]

2026/01/01 00:51:48.973249 [INFO] Traffic forward set-up completed.
2026/01/01 00:51:48.973271 [INFO] Running command: docker wait  e50f4e183859
2026/01/01 00:52:25.335174 [INFO] 1

2026/01/01 00:52:25.673542 [INFO] Loading Manifest...
2026/01/01 00:52:25.691951 [INFO] Running command: /opt/aws/bin/cfn-get-metadata -s arn:aws:cloudformation:us-east-1:188701360622:stack/awseb-e-ibwb4kyapk-stack/25f4ff40-e6a9-11f0-a99f-0affd9bc13ff -r AWSEBAutoScalingGroup --region us-east-1
2026/01/01 00:52:26.034042 [INFO] Running command: /opt/aws/bin/cfn-get-metadata -s arn:aws:cloudformation:us-east-1:188701360622:stack/awseb-e-ibwb4kyapk-stack/25f4ff40-e6a9-11f0-a99f-0affd9bc13ff -r AWSEBBeanstalkMetadata --region us-east-1
2026/01/01 00:52:26.359618 [INFO] Checking if docker is running...
2026/01/01 00:52:26.359638 [INFO] Fetch current app container id...
2026/01/01 00:52:26.359661 [INFO] Running command: docker ps | grep e50f4e183859
2026/01/01 00:52:26.375781 [INFO] Starting container e50f4e183859
2026/01/01 00:52:26.375806 [INFO] Running command: docker start  e50f4e183859
2026/01/01 00:52:26.725248 [INFO] e50f4e183859

2026/01/01 00:52:26.725342 [INFO] Clear existing beanstalk iptables rules...
2026/01/01 00:52:26.725356 [INFO] Running command: iptables-save | grep -v added_by_elasticbeanstalk | iptables-restore
2026/01/01 00:52:26.832799 [INFO] Getting container info...
2026/01/01 00:52:26.832835 [INFO] Running command: docker inspect e50f4e183859
2026/01/01 00:52:26.854329 [INFO] Running command: ip route show default | awk '{print $5}'
2026/01/01 00:52:26.863469 [INFO] ens5

2026/01/01 00:52:26.863507 [INFO] Writing nginx upstream config...
2026/01/01 00:52:26.867319 [INFO] Running command: systemctl show -p PartOf nginx.service
2026/01/01 00:52:26.882169 [WARN] process nginx is already registered, skip registering again...
2026/01/01 00:52:26.882207 [INFO] Running command: systemctl show -p PartOf nginx.service
2026/01/01 00:52:26.897660 [INFO] Running command: systemctl restart nginx.service
2026/01/01 00:52:27.265997 [INFO] Running command: service iptables save
2026/01/01 00:52:27.352739 [INFO] iptables: Saving firewall rules to /etc/sysconfig/iptables: [  OK  ]

2026/01/01 00:52:27.352764 [INFO] Traffic forward set-up completed.
2026/01/01 00:52:27.352778 [INFO] Running command: docker wait  e50f4e183859
2026/01/01 00:53:04.604601 [INFO] 1

2026/01/01 00:53:04.951431 [INFO] Loading Manifest...
2026/01/01 00:53:04.973183 [INFO] Running command: /opt/aws/bin/cfn-get-metadata -s arn:aws:cloudformation:us-east-1:188701360622:stack/awseb-e-ibwb4kyapk-stack/25f4ff40-e6a9-11f0-a99f-0affd9bc13ff -r AWSEBAutoScalingGroup --region us-east-1
2026/01/01 00:53:05.350149 [INFO] Running command: /opt/aws/bin/cfn-get-metadata -s arn:aws:cloudformation:us-east-1:188701360622:stack/awseb-e-ibwb4kyapk-stack/25f4ff40-e6a9-11f0-a99f-0affd9bc13ff -r AWSEBBeanstalkMetadata --region us-east-1
2026/01/01 00:53:05.655668 [INFO] Checking if docker is running...
2026/01/01 00:53:05.655732 [INFO] Fetch current app container id...
2026/01/01 00:53:05.655755 [INFO] Running command: docker ps | grep e50f4e183859
2026/01/01 00:53:05.670950 [INFO] Starting container e50f4e183859
2026/01/01 00:53:05.670975 [INFO] Running command: docker start  e50f4e183859
2026/01/01 00:53:05.981554 [INFO] e50f4e183859

2026/01/01 00:53:05.981713 [INFO] Clear existing beanstalk iptables rules...
2026/01/01 00:53:05.981729 [INFO] Running command: iptables-save | grep -v added_by_elasticbeanstalk | iptables-restore
2026/01/01 00:53:06.062757 [INFO] Getting container info...
2026/01/01 00:53:06.062794 [INFO] Running command: docker inspect e50f4e183859
2026/01/01 00:53:06.106642 [INFO] Running command: ip route show default | awk '{print $5}'
2026/01/01 00:53:06.133813 [INFO] ens5

2026/01/01 00:53:06.133852 [INFO] Writing nginx upstream config...
2026/01/01 00:53:06.137737 [INFO] Running command: systemctl show -p PartOf nginx.service
2026/01/01 00:53:06.152123 [WARN] process nginx is already registered, skip registering again...
2026/01/01 00:53:06.152159 [INFO] Running command: systemctl show -p PartOf nginx.service
2026/01/01 00:53:06.167551 [INFO] Running command: systemctl restart nginx.service
2026/01/01 00:53:06.615747 [INFO] Running command: service iptables save
2026/01/01 00:53:06.713815 [INFO] iptables: Saving firewall rules to /etc/sysconfig/iptables: [  OK  ]

2026/01/01 00:53:06.713840 [INFO] Traffic forward set-up completed.
2026/01/01 00:53:06.713853 [INFO] Running command: docker wait  e50f4e183859
2026/01/01 00:53:44.114693 [INFO] 1

2026/01/01 00:53:44.438221 [INFO] Loading Manifest...
2026/01/01 00:53:44.444952 [INFO] Running command: /opt/aws/bin/cfn-get-metadata -s arn:aws:cloudformation:us-east-1:188701360622:stack/awseb-e-ibwb4kyapk-stack/25f4ff40-e6a9-11f0-a99f-0affd9bc13ff -r AWSEBAutoScalingGroup --region us-east-1
2026/01/01 00:53:44.761987 [INFO] Running command: /opt/aws/bin/cfn-get-metadata -s arn:aws:cloudformation:us-east-1:188701360622:stack/awseb-e-ibwb4kyapk-stack/25f4ff40-e6a9-11f0-a99f-0affd9bc13ff -r AWSEBBeanstalkMetadata --region us-east-1
2026/01/01 00:53:45.067551 [INFO] Checking if docker is running...
2026/01/01 00:53:45.067622 [INFO] Fetch current app container id...
2026/01/01 00:53:45.067649 [INFO] Running command: docker ps | grep e50f4e183859
2026/01/01 00:53:45.083609 [INFO] Starting container e50f4e183859
2026/01/01 00:53:45.083633 [INFO] Running command: docker start  e50f4e183859
2026/01/01 00:53:45.408949 [INFO] e50f4e183859

2026/01/01 00:53:45.409083 [INFO] Clear existing beanstalk iptables rules...
2026/01/01 00:53:45.409098 [INFO] Running command: iptables-save | grep -v added_by_elasticbeanstalk | iptables-restore
2026/01/01 00:53:45.492759 [INFO] Getting container info...
2026/01/01 00:53:45.492795 [INFO] Running command: docker inspect e50f4e183859
2026/01/01 00:53:45.528100 [INFO] Running command: ip route show default | awk '{print $5}'
2026/01/01 00:53:45.536727 [INFO] ens5

2026/01/01 00:53:45.536766 [INFO] Writing nginx upstream config...
2026/01/01 00:53:45.540358 [INFO] Running command: systemctl show -p PartOf nginx.service
2026/01/01 00:53:45.564160 [WARN] process nginx is already registered, skip registering again...
2026/01/01 00:53:45.564214 [INFO] Running command: systemctl show -p PartOf nginx.service
2026/01/01 00:53:45.580966 [INFO] Running command: systemctl restart nginx.service
2026/01/01 00:53:45.989681 [INFO] Running command: service iptables save
2026/01/01 00:53:46.078440 [INFO] iptables: Saving firewall rules to /etc/sysconfig/iptables: [  OK  ]

2026/01/01 00:53:46.078466 [INFO] Traffic forward set-up completed.
2026/01/01 00:53:46.078479 [INFO] Running command: docker wait  e50f4e183859
2026/01/01 00:54:23.414404 [INFO] 1

2026/01/01 00:54:23.683624 [INFO] Loading Manifest...
2026/01/01 00:54:23.693731 [INFO] Running command: /opt/aws/bin/cfn-get-metadata -s arn:aws:cloudformation:us-east-1:188701360622:stack/awseb-e-ibwb4kyapk-stack/25f4ff40-e6a9-11f0-a99f-0affd9bc13ff -r AWSEBAutoScalingGroup --region us-east-1
2026/01/01 00:54:24.035876 [INFO] Running command: /opt/aws/bin/cfn-get-metadata -s arn:aws:cloudformation:us-east-1:188701360622:stack/awseb-e-ibwb4kyapk-stack/25f4ff40-e6a9-11f0-a99f-0affd9bc13ff -r AWSEBBeanstalkMetadata --region us-east-1
2026/01/01 00:54:24.339476 [INFO] Checking if docker is running...
2026/01/01 00:54:24.339547 [INFO] Fetch current app container id...
2026/01/01 00:54:24.339597 [INFO] Running command: docker ps | grep e50f4e183859
2026/01/01 00:54:24.355004 [INFO] Starting container e50f4e183859
2026/01/01 00:54:24.355030 [INFO] Running command: docker start  e50f4e183859
2026/01/01 00:54:24.687317 [INFO] e50f4e183859

2026/01/01 00:54:24.687428 [INFO] Clear existing beanstalk iptables rules...
2026/01/01 00:54:24.687444 [INFO] Running command: iptables-save | grep -v added_by_elasticbeanstalk | iptables-restore
2026/01/01 00:54:24.802828 [INFO] Getting container info...
2026/01/01 00:54:24.802864 [INFO] Running command: docker inspect e50f4e183859
2026/01/01 00:54:24.833434 [INFO] Running command: ip route show default | awk '{print $5}'
2026/01/01 00:54:24.842135 [INFO] ens5

2026/01/01 00:54:24.842174 [INFO] Writing nginx upstream config...
2026/01/01 00:54:24.847292 [INFO] Running command: systemctl show -p PartOf nginx.service
2026/01/01 00:54:24.862257 [WARN] process nginx is already registered, skip registering again...
2026/01/01 00:54:24.862293 [INFO] Running command: systemctl show -p PartOf nginx.service
2026/01/01 00:54:24.876641 [INFO] Running command: systemctl restart nginx.service
2026/01/01 00:54:25.218805 [INFO] Running command: service iptables save
2026/01/01 00:54:25.316914 [INFO] iptables: Saving firewall rules to /etc/sysconfig/iptables: [  OK  ]

2026/01/01 00:54:25.316938 [INFO] Traffic forward set-up completed.
2026/01/01 00:54:25.316951 [INFO] Running command: docker wait  e50f4e183859
2026/01/01 00:55:02.195988 [INFO] 1

2026/01/01 00:55:02.670606 [INFO] Loading Manifest...
2026/01/01 00:55:02.682524 [INFO] Running command: /opt/aws/bin/cfn-get-metadata -s arn:aws:cloudformation:us-east-1:188701360622:stack/awseb-e-ibwb4kyapk-stack/25f4ff40-e6a9-11f0-a99f-0affd9bc13ff -r AWSEBAutoScalingGroup --region us-east-1
2026/01/01 00:55:03.060292 [INFO] Running command: /opt/aws/bin/cfn-get-metadata -s arn:aws:cloudformation:us-east-1:188701360622:stack/awseb-e-ibwb4kyapk-stack/25f4ff40-e6a9-11f0-a99f-0affd9bc13ff -r AWSEBBeanstalkMetadata --region us-east-1
2026/01/01 00:55:03.388083 [INFO] Checking if docker is running...
2026/01/01 00:55:03.388151 [INFO] Fetch current app container id...
2026/01/01 00:55:03.388176 [INFO] Running command: docker ps | grep e50f4e183859
2026/01/01 00:55:03.403575 [INFO] Starting container e50f4e183859
2026/01/01 00:55:03.403598 [INFO] Running command: docker start  e50f4e183859
2026/01/01 00:55:03.722822 [INFO] e50f4e183859

2026/01/01 00:55:03.722996 [INFO] Clear existing beanstalk iptables rules...
2026/01/01 00:55:03.723010 [INFO] Running command: iptables-save | grep -v added_by_elasticbeanstalk | iptables-restore
2026/01/01 00:55:03.802885 [INFO] Getting container info...
2026/01/01 00:55:03.802925 [INFO] Running command: docker inspect e50f4e183859
2026/01/01 00:55:03.833715 [INFO] Running command: ip route show default | awk '{print $5}'
2026/01/01 00:55:03.846382 [INFO] ens5

2026/01/01 00:55:03.846425 [INFO] Writing nginx upstream config...
2026/01/01 00:55:03.848627 [INFO] Running command: systemctl show -p PartOf nginx.service
2026/01/01 00:55:03.864306 [WARN] process nginx is already registered, skip registering again...
2026/01/01 00:55:03.864344 [INFO] Running command: systemctl show -p PartOf nginx.service
2026/01/01 00:55:03.879443 [INFO] Running command: systemctl restart nginx.service
2026/01/01 00:55:04.200482 [INFO] Running command: service iptables save
2026/01/01 00:55:04.297730 [INFO] iptables: Saving firewall rules to /etc/sysconfig/iptables: [  OK  ]

2026/01/01 00:55:04.297766 [INFO] Traffic forward set-up completed.
2026/01/01 00:55:04.297781 [INFO] Running command: docker wait  e50f4e183859
2026/01/01 00:55:51.721364 [INFO] Loading Manifest...
2026/01/01 00:55:51.744851 [INFO] Running command: /opt/aws/bin/cfn-get-metadata -s arn:aws:cloudformation:us-east-1:188701360622:stack/awseb-e-ibwb4kyapk-stack/25f4ff40-e6a9-11f0-a99f-0affd9bc13ff -r AWSEBAutoScalingGroup --region us-east-1
2026/01/01 00:55:52.640759 [INFO] Running command: /opt/aws/bin/cfn-get-metadata -s arn:aws:cloudformation:us-east-1:188701360622:stack/awseb-e-ibwb4kyapk-stack/25f4ff40-e6a9-11f0-a99f-0affd9bc13ff -r AWSEBBeanstalkMetadata --region us-east-1
2026/01/01 00:55:53.109738 [INFO] Checking if docker is running...
2026/01/01 00:55:53.109848 [INFO] Fetch current app container id...
2026/01/01 00:55:53.109883 [INFO] Running command: docker ps | grep 358feda85887
2026/01/01 00:55:53.138532 [INFO] 358feda85887   588eccf33c02   "java -jar app.jar"   10 seconds ago   Up 9 seconds   8080/tcp   frosty_volhard

2026/01/01 00:55:53.138574 [INFO] Running command: docker wait  358feda85887
2026/01/01 00:56:23.144162 [INFO] 1

2026/01/01 00:56:23.419478 [INFO] Loading Manifest...
2026/01/01 00:56:23.425808 [INFO] Running command: /opt/aws/bin/cfn-get-metadata -s arn:aws:cloudformation:us-east-1:188701360622:stack/awseb-e-ibwb4kyapk-stack/25f4ff40-e6a9-11f0-a99f-0affd9bc13ff -r AWSEBAutoScalingGroup --region us-east-1
2026/01/01 00:56:23.742740 [INFO] Running command: /opt/aws/bin/cfn-get-metadata -s arn:aws:cloudformation:us-east-1:188701360622:stack/awseb-e-ibwb4kyapk-stack/25f4ff40-e6a9-11f0-a99f-0affd9bc13ff -r AWSEBBeanstalkMetadata --region us-east-1
2026/01/01 00:56:24.042267 [INFO] Checking if docker is running...
2026/01/01 00:56:24.042330 [INFO] Fetch current app container id...
2026/01/01 00:56:24.042357 [INFO] Running command: docker ps | grep 358feda85887
2026/01/01 00:56:24.056722 [INFO] Starting container 358feda85887
2026/01/01 00:56:24.056749 [INFO] Running command: docker start  358feda85887
2026/01/01 00:56:24.623304 [INFO] 358feda85887

2026/01/01 00:56:24.623406 [INFO] Clear existing beanstalk iptables rules...
2026/01/01 00:56:24.623417 [INFO] Running command: iptables-save | grep -v added_by_elasticbeanstalk | iptables-restore
2026/01/01 00:56:24.702657 [INFO] Getting container info...
2026/01/01 00:56:24.702687 [INFO] Running command: docker inspect 358feda85887
2026/01/01 00:56:24.718373 [INFO] Running command: ip route show default | awk '{print $5}'
2026/01/01 00:56:24.724694 [INFO] ens5

2026/01/01 00:56:24.724901 [INFO] Writing nginx upstream config...
2026/01/01 00:56:24.736993 [INFO] Running command: systemctl show -p PartOf nginx.service
2026/01/01 00:56:24.765073 [WARN] process nginx is already registered, skip registering again...
2026/01/01 00:56:24.765110 [INFO] Running command: systemctl show -p PartOf nginx.service
2026/01/01 00:56:24.779612 [INFO] Running command: systemctl restart nginx.service
2026/01/01 00:56:25.074704 [INFO] Running command: service iptables save
2026/01/01 00:56:25.131305 [INFO] iptables: Saving firewall rules to /etc/sysconfig/iptables: [  OK  ]

2026/01/01 00:56:25.131325 [INFO] Traffic forward set-up completed.
2026/01/01 00:56:25.131334 [INFO] Running command: docker wait  358feda85887
2026/01/01 00:57:02.950014 [INFO] 1

2026/01/01 00:57:03.438752 [INFO] Loading Manifest...
2026/01/01 00:57:03.462280 [INFO] Running command: /opt/aws/bin/cfn-get-metadata -s arn:aws:cloudformation:us-east-1:188701360622:stack/awseb-e-ibwb4kyapk-stack/25f4ff40-e6a9-11f0-a99f-0affd9bc13ff -r AWSEBAutoScalingGroup --region us-east-1
2026/01/01 00:57:03.790568 [INFO] Running command: /opt/aws/bin/cfn-get-metadata -s arn:aws:cloudformation:us-east-1:188701360622:stack/awseb-e-ibwb4kyapk-stack/25f4ff40-e6a9-11f0-a99f-0affd9bc13ff -r AWSEBBeanstalkMetadata --region us-east-1
2026/01/01 00:57:04.112273 [INFO] Checking if docker is running...
2026/01/01 00:57:04.112312 [INFO] Fetch current app container id...
2026/01/01 00:57:04.112344 [INFO] Running command: docker ps | grep 358feda85887
2026/01/01 00:57:04.128076 [INFO] Starting container 358feda85887
2026/01/01 00:57:04.128100 [INFO] Running command: docker start  358feda85887
2026/01/01 00:57:04.541024 [INFO] 358feda85887

2026/01/01 00:57:04.541735 [INFO] Clear existing beanstalk iptables rules...
2026/01/01 00:57:04.541753 [INFO] Running command: iptables-save | grep -v added_by_elasticbeanstalk | iptables-restore
2026/01/01 00:57:04.642554 [INFO] Getting container info...
2026/01/01 00:57:04.642583 [INFO] Running command: docker inspect 358feda85887
2026/01/01 00:57:04.663449 [INFO] Running command: ip route show default | awk '{print $5}'
2026/01/01 00:57:04.674937 [INFO] ens5

2026/01/01 00:57:04.674970 [INFO] Writing nginx upstream config...
2026/01/01 00:57:04.677905 [INFO] Running command: systemctl show -p PartOf nginx.service
2026/01/01 00:57:04.691425 [WARN] process nginx is already registered, skip registering again...
2026/01/01 00:57:04.691456 [INFO] Running command: systemctl show -p PartOf nginx.service
2026/01/01 00:57:04.701776 [INFO] Running command: systemctl restart nginx.service
2026/01/01 00:57:05.880674 [INFO] Running command: service iptables save
2026/01/01 00:57:05.988812 [INFO] iptables: Saving firewall rules to /etc/sysconfig/iptables: [  OK  ]

2026/01/01 00:57:05.988839 [INFO] Traffic forward set-up completed.
2026/01/01 00:57:05.988852 [INFO] Running command: docker wait  358feda85887
2026/01/01 00:57:42.668643 [INFO] 1

2026/01/01 00:57:42.919126 [INFO] Loading Manifest...
2026/01/01 00:57:42.927069 [INFO] Running command: /opt/aws/bin/cfn-get-metadata -s arn:aws:cloudformation:us-east-1:188701360622:stack/awseb-e-ibwb4kyapk-stack/25f4ff40-e6a9-11f0-a99f-0affd9bc13ff -r AWSEBAutoScalingGroup --region us-east-1
2026/01/01 00:57:43.280205 [INFO] Running command: /opt/aws/bin/cfn-get-metadata -s arn:aws:cloudformation:us-east-1:188701360622:stack/awseb-e-ibwb4kyapk-stack/25f4ff40-e6a9-11f0-a99f-0affd9bc13ff -r AWSEBBeanstalkMetadata --region us-east-1
2026/01/01 00:57:43.582371 [INFO] Checking if docker is running...
2026/01/01 00:57:43.582445 [INFO] Fetch current app container id...
2026/01/01 00:57:43.582476 [INFO] Running command: docker ps | grep 358feda85887
2026/01/01 00:57:43.598076 [INFO] Starting container 358feda85887
2026/01/01 00:57:43.598101 [INFO] Running command: docker start  358feda85887
2026/01/01 00:57:43.942799 [INFO] 358feda85887

2026/01/01 00:57:43.942925 [INFO] Clear existing beanstalk iptables rules...
2026/01/01 00:57:43.942941 [INFO] Running command: iptables-save | grep -v added_by_elasticbeanstalk | iptables-restore
2026/01/01 00:57:44.042793 [INFO] Getting container info...
2026/01/01 00:57:44.042831 [INFO] Running command: docker inspect 358feda85887
2026/01/01 00:57:44.069967 [INFO] Running command: ip route show default | awk '{print $5}'
2026/01/01 00:57:44.078618 [INFO] ens5

2026/01/01 00:57:44.078657 [INFO] Writing nginx upstream config...
2026/01/01 00:57:44.081072 [INFO] Running command: systemctl show -p PartOf nginx.service
2026/01/01 00:57:44.096243 [WARN] process nginx is already registered, skip registering again...
2026/01/01 00:57:44.096280 [INFO] Running command: systemctl show -p PartOf nginx.service
2026/01/01 00:57:44.112463 [INFO] Running command: systemctl restart nginx.service
2026/01/01 00:57:44.556653 [INFO] Running command: service iptables save
2026/01/01 00:57:44.649829 [INFO] iptables: Saving firewall rules to /etc/sysconfig/iptables: [  OK  ]

2026/01/01 00:57:44.649854 [INFO] Traffic forward set-up completed.
2026/01/01 00:57:44.649867 [INFO] Running command: docker wait  358feda85887
2026/01/01 00:58:21.984340 [INFO] 1

2026/01/01 00:58:22.420472 [INFO] Loading Manifest...
2026/01/01 00:58:22.428523 [INFO] Running command: /opt/aws/bin/cfn-get-metadata -s arn:aws:cloudformation:us-east-1:188701360622:stack/awseb-e-ibwb4kyapk-stack/25f4ff40-e6a9-11f0-a99f-0affd9bc13ff -r AWSEBAutoScalingGroup --region us-east-1
2026/01/01 00:58:22.771773 [INFO] Running command: /opt/aws/bin/cfn-get-metadata -s arn:aws:cloudformation:us-east-1:188701360622:stack/awseb-e-ibwb4kyapk-stack/25f4ff40-e6a9-11f0-a99f-0affd9bc13ff -r AWSEBBeanstalkMetadata --region us-east-1
2026/01/01 00:58:23.073259 [INFO] Checking if docker is running...
2026/01/01 00:58:23.073334 [INFO] Fetch current app container id...
2026/01/01 00:58:23.073363 [INFO] Running command: docker ps | grep 358feda85887
2026/01/01 00:58:23.089514 [INFO] Starting container 358feda85887
2026/01/01 00:58:23.089538 [INFO] Running command: docker start  358feda85887
2026/01/01 00:58:23.425038 [INFO] 358feda85887

2026/01/01 00:58:23.425136 [INFO] Clear existing beanstalk iptables rules...
2026/01/01 00:58:23.425151 [INFO] Running command: iptables-save | grep -v added_by_elasticbeanstalk | iptables-restore
2026/01/01 00:58:23.517879 [INFO] Getting container info...
2026/01/01 00:58:23.517916 [INFO] Running command: docker inspect 358feda85887
2026/01/01 00:58:23.546095 [INFO] Running command: ip route show default | awk '{print $5}'
2026/01/01 00:58:23.554539 [INFO] ens5

2026/01/01 00:58:23.554576 [INFO] Writing nginx upstream config...
2026/01/01 00:58:23.565128 [INFO] Running command: systemctl show -p PartOf nginx.service
2026/01/01 00:58:23.587579 [WARN] process nginx is already registered, skip registering again...
2026/01/01 00:58:23.587615 [INFO] Running command: systemctl show -p PartOf nginx.service
2026/01/01 00:58:23.602644 [INFO] Running command: systemctl restart nginx.service
2026/01/01 00:58:23.975402 [INFO] Running command: service iptables save
2026/01/01 00:58:24.037248 [INFO] iptables: Saving firewall rules to /etc/sysconfig/iptables: [  OK  ]

2026/01/01 00:58:24.037271 [INFO] Traffic forward set-up completed.
2026/01/01 00:58:24.037284 [INFO] Running command: docker wait  358feda85887
2026/01/01 00:59:01.564018 [INFO] 1

2026/01/01 00:59:01.923994 [INFO] Loading Manifest...
2026/01/01 00:59:01.933783 [INFO] Running command: /opt/aws/bin/cfn-get-metadata -s arn:aws:cloudformation:us-east-1:188701360622:stack/awseb-e-ibwb4kyapk-stack/25f4ff40-e6a9-11f0-a99f-0affd9bc13ff -r AWSEBAutoScalingGroup --region us-east-1
2026/01/01 00:59:02.312130 [INFO] Running command: /opt/aws/bin/cfn-get-metadata -s arn:aws:cloudformation:us-east-1:188701360622:stack/awseb-e-ibwb4kyapk-stack/25f4ff40-e6a9-11f0-a99f-0affd9bc13ff -r AWSEBBeanstalkMetadata --region us-east-1
2026/01/01 00:59:02.635745 [INFO] Checking if docker is running...
2026/01/01 00:59:02.635806 [INFO] Fetch current app container id...
2026/01/01 00:59:02.635829 [INFO] Running command: docker ps | grep 358feda85887
2026/01/01 00:59:02.650297 [INFO] Starting container 358feda85887
2026/01/01 00:59:02.650328 [INFO] Running command: docker start  358feda85887
2026/01/01 00:59:02.994086 [INFO] 358feda85887

2026/01/01 00:59:02.994351 [INFO] Clear existing beanstalk iptables rules...
2026/01/01 00:59:02.994405 [INFO] Running command: iptables-save | grep -v added_by_elasticbeanstalk | iptables-restore
2026/01/01 00:59:03.092773 [INFO] Getting container info...
2026/01/01 00:59:03.092811 [INFO] Running command: docker inspect 358feda85887
2026/01/01 00:59:03.114886 [INFO] Running command: ip route show default | awk '{print $5}'
2026/01/01 00:59:03.127481 [INFO] ens5

2026/01/01 00:59:03.127520 [INFO] Writing nginx upstream config...
2026/01/01 00:59:03.130096 [INFO] Running command: systemctl show -p PartOf nginx.service
2026/01/01 00:59:03.144730 [WARN] process nginx is already registered, skip registering again...
2026/01/01 00:59:03.144766 [INFO] Running command: systemctl show -p PartOf nginx.service
2026/01/01 00:59:03.159996 [INFO] Running command: systemctl restart nginx.service
2026/01/01 00:59:03.533253 [INFO] Running command: service iptables save
2026/01/01 00:59:03.649902 [INFO] iptables: Saving firewall rules to /etc/sysconfig/iptables: [  OK  ]

2026/01/01 00:59:03.649926 [INFO] Traffic forward set-up completed.
2026/01/01 00:59:03.649940 [INFO] Running command: docker wait  358feda85887
2026/01/01 00:59:40.784823 [INFO] 1

2026/01/01 00:59:41.167695 [INFO] Loading Manifest...
2026/01/01 00:59:41.181127 [INFO] Running command: /opt/aws/bin/cfn-get-metadata -s arn:aws:cloudformation:us-east-1:188701360622:stack/awseb-e-ibwb4kyapk-stack/25f4ff40-e6a9-11f0-a99f-0affd9bc13ff -r AWSEBAutoScalingGroup --region us-east-1
2026/01/01 00:59:41.518817 [INFO] Running command: /opt/aws/bin/cfn-get-metadata -s arn:aws:cloudformation:us-east-1:188701360622:stack/awseb-e-ibwb4kyapk-stack/25f4ff40-e6a9-11f0-a99f-0affd9bc13ff -r AWSEBBeanstalkMetadata --region us-east-1
2026/01/01 00:59:41.821939 [INFO] Checking if docker is running...
2026/01/01 00:59:41.822004 [INFO] Fetch current app container id...
2026/01/01 00:59:41.822026 [INFO] Running command: docker ps | grep 358feda85887
2026/01/01 00:59:41.837069 [INFO] Starting container 358feda85887
2026/01/01 00:59:41.837093 [INFO] Running command: docker start  358feda85887
2026/01/01 00:59:42.164828 [INFO] 358feda85887

2026/01/01 00:59:42.164937 [INFO] Clear existing beanstalk iptables rules...
2026/01/01 00:59:42.164956 [INFO] Running command: iptables-save | grep -v added_by_elasticbeanstalk | iptables-restore
2026/01/01 00:59:42.242788 [INFO] Getting container info...
2026/01/01 00:59:42.242823 [INFO] Running command: docker inspect 358feda85887
2026/01/01 00:59:42.278475 [INFO] Running command: ip route show default | awk '{print $5}'
2026/01/01 00:59:42.288407 [INFO] ens5

2026/01/01 00:59:42.288444 [INFO] Writing nginx upstream config...
2026/01/01 00:59:42.303067 [INFO] Running command: systemctl show -p PartOf nginx.service
2026/01/01 00:59:42.323105 [WARN] process nginx is already registered, skip registering again...
2026/01/01 00:59:42.323140 [INFO] Running command: systemctl show -p PartOf nginx.service
2026/01/01 00:59:42.338838 [INFO] Running command: systemctl restart nginx.service
2026/01/01 00:59:42.703818 [INFO] Running command: service iptables save
2026/01/01 00:59:42.800661 [INFO] iptables: Saving firewall rules to /etc/sysconfig/iptables: [  OK  ]

2026/01/01 00:59:42.800685 [INFO] Traffic forward set-up completed.
2026/01/01 00:59:42.800699 [INFO] Running command: docker wait  358feda85887
2026/01/01 01:00:20.045528 [INFO] 1

2026/01/01 01:00:20.424062 [INFO] Loading Manifest...
2026/01/01 01:00:20.434388 [INFO] Running command: /opt/aws/bin/cfn-get-metadata -s arn:aws:cloudformation:us-east-1:188701360622:stack/awseb-e-ibwb4kyapk-stack/25f4ff40-e6a9-11f0-a99f-0affd9bc13ff -r AWSEBAutoScalingGroup --region us-east-1
2026/01/01 01:00:20.780146 [INFO] Running command: /opt/aws/bin/cfn-get-metadata -s arn:aws:cloudformation:us-east-1:188701360622:stack/awseb-e-ibwb4kyapk-stack/25f4ff40-e6a9-11f0-a99f-0affd9bc13ff -r AWSEBBeanstalkMetadata --region us-east-1
2026/01/01 01:00:21.084216 [INFO] Checking if docker is running...
2026/01/01 01:00:21.084279 [INFO] Fetch current app container id...
2026/01/01 01:00:21.084298 [INFO] Running command: docker ps | grep 358feda85887
2026/01/01 01:00:21.099428 [INFO] Starting container 358feda85887
2026/01/01 01:00:21.099478 [INFO] Running command: docker start  358feda85887
2026/01/01 01:00:21.440371 [INFO] 358feda85887

2026/01/01 01:00:21.440519 [INFO] Clear existing beanstalk iptables rules...
2026/01/01 01:00:21.440535 [INFO] Running command: iptables-save | grep -v added_by_elasticbeanstalk | iptables-restore
2026/01/01 01:00:21.542691 [INFO] Getting container info...
2026/01/01 01:00:21.542728 [INFO] Running command: docker inspect 358feda85887
2026/01/01 01:00:21.590140 [INFO] Running command: ip route show default | awk '{print $5}'
2026/01/01 01:00:21.602932 [INFO] ens5

2026/01/01 01:00:21.602973 [INFO] Writing nginx upstream config...
2026/01/01 01:00:21.606574 [INFO] Running command: systemctl show -p PartOf nginx.service
2026/01/01 01:00:21.627218 [WARN] process nginx is already registered, skip registering again...
2026/01/01 01:00:21.627273 [INFO] Running command: systemctl show -p PartOf nginx.service
2026/01/01 01:00:21.649900 [INFO] Running command: systemctl restart nginx.service
2026/01/01 01:00:22.001054 [INFO] Running command: service iptables save
2026/01/01 01:00:22.095101 [INFO] iptables: Saving firewall rules to /etc/sysconfig/iptables: [  OK  ]

2026/01/01 01:00:22.095136 [INFO] Traffic forward set-up completed.
2026/01/01 01:00:22.095149 [INFO] Running command: docker wait  358feda85887
2026/01/01 01:00:59.513914 [INFO] 1

2026/01/01 01:00:59.928023 [INFO] Loading Manifest...
2026/01/01 01:00:59.934776 [INFO] Running command: /opt/aws/bin/cfn-get-metadata -s arn:aws:cloudformation:us-east-1:188701360622:stack/awseb-e-ibwb4kyapk-stack/25f4ff40-e6a9-11f0-a99f-0affd9bc13ff -r AWSEBAutoScalingGroup --region us-east-1
2026/01/01 01:01:00.373456 [INFO] Running command: /opt/aws/bin/cfn-get-metadata -s arn:aws:cloudformation:us-east-1:188701360622:stack/awseb-e-ibwb4kyapk-stack/25f4ff40-e6a9-11f0-a99f-0affd9bc13ff -r AWSEBBeanstalkMetadata --region us-east-1
2026/01/01 01:01:00.675954 [INFO] Checking if docker is running...
2026/01/01 01:01:00.676016 [INFO] Fetch current app container id...
2026/01/01 01:01:00.676042 [INFO] Running command: docker ps | grep 358feda85887
2026/01/01 01:01:00.690808 [INFO] Starting container 358feda85887
2026/01/01 01:01:00.690830 [INFO] Running command: docker start  358feda85887
2026/01/01 01:01:01.055737 [INFO] 358feda85887

2026/01/01 01:01:01.055865 [INFO] Clear existing beanstalk iptables rules...
2026/01/01 01:01:01.055880 [INFO] Running command: iptables-save | grep -v added_by_elasticbeanstalk | iptables-restore
2026/01/01 01:01:01.122741 [INFO] Getting container info...
2026/01/01 01:01:01.122776 [INFO] Running command: docker inspect 358feda85887
2026/01/01 01:01:01.148077 [INFO] Running command: ip route show default | awk '{print $5}'
2026/01/01 01:01:01.156128 [INFO] ens5

2026/01/01 01:01:01.156166 [INFO] Writing nginx upstream config...
2026/01/01 01:01:01.159898 [INFO] Running command: systemctl show -p PartOf nginx.service
2026/01/01 01:01:01.176199 [WARN] process nginx is already registered, skip registering again...
2026/01/01 01:01:01.176236 [INFO] Running command: systemctl show -p PartOf nginx.service
2026/01/01 01:01:01.191018 [INFO] Running command: systemctl restart nginx.service
2026/01/01 01:01:01.722205 [INFO] Running command: service iptables save
2026/01/01 01:01:01.842594 [INFO] iptables: Saving firewall rules to /etc/sysconfig/iptables: [  OK  ]

2026/01/01 01:01:01.842626 [INFO] Traffic forward set-up completed.
2026/01/01 01:01:01.842640 [INFO] Running command: docker wait  358feda85887
2026/01/01 01:01:39.734975 [INFO] 1

2026/01/01 01:01:40.169953 [INFO] Loading Manifest...
2026/01/01 01:01:40.178695 [INFO] Running command: /opt/aws/bin/cfn-get-metadata -s arn:aws:cloudformation:us-east-1:188701360622:stack/awseb-e-ibwb4kyapk-stack/25f4ff40-e6a9-11f0-a99f-0affd9bc13ff -r AWSEBAutoScalingGroup --region us-east-1
2026/01/01 01:01:40.529120 [INFO] Running command: /opt/aws/bin/cfn-get-metadata -s arn:aws:cloudformation:us-east-1:188701360622:stack/awseb-e-ibwb4kyapk-stack/25f4ff40-e6a9-11f0-a99f-0affd9bc13ff -r AWSEBBeanstalkMetadata --region us-east-1
2026/01/01 01:01:40.825822 [INFO] Checking if docker is running...
2026/01/01 01:01:40.825883 [INFO] Fetch current app container id...
2026/01/01 01:01:40.825905 [INFO] Running command: docker ps | grep 358feda85887
2026/01/01 01:01:40.840703 [INFO] Starting container 358feda85887
2026/01/01 01:01:40.840728 [INFO] Running command: docker start  358feda85887
2026/01/01 01:01:41.183342 [INFO] 358feda85887

2026/01/01 01:01:41.183460 [INFO] Clear existing beanstalk iptables rules...
2026/01/01 01:01:41.183473 [INFO] Running command: iptables-save | grep -v added_by_elasticbeanstalk | iptables-restore
2026/01/01 01:01:41.252836 [INFO] Getting container info...
2026/01/01 01:01:41.252875 [INFO] Running command: docker inspect 358feda85887
2026/01/01 01:01:41.284035 [INFO] Running command: ip route show default | awk '{print $5}'
2026/01/01 01:01:41.298765 [INFO] ens5

2026/01/01 01:01:41.298809 [INFO] Writing nginx upstream config...
2026/01/01 01:01:41.303438 [INFO] Running command: systemctl show -p PartOf nginx.service
2026/01/01 01:01:41.318795 [WARN] process nginx is already registered, skip registering again...
2026/01/01 01:01:41.318831 [INFO] Running command: systemctl show -p PartOf nginx.service
2026/01/01 01:01:41.342589 [INFO] Running command: systemctl restart nginx.service
2026/01/01 01:01:41.678456 [INFO] Running command: service iptables save
2026/01/01 01:01:41.783800 [INFO] iptables: Saving firewall rules to /etc/sysconfig/iptables: [  OK  ]

2026/01/01 01:01:41.783824 [INFO] Traffic forward set-up completed.
2026/01/01 01:01:41.783836 [INFO] Running command: docker wait  358feda85887
2026/01/01 01:02:19.076145 [INFO] 1

2026/01/01 01:02:19.422973 [INFO] Loading Manifest...
2026/01/01 01:02:19.453965 [INFO] Running command: /opt/aws/bin/cfn-get-metadata -s arn:aws:cloudformation:us-east-1:188701360622:stack/awseb-e-ibwb4kyapk-stack/25f4ff40-e6a9-11f0-a99f-0affd9bc13ff -r AWSEBAutoScalingGroup --region us-east-1
2026/01/01 01:02:19.825230 [INFO] Running command: /opt/aws/bin/cfn-get-metadata -s arn:aws:cloudformation:us-east-1:188701360622:stack/awseb-e-ibwb4kyapk-stack/25f4ff40-e6a9-11f0-a99f-0affd9bc13ff -r AWSEBBeanstalkMetadata --region us-east-1
2026/01/01 01:02:20.134905 [INFO] Checking if docker is running...
2026/01/01 01:02:20.134968 [INFO] Fetch current app container id...
2026/01/01 01:02:20.134994 [INFO] Running command: docker ps | grep 358feda85887
2026/01/01 01:02:20.150665 [INFO] Starting container 358feda85887
2026/01/01 01:02:20.150703 [INFO] Running command: docker start  358feda85887
2026/01/01 01:02:20.515971 [INFO] 358feda85887

2026/01/01 01:02:20.516178 [INFO] Clear existing beanstalk iptables rules...
2026/01/01 01:02:20.516194 [INFO] Running command: iptables-save | grep -v added_by_elasticbeanstalk | iptables-restore
2026/01/01 01:02:20.612774 [INFO] Getting container info...
2026/01/01 01:02:20.612810 [INFO] Running command: docker inspect 358feda85887
2026/01/01 01:02:20.635644 [INFO] Running command: ip route show default | awk '{print $5}'
2026/01/01 01:02:20.647423 [INFO] ens5

2026/01/01 01:02:20.647461 [INFO] Writing nginx upstream config...
2026/01/01 01:02:20.649836 [INFO] Running command: systemctl show -p PartOf nginx.service
2026/01/01 01:02:20.665459 [WARN] process nginx is already registered, skip registering again...
2026/01/01 01:02:20.665516 [INFO] Running command: systemctl show -p PartOf nginx.service
2026/01/01 01:02:20.680937 [INFO] Running command: systemctl restart nginx.service
2026/01/01 01:02:21.093687 [INFO] Running command: service iptables save
2026/01/01 01:02:21.158809 [INFO] iptables: Saving firewall rules to /etc/sysconfig/iptables: [  OK  ]

2026/01/01 01:02:21.158833 [INFO] Traffic forward set-up completed.
2026/01/01 01:02:21.158845 [INFO] Running command: docker wait  358feda85887
2026/01/01 01:02:58.444809 [INFO] 1

2026/01/01 01:02:58.908120 [INFO] Loading Manifest...
2026/01/01 01:02:58.915941 [INFO] Running command: /opt/aws/bin/cfn-get-metadata -s arn:aws:cloudformation:us-east-1:188701360622:stack/awseb-e-ibwb4kyapk-stack/25f4ff40-e6a9-11f0-a99f-0affd9bc13ff -r AWSEBAutoScalingGroup --region us-east-1
2026/01/01 01:02:59.249051 [INFO] Running command: /opt/aws/bin/cfn-get-metadata -s arn:aws:cloudformation:us-east-1:188701360622:stack/awseb-e-ibwb4kyapk-stack/25f4ff40-e6a9-11f0-a99f-0affd9bc13ff -r AWSEBBeanstalkMetadata --region us-east-1
2026/01/01 01:02:59.549922 [INFO] Checking if docker is running...
2026/01/01 01:02:59.549986 [INFO] Fetch current app container id...
2026/01/01 01:02:59.550010 [INFO] Running command: docker ps | grep 358feda85887
2026/01/01 01:02:59.564337 [INFO] Starting container 358feda85887
2026/01/01 01:02:59.564362 [INFO] Running command: docker start  358feda85887
2026/01/01 01:02:59.862562 [INFO] 358feda85887

2026/01/01 01:02:59.862662 [INFO] Clear existing beanstalk iptables rules...
2026/01/01 01:02:59.862676 [INFO] Running command: iptables-save | grep -v added_by_elasticbeanstalk | iptables-restore
2026/01/01 01:02:59.962745 [INFO] Getting container info...
2026/01/01 01:02:59.962781 [INFO] Running command: docker inspect 358feda85887
2026/01/01 01:02:59.996116 [INFO] Running command: ip route show default | awk '{print $5}'
2026/01/01 01:03:00.009524 [INFO] ens5

2026/01/01 01:03:00.009578 [INFO] Writing nginx upstream config...
2026/01/01 01:03:00.018486 [INFO] Running command: systemctl show -p PartOf nginx.service
2026/01/01 01:03:00.044751 [WARN] process nginx is already registered, skip registering again...
2026/01/01 01:03:00.044790 [INFO] Running command: systemctl show -p PartOf nginx.service
2026/01/01 01:03:00.067295 [INFO] Running command: systemctl restart nginx.service
2026/01/01 01:03:00.434550 [INFO] Running command: service iptables save
2026/01/01 01:03:00.532709 [INFO] iptables: Saving firewall rules to /etc/sysconfig/iptables: [  OK  ]

2026/01/01 01:03:00.532736 [INFO] Traffic forward set-up completed.
2026/01/01 01:03:00.532749 [INFO] Running command: docker wait  358feda85887
2026/01/01 01:03:37.934267 [INFO] 1

2026/01/01 01:03:38.427641 [INFO] Loading Manifest...
2026/01/01 01:03:38.438574 [INFO] Running command: /opt/aws/bin/cfn-get-metadata -s arn:aws:cloudformation:us-east-1:188701360622:stack/awseb-e-ibwb4kyapk-stack/25f4ff40-e6a9-11f0-a99f-0affd9bc13ff -r AWSEBAutoScalingGroup --region us-east-1
2026/01/01 01:03:38.756179 [INFO] Running command: /opt/aws/bin/cfn-get-metadata -s arn:aws:cloudformation:us-east-1:188701360622:stack/awseb-e-ibwb4kyapk-stack/25f4ff40-e6a9-11f0-a99f-0affd9bc13ff -r AWSEBBeanstalkMetadata --region us-east-1
2026/01/01 01:03:39.062427 [INFO] Checking if docker is running...
2026/01/01 01:03:39.062496 [INFO] Fetch current app container id...
2026/01/01 01:03:39.062519 [INFO] Running command: docker ps | grep 358feda85887
2026/01/01 01:03:39.079123 [INFO] Starting container 358feda85887
2026/01/01 01:03:39.079150 [INFO] Running command: docker start  358feda85887
2026/01/01 01:03:39.437776 [INFO] 358feda85887

2026/01/01 01:03:39.437896 [INFO] Clear existing beanstalk iptables rules...
2026/01/01 01:03:39.437912 [INFO] Running command: iptables-save | grep -v added_by_elasticbeanstalk | iptables-restore
2026/01/01 01:03:39.532793 [INFO] Getting container info...
2026/01/01 01:03:39.532829 [INFO] Running command: docker inspect 358feda85887
2026/01/01 01:03:39.558621 [INFO] Running command: ip route show default | awk '{print $5}'
2026/01/01 01:03:39.564320 [INFO] ens5

2026/01/01 01:03:39.564359 [INFO] Writing nginx upstream config...
2026/01/01 01:03:39.567078 [INFO] Running command: systemctl show -p PartOf nginx.service
2026/01/01 01:03:39.583183 [WARN] process nginx is already registered, skip registering again...
2026/01/01 01:03:39.583219 [INFO] Running command: systemctl show -p PartOf nginx.service
2026/01/01 01:03:39.597791 [INFO] Running command: systemctl restart nginx.service
2026/01/01 01:03:39.878829 [INFO] Running command: service iptables save
2026/01/01 01:03:39.969681 [INFO] iptables: Saving firewall rules to /etc/sysconfig/iptables: [  OK  ]

2026/01/01 01:03:39.969706 [INFO] Traffic forward set-up completed.
2026/01/01 01:03:39.969726 [INFO] Running command: docker wait  358feda85887
2026/01/01 01:04:17.954614 [INFO] 1

2026/01/01 01:04:18.419854 [INFO] Loading Manifest...
2026/01/01 01:04:18.428208 [INFO] Running command: /opt/aws/bin/cfn-get-metadata -s arn:aws:cloudformation:us-east-1:188701360622:stack/awseb-e-ibwb4kyapk-stack/25f4ff40-e6a9-11f0-a99f-0affd9bc13ff -r AWSEBAutoScalingGroup --region us-east-1
2026/01/01 01:04:18.767816 [INFO] Running command: /opt/aws/bin/cfn-get-metadata -s arn:aws:cloudformation:us-east-1:188701360622:stack/awseb-e-ibwb4kyapk-stack/25f4ff40-e6a9-11f0-a99f-0affd9bc13ff -r AWSEBBeanstalkMetadata --region us-east-1
2026/01/01 01:04:19.066537 [INFO] Checking if docker is running...
2026/01/01 01:04:19.066612 [INFO] Fetch current app container id...
2026/01/01 01:04:19.066638 [INFO] Running command: docker ps | grep 358feda85887
2026/01/01 01:04:19.082711 [INFO] Starting container 358feda85887
2026/01/01 01:04:19.082734 [INFO] Running command: docker start  358feda85887
2026/01/01 01:04:19.396087 [INFO] 358feda85887

2026/01/01 01:04:19.396206 [INFO] Clear existing beanstalk iptables rules...
2026/01/01 01:04:19.396222 [INFO] Running command: iptables-save | grep -v added_by_elasticbeanstalk | iptables-restore
2026/01/01 01:04:19.502750 [INFO] Getting container info...
2026/01/01 01:04:19.502785 [INFO] Running command: docker inspect 358feda85887
2026/01/01 01:04:19.562184 [INFO] Running command: ip route show default | awk '{print $5}'
2026/01/01 01:04:19.583343 [INFO] ens5

2026/01/01 01:04:19.583376 [INFO] Writing nginx upstream config...
2026/01/01 01:04:19.585942 [INFO] Running command: systemctl show -p PartOf nginx.service
2026/01/01 01:04:19.603970 [WARN] process nginx is already registered, skip registering again...
2026/01/01 01:04:19.604007 [INFO] Running command: systemctl show -p PartOf nginx.service
2026/01/01 01:04:19.623542 [INFO] Running command: systemctl restart nginx.service
2026/01/01 01:04:20.015694 [INFO] Running command: service iptables save
2026/01/01 01:04:20.113944 [INFO] iptables: Saving firewall rules to /etc/sysconfig/iptables: [  OK  ]

2026/01/01 01:04:20.113988 [INFO] Traffic forward set-up completed.
2026/01/01 01:04:20.114002 [INFO] Running command: docker wait  358feda85887
2026/01/01 01:04:57.294027 [INFO] 1

2026/01/01 01:04:57.670021 [INFO] Loading Manifest...
2026/01/01 01:04:57.677244 [INFO] Running command: /opt/aws/bin/cfn-get-metadata -s arn:aws:cloudformation:us-east-1:188701360622:stack/awseb-e-ibwb4kyapk-stack/25f4ff40-e6a9-11f0-a99f-0affd9bc13ff -r AWSEBAutoScalingGroup --region us-east-1
2026/01/01 01:04:58.026465 [INFO] Running command: /opt/aws/bin/cfn-get-metadata -s arn:aws:cloudformation:us-east-1:188701360622:stack/awseb-e-ibwb4kyapk-stack/25f4ff40-e6a9-11f0-a99f-0affd9bc13ff -r AWSEBBeanstalkMetadata --region us-east-1
2026/01/01 01:04:58.328501 [INFO] Checking if docker is running...
2026/01/01 01:04:58.328520 [INFO] Fetch current app container id...
2026/01/01 01:04:58.328556 [INFO] Running command: docker ps | grep 358feda85887
2026/01/01 01:04:58.344394 [INFO] Starting container 358feda85887
2026/01/01 01:04:58.344423 [INFO] Running command: docker start  358feda85887
2026/01/01 01:04:58.673989 [INFO] 358feda85887

2026/01/01 01:04:58.674093 [INFO] Clear existing beanstalk iptables rules...
2026/01/01 01:04:58.674108 [INFO] Running command: iptables-save | grep -v added_by_elasticbeanstalk | iptables-restore
2026/01/01 01:04:58.732739 [INFO] Getting container info...
2026/01/01 01:04:58.732774 [INFO] Running command: docker inspect 358feda85887
2026/01/01 01:04:58.761978 [INFO] Running command: ip route show default | awk '{print $5}'
2026/01/01 01:04:58.771973 [INFO] ens5

2026/01/01 01:04:58.772010 [INFO] Writing nginx upstream config...
2026/01/01 01:04:58.774439 [INFO] Running command: systemctl show -p PartOf nginx.service
2026/01/01 01:04:58.791815 [WARN] process nginx is already registered, skip registering again...
2026/01/01 01:04:58.791850 [INFO] Running command: systemctl show -p PartOf nginx.service
2026/01/01 01:04:58.812269 [INFO] Running command: systemctl restart nginx.service
2026/01/01 01:04:59.167648 [INFO] Running command: service iptables save
2026/01/01 01:04:59.273697 [INFO] iptables: Saving firewall rules to /etc/sysconfig/iptables: [  OK  ]

2026/01/01 01:04:59.273726 [INFO] Traffic forward set-up completed.
2026/01/01 01:04:59.273758 [INFO] Running command: docker wait  358feda85887
2026/01/01 01:05:37.395342 [INFO] 1

2026/01/01 01:05:37.670353 [INFO] Loading Manifest...
2026/01/01 01:05:37.677504 [INFO] Running command: /opt/aws/bin/cfn-get-metadata -s arn:aws:cloudformation:us-east-1:188701360622:stack/awseb-e-ibwb4kyapk-stack/25f4ff40-e6a9-11f0-a99f-0affd9bc13ff -r AWSEBAutoScalingGroup --region us-east-1
2026/01/01 01:05:38.026708 [INFO] Running command: /opt/aws/bin/cfn-get-metadata -s arn:aws:cloudformation:us-east-1:188701360622:stack/awseb-e-ibwb4kyapk-stack/25f4ff40-e6a9-11f0-a99f-0affd9bc13ff -r AWSEBBeanstalkMetadata --region us-east-1
2026/01/01 01:05:38.325148 [INFO] Checking if docker is running...
2026/01/01 01:05:38.325210 [INFO] Fetch current app container id...
2026/01/01 01:05:38.325232 [INFO] Running command: docker ps | grep 358feda85887
2026/01/01 01:05:38.340283 [INFO] Starting container 358feda85887
2026/01/01 01:05:38.340308 [INFO] Running command: docker start  358feda85887
2026/01/01 01:05:38.721131 [INFO] 358feda85887

2026/01/01 01:05:38.721318 [INFO] Clear existing beanstalk iptables rules...
2026/01/01 01:05:38.721332 [INFO] Running command: iptables-save | grep -v added_by_elasticbeanstalk | iptables-restore
2026/01/01 01:05:38.822889 [INFO] Getting container info...
2026/01/01 01:05:38.822923 [INFO] Running command: docker inspect 358feda85887
2026/01/01 01:05:38.844534 [INFO] Running command: ip route show default | awk '{print $5}'
2026/01/01 01:05:38.853560 [INFO] ens5

2026/01/01 01:05:38.853609 [INFO] Writing nginx upstream config...
2026/01/01 01:05:38.857349 [INFO] Running command: systemctl show -p PartOf nginx.service
2026/01/01 01:05:38.873162 [WARN] process nginx is already registered, skip registering again...
2026/01/01 01:05:38.873222 [INFO] Running command: systemctl show -p PartOf nginx.service
2026/01/01 01:05:38.888613 [INFO] Running command: systemctl restart nginx.service
2026/01/01 01:05:39.201246 [INFO] Running command: service iptables save
2026/01/01 01:05:39.274579 [INFO] iptables: Saving firewall rules to /etc/sysconfig/iptables: [  OK  ]

2026/01/01 01:05:39.274602 [INFO] Traffic forward set-up completed.
2026/01/01 01:05:39.274617 [INFO] Running command: docker wait  358feda85887
2026/01/01 01:06:16.734020 [INFO] 1

2026/01/01 01:06:17.178142 [INFO] Loading Manifest...
2026/01/01 01:06:17.183653 [INFO] Running command: /opt/aws/bin/cfn-get-metadata -s arn:aws:cloudformation:us-east-1:188701360622:stack/awseb-e-ibwb4kyapk-stack/25f4ff40-e6a9-11f0-a99f-0affd9bc13ff -r AWSEBAutoScalingGroup --region us-east-1
2026/01/01 01:06:17.498406 [INFO] Running command: /opt/aws/bin/cfn-get-metadata -s arn:aws:cloudformation:us-east-1:188701360622:stack/awseb-e-ibwb4kyapk-stack/25f4ff40-e6a9-11f0-a99f-0affd9bc13ff -r AWSEBBeanstalkMetadata --region us-east-1
2026/01/01 01:06:17.796220 [INFO] Checking if docker is running...
2026/01/01 01:06:17.796288 [INFO] Fetch current app container id...
2026/01/01 01:06:17.796312 [INFO] Running command: docker ps | grep 358feda85887
2026/01/01 01:06:17.812132 [INFO] Starting container 358feda85887
2026/01/01 01:06:17.812156 [INFO] Running command: docker start  358feda85887
2026/01/01 01:06:18.135438 [INFO] 358feda85887

2026/01/01 01:06:18.135556 [INFO] Clear existing beanstalk iptables rules...
2026/01/01 01:06:18.135570 [INFO] Running command: iptables-save | grep -v added_by_elasticbeanstalk | iptables-restore
2026/01/01 01:06:18.232790 [INFO] Getting container info...
2026/01/01 01:06:18.232827 [INFO] Running command: docker inspect 358feda85887
2026/01/01 01:06:18.265902 [INFO] Running command: ip route show default | awk '{print $5}'
2026/01/01 01:06:18.275480 [INFO] ens5

2026/01/01 01:06:18.275536 [INFO] Writing nginx upstream config...
2026/01/01 01:06:18.281406 [INFO] Running command: systemctl show -p PartOf nginx.service
2026/01/01 01:06:18.302383 [WARN] process nginx is already registered, skip registering again...
2026/01/01 01:06:18.302422 [INFO] Running command: systemctl show -p PartOf nginx.service
2026/01/01 01:06:18.323697 [INFO] Running command: systemctl restart nginx.service
2026/01/01 01:06:18.699762 [INFO] Running command: service iptables save
2026/01/01 01:06:18.812828 [INFO] iptables: Saving firewall rules to /etc/sysconfig/iptables: [  OK  ]

2026/01/01 01:06:18.812854 [INFO] Traffic forward set-up completed.
2026/01/01 01:06:18.812867 [INFO] Running command: docker wait  358feda85887
2026/01/01 01:06:55.304359 [INFO] 1

2026/01/01 01:06:55.688843 [INFO] Loading Manifest...
2026/01/01 01:06:55.706181 [INFO] Running command: /opt/aws/bin/cfn-get-metadata -s arn:aws:cloudformation:us-east-1:188701360622:stack/awseb-e-ibwb4kyapk-stack/25f4ff40-e6a9-11f0-a99f-0affd9bc13ff -r AWSEBAutoScalingGroup --region us-east-1
2026/01/01 01:06:56.059258 [INFO] Running command: /opt/aws/bin/cfn-get-metadata -s arn:aws:cloudformation:us-east-1:188701360622:stack/awseb-e-ibwb4kyapk-stack/25f4ff40-e6a9-11f0-a99f-0affd9bc13ff -r AWSEBBeanstalkMetadata --region us-east-1
2026/01/01 01:06:56.360822 [INFO] Checking if docker is running...
2026/01/01 01:06:56.360890 [INFO] Fetch current app container id...
2026/01/01 01:06:56.360924 [INFO] Running command: docker ps | grep 358feda85887
2026/01/01 01:06:56.376942 [INFO] Starting container 358feda85887
2026/01/01 01:06:56.376967 [INFO] Running command: docker start  358feda85887
2026/01/01 01:06:56.764014 [INFO] 358feda85887

2026/01/01 01:06:56.764148 [INFO] Clear existing beanstalk iptables rules...
2026/01/01 01:06:56.764158 [INFO] Running command: iptables-save | grep -v added_by_elasticbeanstalk | iptables-restore
2026/01/01 01:06:56.822540 [INFO] Getting container info...
2026/01/01 01:06:56.822571 [INFO] Running command: docker inspect 358feda85887
2026/01/01 01:06:56.838314 [INFO] Running command: ip route show default | awk '{print $5}'
2026/01/01 01:06:56.847675 [INFO] ens5

2026/01/01 01:06:56.847708 [INFO] Writing nginx upstream config...
2026/01/01 01:06:56.849938 [INFO] Running command: systemctl show -p PartOf nginx.service
2026/01/01 01:06:56.863003 [WARN] process nginx is already registered, skip registering again...
2026/01/01 01:06:56.863034 [INFO] Running command: systemctl show -p PartOf nginx.service
2026/01/01 01:06:56.876684 [INFO] Running command: systemctl restart nginx.service
2026/01/01 01:06:57.173925 [INFO] Running command: service iptables save
2026/01/01 01:06:57.231117 [INFO] iptables: Saving firewall rules to /etc/sysconfig/iptables: [  OK  ]

2026/01/01 01:06:57.231137 [INFO] Traffic forward set-up completed.
2026/01/01 01:06:57.231146 [INFO] Running command: docker wait  358feda85887
2026/01/01 01:07:33.703665 [INFO] 1

2026/01/01 01:07:34.167869 [INFO] Loading Manifest...
2026/01/01 01:07:34.173412 [INFO] Running command: /opt/aws/bin/cfn-get-metadata -s arn:aws:cloudformation:us-east-1:188701360622:stack/awseb-e-ibwb4kyapk-stack/25f4ff40-e6a9-11f0-a99f-0affd9bc13ff -r AWSEBAutoScalingGroup --region us-east-1
2026/01/01 01:07:34.501016 [INFO] Running command: /opt/aws/bin/cfn-get-metadata -s arn:aws:cloudformation:us-east-1:188701360622:stack/awseb-e-ibwb4kyapk-stack/25f4ff40-e6a9-11f0-a99f-0affd9bc13ff -r AWSEBBeanstalkMetadata --region us-east-1
2026/01/01 01:07:34.808972 [INFO] Checking if docker is running...
2026/01/01 01:07:34.809039 [INFO] Fetch current app container id...
2026/01/01 01:07:34.809063 [INFO] Running command: docker ps | grep 358feda85887
2026/01/01 01:07:34.835991 [INFO] Starting container 358feda85887
2026/01/01 01:07:34.836025 [INFO] Running command: docker start  358feda85887
2026/01/01 01:07:35.159375 [INFO] 358feda85887

2026/01/01 01:07:35.159489 [INFO] Clear existing beanstalk iptables rules...
2026/01/01 01:07:35.159502 [INFO] Running command: iptables-save | grep -v added_by_elasticbeanstalk | iptables-restore
2026/01/01 01:07:35.202569 [INFO] Getting container info...
2026/01/01 01:07:35.202606 [INFO] Running command: docker inspect 358feda85887
2026/01/01 01:07:35.218601 [INFO] Running command: ip route show default | awk '{print $5}'
2026/01/01 01:07:35.224771 [INFO] ens5

2026/01/01 01:07:35.224801 [INFO] Writing nginx upstream config...
2026/01/01 01:07:35.227151 [INFO] Running command: systemctl show -p PartOf nginx.service
2026/01/01 01:07:35.241206 [WARN] process nginx is already registered, skip registering again...
2026/01/01 01:07:35.241235 [INFO] Running command: systemctl show -p PartOf nginx.service
2026/01/01 01:07:35.250983 [INFO] Running command: systemctl restart nginx.service
2026/01/01 01:07:36.236783 [INFO] Running command: service iptables save
2026/01/01 01:07:36.323214 [INFO] iptables: Saving firewall rules to /etc/sysconfig/iptables: [  OK  ]

2026/01/01 01:07:36.323234 [INFO] Traffic forward set-up completed.
2026/01/01 01:07:36.323243 [INFO] Running command: docker wait  358feda85887
2026/01/01 01:08:12.274381 [INFO] 1

2026/01/01 01:08:12.669973 [INFO] Loading Manifest...
2026/01/01 01:08:12.678825 [INFO] Running command: /opt/aws/bin/cfn-get-metadata -s arn:aws:cloudformation:us-east-1:188701360622:stack/awseb-e-ibwb4kyapk-stack/25f4ff40-e6a9-11f0-a99f-0affd9bc13ff -r AWSEBAutoScalingGroup --region us-east-1
2026/01/01 01:08:12.992812 [INFO] Running command: /opt/aws/bin/cfn-get-metadata -s arn:aws:cloudformation:us-east-1:188701360622:stack/awseb-e-ibwb4kyapk-stack/25f4ff40-e6a9-11f0-a99f-0affd9bc13ff -r AWSEBBeanstalkMetadata --region us-east-1
2026/01/01 01:08:13.286079 [INFO] Checking if docker is running...
2026/01/01 01:08:13.286142 [INFO] Fetch current app container id...
2026/01/01 01:08:13.286166 [INFO] Running command: docker ps | grep 358feda85887
2026/01/01 01:08:13.300465 [INFO] Starting container 358feda85887
2026/01/01 01:08:13.300488 [INFO] Running command: docker start  358feda85887
2026/01/01 01:08:13.612594 [INFO] 358feda85887

2026/01/01 01:08:13.612686 [INFO] Clear existing beanstalk iptables rules...
2026/01/01 01:08:13.612709 [INFO] Running command: iptables-save | grep -v added_by_elasticbeanstalk | iptables-restore
2026/01/01 01:08:13.712767 [INFO] Getting container info...
2026/01/01 01:08:13.712802 [INFO] Running command: docker inspect 358feda85887
2026/01/01 01:08:13.739647 [INFO] Running command: ip route show default | awk '{print $5}'
2026/01/01 01:08:13.751388 [INFO] ens5

2026/01/01 01:08:13.751425 [INFO] Writing nginx upstream config...
2026/01/01 01:08:13.755728 [INFO] Running command: systemctl show -p PartOf nginx.service
2026/01/01 01:08:13.778459 [WARN] process nginx is already registered, skip registering again...
2026/01/01 01:08:13.778494 [INFO] Running command: systemctl show -p PartOf nginx.service
2026/01/01 01:08:13.795258 [INFO] Running command: systemctl restart nginx.service
2026/01/01 01:08:14.132388 [INFO] Running command: service iptables save
2026/01/01 01:08:14.236244 [INFO] iptables: Saving firewall rules to /etc/sysconfig/iptables: [  OK  ]

2026/01/01 01:08:14.236267 [INFO] Traffic forward set-up completed.
2026/01/01 01:08:14.236297 [INFO] Running command: docker wait  358feda85887
2026/01/01 01:08:51.414343 [INFO] 1

2026/01/01 01:08:51.669150 [INFO] Loading Manifest...
2026/01/01 01:08:51.675934 [INFO] Running command: /opt/aws/bin/cfn-get-metadata -s arn:aws:cloudformation:us-east-1:188701360622:stack/awseb-e-ibwb4kyapk-stack/25f4ff40-e6a9-11f0-a99f-0affd9bc13ff -r AWSEBAutoScalingGroup --region us-east-1
2026/01/01 01:08:51.986654 [INFO] Running command: /opt/aws/bin/cfn-get-metadata -s arn:aws:cloudformation:us-east-1:188701360622:stack/awseb-e-ibwb4kyapk-stack/25f4ff40-e6a9-11f0-a99f-0affd9bc13ff -r AWSEBBeanstalkMetadata --region us-east-1
2026/01/01 01:08:52.287201 [INFO] Checking if docker is running...
2026/01/01 01:08:52.287222 [INFO] Fetch current app container id...
2026/01/01 01:08:52.287246 [INFO] Running command: docker ps | grep 358feda85887
2026/01/01 01:08:52.303108 [INFO] Starting container 358feda85887
2026/01/01 01:08:52.303147 [INFO] Running command: docker start  358feda85887
2026/01/01 01:08:52.620289 [INFO] 358feda85887

2026/01/01 01:08:52.620388 [INFO] Clear existing beanstalk iptables rules...
2026/01/01 01:08:52.620402 [INFO] Running command: iptables-save | grep -v added_by_elasticbeanstalk | iptables-restore
2026/01/01 01:08:52.732759 [INFO] Getting container info...
2026/01/01 01:08:52.732798 [INFO] Running command: docker inspect 358feda85887
2026/01/01 01:08:52.757872 [INFO] Running command: ip route show default | awk '{print $5}'
2026/01/01 01:08:52.766995 [INFO] ens5

2026/01/01 01:08:52.767035 [INFO] Writing nginx upstream config...
2026/01/01 01:08:52.781961 [INFO] Running command: systemctl show -p PartOf nginx.service
2026/01/01 01:08:52.797827 [WARN] process nginx is already registered, skip registering again...
2026/01/01 01:08:52.797868 [INFO] Running command: systemctl show -p PartOf nginx.service
2026/01/01 01:08:52.819571 [INFO] Running command: systemctl restart nginx.service
2026/01/01 01:08:53.199527 [INFO] Running command: service iptables save
2026/01/01 01:08:53.288509 [INFO] iptables: Saving firewall rules to /etc/sysconfig/iptables: [  OK  ]

2026/01/01 01:08:53.288534 [INFO] Traffic forward set-up completed.
2026/01/01 01:08:53.288548 [INFO] Running command: docker wait  358feda85887
2026/01/01 01:09:30.755235 [INFO] 1

2026/01/01 01:09:31.170339 [INFO] Loading Manifest...
2026/01/01 01:09:31.177079 [INFO] Running command: /opt/aws/bin/cfn-get-metadata -s arn:aws:cloudformation:us-east-1:188701360622:stack/awseb-e-ibwb4kyapk-stack/25f4ff40-e6a9-11f0-a99f-0affd9bc13ff -r AWSEBAutoScalingGroup --region us-east-1
2026/01/01 01:09:31.525577 [INFO] Running command: /opt/aws/bin/cfn-get-metadata -s arn:aws:cloudformation:us-east-1:188701360622:stack/awseb-e-ibwb4kyapk-stack/25f4ff40-e6a9-11f0-a99f-0affd9bc13ff -r AWSEBBeanstalkMetadata --region us-east-1
2026/01/01 01:09:31.833590 [INFO] Checking if docker is running...
2026/01/01 01:09:31.833743 [INFO] Fetch current app container id...
2026/01/01 01:09:31.833776 [INFO] Running command: docker ps | grep 358feda85887
2026/01/01 01:09:31.848939 [INFO] Starting container 358feda85887
2026/01/01 01:09:31.848963 [INFO] Running command: docker start  358feda85887
2026/01/01 01:09:32.178658 [INFO] 358feda85887

2026/01/01 01:09:32.178763 [INFO] Clear existing beanstalk iptables rules...
2026/01/01 01:09:32.178772 [INFO] Running command: iptables-save | grep -v added_by_elasticbeanstalk | iptables-restore
2026/01/01 01:09:32.232543 [INFO] Getting container info...
2026/01/01 01:09:32.232574 [INFO] Running command: docker inspect 358feda85887
2026/01/01 01:09:32.251309 [INFO] Running command: ip route show default | awk '{print $5}'
2026/01/01 01:09:32.265004 [INFO] ens5

2026/01/01 01:09:32.265047 [INFO] Writing nginx upstream config...
2026/01/01 01:09:32.268493 [INFO] Running command: systemctl show -p PartOf nginx.service
2026/01/01 01:09:32.285348 [WARN] process nginx is already registered, skip registering again...
2026/01/01 01:09:32.285380 [INFO] Running command: systemctl show -p PartOf nginx.service
2026/01/01 01:09:32.297103 [INFO] Running command: systemctl restart nginx.service
2026/01/01 01:09:32.612840 [INFO] Running command: service iptables save
2026/01/01 01:09:32.655542 [INFO] iptables: Saving firewall rules to /etc/sysconfig/iptables: [  OK  ]

2026/01/01 01:09:32.655559 [INFO] Traffic forward set-up completed.
2026/01/01 01:09:32.655570 [INFO] Running command: docker wait  358feda85887
2026/01/01 01:10:09.554579 [INFO] 1

2026/01/01 01:10:09.920444 [INFO] Loading Manifest...
2026/01/01 01:10:09.927980 [INFO] Running command: /opt/aws/bin/cfn-get-metadata -s arn:aws:cloudformation:us-east-1:188701360622:stack/awseb-e-ibwb4kyapk-stack/25f4ff40-e6a9-11f0-a99f-0affd9bc13ff -r AWSEBAutoScalingGroup --region us-east-1
2026/01/01 01:10:10.279890 [INFO] Running command: /opt/aws/bin/cfn-get-metadata -s arn:aws:cloudformation:us-east-1:188701360622:stack/awseb-e-ibwb4kyapk-stack/25f4ff40-e6a9-11f0-a99f-0affd9bc13ff -r AWSEBBeanstalkMetadata --region us-east-1
2026/01/01 01:10:10.595147 [INFO] Checking if docker is running...
2026/01/01 01:10:10.595219 [INFO] Fetch current app container id...
2026/01/01 01:10:10.595247 [INFO] Running command: docker ps | grep 358feda85887
2026/01/01 01:10:10.610856 [INFO] Starting container 358feda85887
2026/01/01 01:10:10.610880 [INFO] Running command: docker start  358feda85887
2026/01/01 01:10:10.953289 [INFO] 358feda85887

2026/01/01 01:10:10.953409 [INFO] Clear existing beanstalk iptables rules...
2026/01/01 01:10:10.953425 [INFO] Running command: iptables-save | grep -v added_by_elasticbeanstalk | iptables-restore
2026/01/01 01:10:11.052813 [INFO] Getting container info...
2026/01/01 01:10:11.052850 [INFO] Running command: docker inspect 358feda85887
2026/01/01 01:10:11.081837 [INFO] Running command: ip route show default | awk '{print $5}'
2026/01/01 01:10:11.094252 [INFO] ens5

2026/01/01 01:10:11.094284 [INFO] Writing nginx upstream config...
2026/01/01 01:10:11.096834 [INFO] Running command: systemctl show -p PartOf nginx.service
2026/01/01 01:10:11.112493 [WARN] process nginx is already registered, skip registering again...
2026/01/01 01:10:11.112547 [INFO] Running command: systemctl show -p PartOf nginx.service
2026/01/01 01:10:11.128054 [INFO] Running command: systemctl restart nginx.service
2026/01/01 01:10:11.441534 [INFO] Running command: service iptables save
2026/01/01 01:10:11.526725 [INFO] iptables: Saving firewall rules to /etc/sysconfig/iptables: [  OK  ]

2026/01/01 01:10:11.526749 [INFO] Traffic forward set-up completed.
2026/01/01 01:10:11.526762 [INFO] Running command: docker wait  358feda85887
2026/01/01 01:10:48.936225 [INFO] 1

2026/01/01 01:10:49.169802 [INFO] Loading Manifest...
2026/01/01 01:10:49.178101 [INFO] Running command: /opt/aws/bin/cfn-get-metadata -s arn:aws:cloudformation:us-east-1:188701360622:stack/awseb-e-ibwb4kyapk-stack/25f4ff40-e6a9-11f0-a99f-0affd9bc13ff -r AWSEBAutoScalingGroup --region us-east-1
2026/01/01 01:10:49.532937 [INFO] Running command: /opt/aws/bin/cfn-get-metadata -s arn:aws:cloudformation:us-east-1:188701360622:stack/awseb-e-ibwb4kyapk-stack/25f4ff40-e6a9-11f0-a99f-0affd9bc13ff -r AWSEBBeanstalkMetadata --region us-east-1
2026/01/01 01:10:49.832643 [INFO] Checking if docker is running...
2026/01/01 01:10:49.832716 [INFO] Fetch current app container id...
2026/01/01 01:10:49.832743 [INFO] Running command: docker ps | grep 358feda85887
2026/01/01 01:10:49.847190 [INFO] Starting container 358feda85887
2026/01/01 01:10:49.847222 [INFO] Running command: docker start  358feda85887
2026/01/01 01:10:50.194922 [INFO] 358feda85887

2026/01/01 01:10:50.195031 [INFO] Clear existing beanstalk iptables rules...
2026/01/01 01:10:50.195046 [INFO] Running command: iptables-save | grep -v added_by_elasticbeanstalk | iptables-restore
2026/01/01 01:10:50.272809 [INFO] Getting container info...
2026/01/01 01:10:50.272848 [INFO] Running command: docker inspect 358feda85887
2026/01/01 01:10:50.307835 [INFO] Running command: ip route show default | awk '{print $5}'
2026/01/01 01:10:50.320700 [INFO] ens5

2026/01/01 01:10:50.320754 [INFO] Writing nginx upstream config...
2026/01/01 01:10:50.326463 [INFO] Running command: systemctl show -p PartOf nginx.service
2026/01/01 01:10:50.344217 [WARN] process nginx is already registered, skip registering again...
2026/01/01 01:10:50.344252 [INFO] Running command: systemctl show -p PartOf nginx.service
2026/01/01 01:10:50.362277 [INFO] Running command: systemctl restart nginx.service
2026/01/01 01:10:51.438356 [INFO] Running command: service iptables save
2026/01/01 01:10:51.531983 [INFO] iptables: Saving firewall rules to /etc/sysconfig/iptables: [  OK  ]

2026/01/01 01:10:51.532005 [INFO] Traffic forward set-up completed.
2026/01/01 01:10:51.532019 [INFO] Running command: docker wait  358feda85887
2026/01/01 01:11:28.244442 [INFO] 1

2026/01/01 01:11:28.669863 [INFO] Loading Manifest...
2026/01/01 01:11:28.677958 [INFO] Running command: /opt/aws/bin/cfn-get-metadata -s arn:aws:cloudformation:us-east-1:188701360622:stack/awseb-e-ibwb4kyapk-stack/25f4ff40-e6a9-11f0-a99f-0affd9bc13ff -r AWSEBAutoScalingGroup --region us-east-1
2026/01/01 01:11:29.023873 [INFO] Running command: /opt/aws/bin/cfn-get-metadata -s arn:aws:cloudformation:us-east-1:188701360622:stack/awseb-e-ibwb4kyapk-stack/25f4ff40-e6a9-11f0-a99f-0affd9bc13ff -r AWSEBBeanstalkMetadata --region us-east-1
2026/01/01 01:11:29.330956 [INFO] Checking if docker is running...
2026/01/01 01:11:29.331026 [INFO] Fetch current app container id...
2026/01/01 01:11:29.331047 [INFO] Running command: docker ps | grep 358feda85887
2026/01/01 01:11:29.346012 [INFO] Starting container 358feda85887
2026/01/01 01:11:29.346036 [INFO] Running command: docker start  358feda85887
2026/01/01 01:11:29.683186 [INFO] 358feda85887

2026/01/01 01:11:29.683385 [INFO] Clear existing beanstalk iptables rules...
2026/01/01 01:11:29.683401 [INFO] Running command: iptables-save | grep -v added_by_elasticbeanstalk | iptables-restore
2026/01/01 01:11:29.772820 [INFO] Getting container info...
2026/01/01 01:11:29.772857 [INFO] Running command: docker inspect 358feda85887
2026/01/01 01:11:29.813922 [INFO] Running command: ip route show default | awk '{print $5}'
2026/01/01 01:11:29.825261 [INFO] ens5

2026/01/01 01:11:29.825311 [INFO] Writing nginx upstream config...
2026/01/01 01:11:29.830506 [INFO] Running command: systemctl show -p PartOf nginx.service
2026/01/01 01:11:29.845782 [WARN] process nginx is already registered, skip registering again...
2026/01/01 01:11:29.845818 [INFO] Running command: systemctl show -p PartOf nginx.service
2026/01/01 01:11:29.860003 [INFO] Running command: systemctl restart nginx.service
2026/01/01 01:11:30.209748 [INFO] Running command: service iptables save
2026/01/01 01:11:30.306964 [INFO] iptables: Saving firewall rules to /etc/sysconfig/iptables: [  OK  ]

2026/01/01 01:11:30.307001 [INFO] Traffic forward set-up completed.
2026/01/01 01:11:30.307013 [INFO] Running command: docker wait  358feda85887
2026/01/01 01:12:07.844654 [INFO] 1

2026/01/01 01:12:08.177969 [INFO] Loading Manifest...
2026/01/01 01:12:08.185173 [INFO] Running command: /opt/aws/bin/cfn-get-metadata -s arn:aws:cloudformation:us-east-1:188701360622:stack/awseb-e-ibwb4kyapk-stack/25f4ff40-e6a9-11f0-a99f-0affd9bc13ff -r AWSEBAutoScalingGroup --region us-east-1
2026/01/01 01:12:08.509498 [INFO] Running command: /opt/aws/bin/cfn-get-metadata -s arn:aws:cloudformation:us-east-1:188701360622:stack/awseb-e-ibwb4kyapk-stack/25f4ff40-e6a9-11f0-a99f-0affd9bc13ff -r AWSEBBeanstalkMetadata --region us-east-1
2026/01/01 01:12:08.813821 [INFO] Checking if docker is running...
2026/01/01 01:12:08.813894 [INFO] Fetch current app container id...
2026/01/01 01:12:08.813917 [INFO] Running command: docker ps | grep 358feda85887
2026/01/01 01:12:08.829533 [INFO] Starting container 358feda85887
2026/01/01 01:12:08.829565 [INFO] Running command: docker start  358feda85887
2026/01/01 01:12:09.153002 [INFO] 358feda85887

2026/01/01 01:12:09.153095 [INFO] Clear existing beanstalk iptables rules...
2026/01/01 01:12:09.153109 [INFO] Running command: iptables-save | grep -v added_by_elasticbeanstalk | iptables-restore
2026/01/01 01:12:09.272673 [INFO] Getting container info...
2026/01/01 01:12:09.272709 [INFO] Running command: docker inspect 358feda85887
2026/01/01 01:12:09.333348 [INFO] Running command: ip route show default | awk '{print $5}'
2026/01/01 01:12:09.340753 [INFO] ens5

2026/01/01 01:12:09.340786 [INFO] Writing nginx upstream config...
2026/01/01 01:12:09.343176 [INFO] Running command: systemctl show -p PartOf nginx.service
2026/01/01 01:12:09.359639 [WARN] process nginx is already registered, skip registering again...
2026/01/01 01:12:09.359674 [INFO] Running command: systemctl show -p PartOf nginx.service
2026/01/01 01:12:09.373990 [INFO] Running command: systemctl restart nginx.service
2026/01/01 01:12:09.747805 [INFO] Running command: service iptables save
2026/01/01 01:12:09.849719 [INFO] iptables: Saving firewall rules to /etc/sysconfig/iptables: [  OK  ]

2026/01/01 01:12:09.849746 [INFO] Traffic forward set-up completed.
2026/01/01 01:12:09.849760 [INFO] Running command: docker wait  358feda85887
2026/01/01 01:12:47.194409 [INFO] 1

2026/01/01 01:12:47.677672 [INFO] Loading Manifest...
2026/01/01 01:12:47.684641 [INFO] Running command: /opt/aws/bin/cfn-get-metadata -s arn:aws:cloudformation:us-east-1:188701360622:stack/awseb-e-ibwb4kyapk-stack/25f4ff40-e6a9-11f0-a99f-0affd9bc13ff -r AWSEBAutoScalingGroup --region us-east-1
2026/01/01 01:12:48.034462 [INFO] Running command: /opt/aws/bin/cfn-get-metadata -s arn:aws:cloudformation:us-east-1:188701360622:stack/awseb-e-ibwb4kyapk-stack/25f4ff40-e6a9-11f0-a99f-0affd9bc13ff -r AWSEBBeanstalkMetadata --region us-east-1
2026/01/01 01:12:48.333404 [INFO] Checking if docker is running...
2026/01/01 01:12:48.333470 [INFO] Fetch current app container id...
2026/01/01 01:12:48.333493 [INFO] Running command: docker ps | grep 358feda85887
2026/01/01 01:12:48.350324 [INFO] Starting container 358feda85887
2026/01/01 01:12:48.350350 [INFO] Running command: docker start  358feda85887
2026/01/01 01:12:48.694038 [INFO] 358feda85887

2026/01/01 01:12:48.694152 [INFO] Clear existing beanstalk iptables rules...
2026/01/01 01:12:48.694168 [INFO] Running command: iptables-save | grep -v added_by_elasticbeanstalk | iptables-restore
2026/01/01 01:12:48.782759 [INFO] Getting container info...
2026/01/01 01:12:48.782796 [INFO] Running command: docker inspect 358feda85887
2026/01/01 01:12:48.813715 [INFO] Running command: ip route show default | awk '{print $5}'
2026/01/01 01:12:48.824495 [INFO] ens5

2026/01/01 01:12:48.824537 [INFO] Writing nginx upstream config...
2026/01/01 01:12:48.828636 [INFO] Running command: systemctl show -p PartOf nginx.service
2026/01/01 01:12:48.846642 [WARN] process nginx is already registered, skip registering again...
2026/01/01 01:12:48.846701 [INFO] Running command: systemctl show -p PartOf nginx.service
2026/01/01 01:12:48.865213 [INFO] Running command: systemctl restart nginx.service
2026/01/01 01:12:49.239665 [INFO] Running command: service iptables save
2026/01/01 01:12:49.343744 [INFO] iptables: Saving firewall rules to /etc/sysconfig/iptables: [  OK  ]

2026/01/01 01:12:49.343851 [INFO] Traffic forward set-up completed.
2026/01/01 01:12:49.343865 [INFO] Running command: docker wait  358feda85887
2026/01/01 01:13:26.846222 [INFO] 1

2026/01/01 01:13:27.179679 [INFO] Loading Manifest...
2026/01/01 01:13:27.187554 [INFO] Running command: /opt/aws/bin/cfn-get-metadata -s arn:aws:cloudformation:us-east-1:188701360622:stack/awseb-e-ibwb4kyapk-stack/25f4ff40-e6a9-11f0-a99f-0affd9bc13ff -r AWSEBAutoScalingGroup --region us-east-1
2026/01/01 01:13:27.534061 [INFO] Running command: /opt/aws/bin/cfn-get-metadata -s arn:aws:cloudformation:us-east-1:188701360622:stack/awseb-e-ibwb4kyapk-stack/25f4ff40-e6a9-11f0-a99f-0affd9bc13ff -r AWSEBBeanstalkMetadata --region us-east-1
2026/01/01 01:13:27.839377 [INFO] Checking if docker is running...
2026/01/01 01:13:27.839480 [INFO] Fetch current app container id...
2026/01/01 01:13:27.839504 [INFO] Running command: docker ps | grep 358feda85887
2026/01/01 01:13:27.854561 [INFO] Starting container 358feda85887
2026/01/01 01:13:27.854587 [INFO] Running command: docker start  358feda85887
2026/01/01 01:13:28.197825 [INFO] 358feda85887

2026/01/01 01:13:28.197951 [INFO] Clear existing beanstalk iptables rules...
2026/01/01 01:13:28.197977 [INFO] Running command: iptables-save | grep -v added_by_elasticbeanstalk | iptables-restore
2026/01/01 01:13:28.272788 [INFO] Getting container info...
2026/01/01 01:13:28.272837 [INFO] Running command: docker inspect 358feda85887
2026/01/01 01:13:28.326488 [INFO] Running command: ip route show default | awk '{print $5}'
2026/01/01 01:13:28.343607 [INFO] ens5

2026/01/01 01:13:28.343650 [INFO] Writing nginx upstream config...
2026/01/01 01:13:28.346042 [INFO] Running command: systemctl show -p PartOf nginx.service
2026/01/01 01:13:28.362287 [WARN] process nginx is already registered, skip registering again...
2026/01/01 01:13:28.362337 [INFO] Running command: systemctl show -p PartOf nginx.service
2026/01/01 01:13:28.377064 [INFO] Running command: systemctl restart nginx.service
2026/01/01 01:13:28.738413 [INFO] Running command: service iptables save
2026/01/01 01:13:28.818878 [INFO] iptables: Saving firewall rules to /etc/sysconfig/iptables: [  OK  ]

2026/01/01 01:13:28.818907 [INFO] Traffic forward set-up completed.
2026/01/01 01:13:28.818941 [INFO] Running command: docker wait  358feda85887
2026/01/01 01:14:07.033383 [INFO] 1

2026/01/01 01:14:07.418000 [INFO] Loading Manifest...
2026/01/01 01:14:07.428678 [INFO] Running command: /opt/aws/bin/cfn-get-metadata -s arn:aws:cloudformation:us-east-1:188701360622:stack/awseb-e-ibwb4kyapk-stack/25f4ff40-e6a9-11f0-a99f-0affd9bc13ff -r AWSEBAutoScalingGroup --region us-east-1
2026/01/01 01:14:07.745434 [INFO] Running command: /opt/aws/bin/cfn-get-metadata -s arn:aws:cloudformation:us-east-1:188701360622:stack/awseb-e-ibwb4kyapk-stack/25f4ff40-e6a9-11f0-a99f-0affd9bc13ff -r AWSEBBeanstalkMetadata --region us-east-1
2026/01/01 01:14:08.047993 [INFO] Checking if docker is running...
2026/01/01 01:14:08.048056 [INFO] Fetch current app container id...
2026/01/01 01:14:08.048080 [INFO] Running command: docker ps | grep 358feda85887
2026/01/01 01:14:08.063173 [INFO] Starting container 358feda85887
2026/01/01 01:14:08.063200 [INFO] Running command: docker start  358feda85887
2026/01/01 01:14:08.352070 [INFO] 358feda85887

2026/01/01 01:14:08.352198 [INFO] Clear existing beanstalk iptables rules...
2026/01/01 01:14:08.352214 [INFO] Running command: iptables-save | grep -v added_by_elasticbeanstalk | iptables-restore
2026/01/01 01:14:08.452776 [INFO] Getting container info...
2026/01/01 01:14:08.452814 [INFO] Running command: docker inspect 358feda85887
2026/01/01 01:14:08.474000 [INFO] Running command: ip route show default | awk '{print $5}'
2026/01/01 01:14:08.482958 [INFO] ens5

2026/01/01 01:14:08.482994 [INFO] Writing nginx upstream config...
2026/01/01 01:14:08.488719 [INFO] Running command: systemctl show -p PartOf nginx.service
2026/01/01 01:14:08.512815 [WARN] process nginx is already registered, skip registering again...
2026/01/01 01:14:08.512853 [INFO] Running command: systemctl show -p PartOf nginx.service
2026/01/01 01:14:08.532180 [INFO] Running command: systemctl restart nginx.service
2026/01/01 01:14:08.919491 [INFO] Running command: service iptables save
2026/01/01 01:14:08.999544 [INFO] iptables: Saving firewall rules to /etc/sysconfig/iptables: [  OK  ]

2026/01/01 01:14:08.999567 [INFO] Traffic forward set-up completed.
2026/01/01 01:14:08.999579 [INFO] Running command: docker wait  358feda85887
2026/01/01 01:14:46.215396 [INFO] 1

2026/01/01 01:14:46.708147 [INFO] Loading Manifest...
2026/01/01 01:14:46.720231 [INFO] Running command: /opt/aws/bin/cfn-get-metadata -s arn:aws:cloudformation:us-east-1:188701360622:stack/awseb-e-ibwb4kyapk-stack/25f4ff40-e6a9-11f0-a99f-0affd9bc13ff -r AWSEBAutoScalingGroup --region us-east-1
2026/01/01 01:14:47.039114 [INFO] Running command: /opt/aws/bin/cfn-get-metadata -s arn:aws:cloudformation:us-east-1:188701360622:stack/awseb-e-ibwb4kyapk-stack/25f4ff40-e6a9-11f0-a99f-0affd9bc13ff -r AWSEBBeanstalkMetadata --region us-east-1
2026/01/01 01:14:47.335483 [INFO] Checking if docker is running...
2026/01/01 01:14:47.335508 [INFO] Fetch current app container id...
2026/01/01 01:14:47.335532 [INFO] Running command: docker ps | grep 358feda85887
2026/01/01 01:14:47.351036 [INFO] Starting container 358feda85887
2026/01/01 01:14:47.351060 [INFO] Running command: docker start  358feda85887
2026/01/01 01:14:47.694438 [INFO] 358feda85887

2026/01/01 01:14:47.694568 [INFO] Clear existing beanstalk iptables rules...
2026/01/01 01:14:47.694583 [INFO] Running command: iptables-save | grep -v added_by_elasticbeanstalk | iptables-restore
2026/01/01 01:14:47.802711 [INFO] Getting container info...
2026/01/01 01:14:47.802747 [INFO] Running command: docker inspect 358feda85887
2026/01/01 01:14:47.851034 [INFO] Running command: ip route show default | awk '{print $5}'
2026/01/01 01:14:47.859134 [INFO] ens5

2026/01/01 01:14:47.859181 [INFO] Writing nginx upstream config...
2026/01/01 01:14:47.861580 [INFO] Running command: systemctl show -p PartOf nginx.service
2026/01/01 01:14:47.878629 [WARN] process nginx is already registered, skip registering again...
2026/01/01 01:14:47.878667 [INFO] Running command: systemctl show -p PartOf nginx.service
2026/01/01 01:14:47.894008 [INFO] Running command: systemctl restart nginx.service
2026/01/01 01:14:48.320045 [INFO] Running command: service iptables save
2026/01/01 01:14:48.384936 [INFO] iptables: Saving firewall rules to /etc/sysconfig/iptables: [  OK  ]

2026/01/01 01:14:48.384962 [INFO] Traffic forward set-up completed.
2026/01/01 01:14:48.384976 [INFO] Running command: docker wait  358feda85887
2026/01/01 01:15:25.484641 [INFO] 1

2026/01/01 01:15:25.919841 [INFO] Loading Manifest...
2026/01/01 01:15:25.928741 [INFO] Running command: /opt/aws/bin/cfn-get-metadata -s arn:aws:cloudformation:us-east-1:188701360622:stack/awseb-e-ibwb4kyapk-stack/25f4ff40-e6a9-11f0-a99f-0affd9bc13ff -r AWSEBAutoScalingGroup --region us-east-1
2026/01/01 01:15:26.277593 [INFO] Running command: /opt/aws/bin/cfn-get-metadata -s arn:aws:cloudformation:us-east-1:188701360622:stack/awseb-e-ibwb4kyapk-stack/25f4ff40-e6a9-11f0-a99f-0affd9bc13ff -r AWSEBBeanstalkMetadata --region us-east-1
2026/01/01 01:15:26.602331 [INFO] Checking if docker is running...
2026/01/01 01:15:26.602393 [INFO] Fetch current app container id...
2026/01/01 01:15:26.602417 [INFO] Running command: docker ps | grep 358feda85887
2026/01/01 01:15:26.620302 [INFO] Starting container 358feda85887
2026/01/01 01:15:26.620330 [INFO] Running command: docker start  358feda85887
2026/01/01 01:15:26.964663 [INFO] 358feda85887

2026/01/01 01:15:26.964775 [INFO] Clear existing beanstalk iptables rules...
2026/01/01 01:15:26.964789 [INFO] Running command: iptables-save | grep -v added_by_elasticbeanstalk | iptables-restore
2026/01/01 01:15:27.042929 [INFO] Getting container info...
2026/01/01 01:15:27.042967 [INFO] Running command: docker inspect 358feda85887
2026/01/01 01:15:27.082777 [INFO] Running command: ip route show default | awk '{print $5}'
2026/01/01 01:15:27.092809 [INFO] ens5

2026/01/01 01:15:27.092847 [INFO] Writing nginx upstream config...
2026/01/01 01:15:27.102981 [INFO] Running command: systemctl show -p PartOf nginx.service
2026/01/01 01:15:27.119962 [WARN] process nginx is already registered, skip registering again...
2026/01/01 01:15:27.119999 [INFO] Running command: systemctl show -p PartOf nginx.service
2026/01/01 01:15:27.135497 [INFO] Running command: systemctl restart nginx.service
2026/01/01 01:15:27.423953 [INFO] Running command: service iptables save
2026/01/01 01:15:27.517600 [INFO] iptables: Saving firewall rules to /etc/sysconfig/iptables: [  OK  ]

2026/01/01 01:15:27.517623 [INFO] Traffic forward set-up completed.
2026/01/01 01:15:27.517645 [INFO] Running command: docker wait  358feda85887
2026/01/01 01:16:04.107714 [INFO] 1

2026/01/01 01:16:04.431726 [INFO] Loading Manifest...
2026/01/01 01:16:04.441099 [INFO] Running command: /opt/aws/bin/cfn-get-metadata -s arn:aws:cloudformation:us-east-1:188701360622:stack/awseb-e-ibwb4kyapk-stack/25f4ff40-e6a9-11f0-a99f-0affd9bc13ff -r AWSEBAutoScalingGroup --region us-east-1
2026/01/01 01:16:04.793766 [INFO] Running command: /opt/aws/bin/cfn-get-metadata -s arn:aws:cloudformation:us-east-1:188701360622:stack/awseb-e-ibwb4kyapk-stack/25f4ff40-e6a9-11f0-a99f-0affd9bc13ff -r AWSEBBeanstalkMetadata --region us-east-1
2026/01/01 01:16:05.107536 [INFO] Checking if docker is running...
2026/01/01 01:16:05.107599 [INFO] Fetch current app container id...
2026/01/01 01:16:05.107622 [INFO] Running command: docker ps | grep 358feda85887
2026/01/01 01:16:05.123228 [INFO] Starting container 358feda85887
2026/01/01 01:16:05.123255 [INFO] Running command: docker start  358feda85887
2026/01/01 01:16:05.451669 [INFO] 358feda85887

2026/01/01 01:16:05.451776 [INFO] Clear existing beanstalk iptables rules...
2026/01/01 01:16:05.451788 [INFO] Running command: iptables-save | grep -v added_by_elasticbeanstalk | iptables-restore
2026/01/01 01:16:05.492560 [INFO] Getting container info...
2026/01/01 01:16:05.492589 [INFO] Running command: docker inspect 358feda85887
2026/01/01 01:16:05.513536 [INFO] Running command: ip route show default | awk '{print $5}'
2026/01/01 01:16:05.519183 [INFO] ens5

2026/01/01 01:16:05.519216 [INFO] Writing nginx upstream config...
2026/01/01 01:16:05.522396 [INFO] Running command: systemctl show -p PartOf nginx.service
2026/01/01 01:16:05.536355 [WARN] process nginx is already registered, skip registering again...
2026/01/01 01:16:05.536395 [INFO] Running command: systemctl show -p PartOf nginx.service
2026/01/01 01:16:05.548962 [INFO] Running command: systemctl restart nginx.service
2026/01/01 01:16:06.772035 [INFO] Running command: service iptables save
2026/01/01 01:16:06.865247 [INFO] iptables: Saving firewall rules to /etc/sysconfig/iptables: [  OK  ]

2026/01/01 01:16:06.865283 [INFO] Traffic forward set-up completed.
2026/01/01 01:16:06.865295 [INFO] Running command: docker wait  358feda85887
2026/01/01 01:16:43.444575 [INFO] 1

2026/01/01 01:16:43.917763 [INFO] Loading Manifest...
2026/01/01 01:16:43.924024 [INFO] Running command: /opt/aws/bin/cfn-get-metadata -s arn:aws:cloudformation:us-east-1:188701360622:stack/awseb-e-ibwb4kyapk-stack/25f4ff40-e6a9-11f0-a99f-0affd9bc13ff -r AWSEBAutoScalingGroup --region us-east-1
2026/01/01 01:16:44.246259 [INFO] Running command: /opt/aws/bin/cfn-get-metadata -s arn:aws:cloudformation:us-east-1:188701360622:stack/awseb-e-ibwb4kyapk-stack/25f4ff40-e6a9-11f0-a99f-0affd9bc13ff -r AWSEBBeanstalkMetadata --region us-east-1
2026/01/01 01:16:44.553434 [INFO] Checking if docker is running...
2026/01/01 01:16:44.553510 [INFO] Fetch current app container id...
2026/01/01 01:16:44.553535 [INFO] Running command: docker ps | grep 358feda85887
2026/01/01 01:16:44.570009 [INFO] Starting container 358feda85887
2026/01/01 01:16:44.570034 [INFO] Running command: docker start  358feda85887
2026/01/01 01:16:44.955367 [INFO] 358feda85887

2026/01/01 01:16:44.955493 [INFO] Clear existing beanstalk iptables rules...
2026/01/01 01:16:44.955517 [INFO] Running command: iptables-save | grep -v added_by_elasticbeanstalk | iptables-restore
2026/01/01 01:16:45.012729 [INFO] Getting container info...
2026/01/01 01:16:45.012764 [INFO] Running command: docker inspect 358feda85887
2026/01/01 01:16:45.054501 [INFO] Running command: ip route show default | awk '{print $5}'
2026/01/01 01:16:45.067444 [INFO] ens5

2026/01/01 01:16:45.067492 [INFO] Writing nginx upstream config...
2026/01/01 01:16:45.069977 [INFO] Running command: systemctl show -p PartOf nginx.service
2026/01/01 01:16:45.087312 [WARN] process nginx is already registered, skip registering again...
2026/01/01 01:16:45.087351 [INFO] Running command: systemctl show -p PartOf nginx.service
2026/01/01 01:16:45.102928 [INFO] Running command: systemctl restart nginx.service
2026/01/01 01:16:45.490344 [INFO] Running command: service iptables save
2026/01/01 01:16:45.601245 [INFO] iptables: Saving firewall rules to /etc/sysconfig/iptables: [  OK  ]

2026/01/01 01:16:45.601269 [INFO] Traffic forward set-up completed.
2026/01/01 01:16:45.601283 [INFO] Running command: docker wait  358feda85887
2026/01/01 01:17:23.005496 [INFO] 1

2026/01/01 01:17:23.427731 [INFO] Loading Manifest...
2026/01/01 01:17:23.436180 [INFO] Running command: /opt/aws/bin/cfn-get-metadata -s arn:aws:cloudformation:us-east-1:188701360622:stack/awseb-e-ibwb4kyapk-stack/25f4ff40-e6a9-11f0-a99f-0affd9bc13ff -r AWSEBAutoScalingGroup --region us-east-1
2026/01/01 01:17:23.758326 [INFO] Running command: /opt/aws/bin/cfn-get-metadata -s arn:aws:cloudformation:us-east-1:188701360622:stack/awseb-e-ibwb4kyapk-stack/25f4ff40-e6a9-11f0-a99f-0affd9bc13ff -r AWSEBBeanstalkMetadata --region us-east-1
2026/01/01 01:17:24.068599 [INFO] Checking if docker is running...
2026/01/01 01:17:24.068662 [INFO] Fetch current app container id...
2026/01/01 01:17:24.068687 [INFO] Running command: docker ps | grep 358feda85887
2026/01/01 01:17:24.085058 [INFO] Starting container 358feda85887
2026/01/01 01:17:24.085082 [INFO] Running command: docker start  358feda85887
2026/01/01 01:17:24.492629 [INFO] 358feda85887

2026/01/01 01:17:24.492830 [INFO] Clear existing beanstalk iptables rules...
2026/01/01 01:17:24.492845 [INFO] Running command: iptables-save | grep -v added_by_elasticbeanstalk | iptables-restore
2026/01/01 01:17:24.542866 [INFO] Getting container info...
2026/01/01 01:17:24.542907 [INFO] Running command: docker inspect 358feda85887
2026/01/01 01:17:24.572459 [INFO] Running command: ip route show default | awk '{print $5}'
2026/01/01 01:17:24.581087 [INFO] ens5

2026/01/01 01:17:24.581117 [INFO] Writing nginx upstream config...
2026/01/01 01:17:24.583480 [INFO] Running command: systemctl show -p PartOf nginx.service
2026/01/01 01:17:24.602137 [WARN] process nginx is already registered, skip registering again...
2026/01/01 01:17:24.602172 [INFO] Running command: systemctl show -p PartOf nginx.service
2026/01/01 01:17:24.616441 [INFO] Running command: systemctl restart nginx.service
2026/01/01 01:17:24.915009 [INFO] Running command: service iptables save
2026/01/01 01:17:25.022074 [INFO] iptables: Saving firewall rules to /etc/sysconfig/iptables: [  OK  ]

2026/01/01 01:17:25.022103 [INFO] Traffic forward set-up completed.
2026/01/01 01:17:25.022117 [INFO] Running command: docker wait  358feda85887
2026/01/01 01:18:02.753256 [INFO] 1

2026/01/01 01:18:03.170125 [INFO] Loading Manifest...
2026/01/01 01:18:03.181904 [INFO] Running command: /opt/aws/bin/cfn-get-metadata -s arn:aws:cloudformation:us-east-1:188701360622:stack/awseb-e-ibwb4kyapk-stack/25f4ff40-e6a9-11f0-a99f-0affd9bc13ff -r AWSEBAutoScalingGroup --region us-east-1
2026/01/01 01:18:03.531803 [INFO] Running command: /opt/aws/bin/cfn-get-metadata -s arn:aws:cloudformation:us-east-1:188701360622:stack/awseb-e-ibwb4kyapk-stack/25f4ff40-e6a9-11f0-a99f-0affd9bc13ff -r AWSEBBeanstalkMetadata --region us-east-1
2026/01/01 01:18:03.835099 [INFO] Checking if docker is running...
2026/01/01 01:18:03.835169 [INFO] Fetch current app container id...
2026/01/01 01:18:03.835201 [INFO] Running command: docker ps | grep 358feda85887
2026/01/01 01:18:03.851768 [INFO] Starting container 358feda85887
2026/01/01 01:18:03.851802 [INFO] Running command: docker start  358feda85887
2026/01/01 01:18:04.194576 [INFO] 358feda85887

2026/01/01 01:18:04.194705 [INFO] Clear existing beanstalk iptables rules...
2026/01/01 01:18:04.194722 [INFO] Running command: iptables-save | grep -v added_by_elasticbeanstalk | iptables-restore
2026/01/01 01:18:04.262773 [INFO] Getting container info...
2026/01/01 01:18:04.262810 [INFO] Running command: docker inspect 358feda85887
2026/01/01 01:18:04.292066 [INFO] Running command: ip route show default | awk '{print $5}'
2026/01/01 01:18:04.298885 [INFO] ens5

2026/01/01 01:18:04.298919 [INFO] Writing nginx upstream config...
2026/01/01 01:18:04.312989 [INFO] Running command: systemctl show -p PartOf nginx.service
2026/01/01 01:18:04.345508 [WARN] process nginx is already registered, skip registering again...
2026/01/01 01:18:04.345551 [INFO] Running command: systemctl show -p PartOf nginx.service
2026/01/01 01:18:04.360143 [INFO] Running command: systemctl restart nginx.service
2026/01/01 01:18:04.703739 [INFO] Running command: service iptables save
2026/01/01 01:18:04.779950 [INFO] iptables: Saving firewall rules to /etc/sysconfig/iptables: [  OK  ]

2026/01/01 01:18:04.779975 [INFO] Traffic forward set-up completed.
2026/01/01 01:18:04.779988 [INFO] Running command: docker wait  358feda85887
2026/01/01 01:18:42.294037 [INFO] 1

2026/01/01 01:18:42.677985 [INFO] Loading Manifest...
2026/01/01 01:18:42.683796 [INFO] Running command: /opt/aws/bin/cfn-get-metadata -s arn:aws:cloudformation:us-east-1:188701360622:stack/awseb-e-ibwb4kyapk-stack/25f4ff40-e6a9-11f0-a99f-0affd9bc13ff -r AWSEBAutoScalingGroup --region us-east-1
2026/01/01 01:18:42.995731 [INFO] Running command: /opt/aws/bin/cfn-get-metadata -s arn:aws:cloudformation:us-east-1:188701360622:stack/awseb-e-ibwb4kyapk-stack/25f4ff40-e6a9-11f0-a99f-0affd9bc13ff -r AWSEBBeanstalkMetadata --region us-east-1
2026/01/01 01:18:43.366209 [INFO] Checking if docker is running...
2026/01/01 01:18:43.366281 [INFO] Fetch current app container id...
2026/01/01 01:18:43.366307 [INFO] Running command: docker ps | grep 358feda85887
2026/01/01 01:18:43.381989 [INFO] Starting container 358feda85887
2026/01/01 01:18:43.382013 [INFO] Running command: docker start  358feda85887
2026/01/01 01:18:43.722376 [INFO] 358feda85887

2026/01/01 01:18:43.722472 [INFO] Clear existing beanstalk iptables rules...
2026/01/01 01:18:43.722492 [INFO] Running command: iptables-save | grep -v added_by_elasticbeanstalk | iptables-restore
2026/01/01 01:18:43.782768 [INFO] Getting container info...
2026/01/01 01:18:43.782807 [INFO] Running command: docker inspect 358feda85887
2026/01/01 01:18:43.812340 [INFO] Running command: ip route show default | awk '{print $5}'
2026/01/01 01:18:43.820250 [INFO] ens5

2026/01/01 01:18:43.820281 [INFO] Writing nginx upstream config...
2026/01/01 01:18:43.822727 [INFO] Running command: systemctl show -p PartOf nginx.service
2026/01/01 01:18:43.842807 [WARN] process nginx is already registered, skip registering again...
2026/01/01 01:18:43.842859 [INFO] Running command: systemctl show -p PartOf nginx.service
2026/01/01 01:18:43.859270 [INFO] Running command: systemctl restart nginx.service
2026/01/01 01:18:44.249567 [INFO] Running command: service iptables save
2026/01/01 01:18:44.362044 [INFO] iptables: Saving firewall rules to /etc/sysconfig/iptables: [  OK  ]

2026/01/01 01:18:44.362075 [INFO] Traffic forward set-up completed.
2026/01/01 01:18:44.362089 [INFO] Running command: docker wait  358feda85887
2026/01/01 01:19:21.484012 [INFO] 1

2026/01/01 01:19:21.917624 [INFO] Loading Manifest...
2026/01/01 01:19:21.924008 [INFO] Running command: /opt/aws/bin/cfn-get-metadata -s arn:aws:cloudformation:us-east-1:188701360622:stack/awseb-e-ibwb4kyapk-stack/25f4ff40-e6a9-11f0-a99f-0affd9bc13ff -r AWSEBAutoScalingGroup --region us-east-1
2026/01/01 01:19:22.251321 [INFO] Running command: /opt/aws/bin/cfn-get-metadata -s arn:aws:cloudformation:us-east-1:188701360622:stack/awseb-e-ibwb4kyapk-stack/25f4ff40-e6a9-11f0-a99f-0affd9bc13ff -r AWSEBBeanstalkMetadata --region us-east-1
2026/01/01 01:19:22.554800 [INFO] Checking if docker is running...
2026/01/01 01:19:22.554902 [INFO] Fetch current app container id...
2026/01/01 01:19:22.554933 [INFO] Running command: docker ps | grep 358feda85887
2026/01/01 01:19:22.570973 [INFO] Starting container 358feda85887
2026/01/01 01:19:22.570996 [INFO] Running command: docker start  358feda85887
2026/01/01 01:19:22.883011 [INFO] 358feda85887

2026/01/01 01:19:22.883160 [INFO] Clear existing beanstalk iptables rules...
2026/01/01 01:19:22.883175 [INFO] Running command: iptables-save | grep -v added_by_elasticbeanstalk | iptables-restore
2026/01/01 01:19:22.983044 [INFO] Getting container info...
2026/01/01 01:19:22.983080 [INFO] Running command: docker inspect 358feda85887
2026/01/01 01:19:23.043583 [INFO] Running command: ip route show default | awk '{print $5}'
2026/01/01 01:19:23.068431 [INFO] ens5

2026/01/01 01:19:23.068474 [INFO] Writing nginx upstream config...
2026/01/01 01:19:23.070858 [INFO] Running command: systemctl show -p PartOf nginx.service
2026/01/01 01:19:23.090210 [WARN] process nginx is already registered, skip registering again...
2026/01/01 01:19:23.090247 [INFO] Running command: systemctl show -p PartOf nginx.service
2026/01/01 01:19:23.105787 [INFO] Running command: systemctl restart nginx.service
2026/01/01 01:19:23.921749 [INFO] Running command: service iptables save
2026/01/01 01:19:24.013174 [INFO] iptables: Saving firewall rules to /etc/sysconfig/iptables: [  OK  ]

2026/01/01 01:19:24.013198 [INFO] Traffic forward set-up completed.
2026/01/01 01:19:24.013211 [INFO] Running command: docker wait  358feda85887
2026/01/01 01:20:00.655919 [INFO] 1

2026/01/01 01:20:00.928341 [INFO] Loading Manifest...
2026/01/01 01:20:00.938000 [INFO] Running command: /opt/aws/bin/cfn-get-metadata -s arn:aws:cloudformation:us-east-1:188701360622:stack/awseb-e-ibwb4kyapk-stack/25f4ff40-e6a9-11f0-a99f-0affd9bc13ff -r AWSEBAutoScalingGroup --region us-east-1
2026/01/01 01:20:01.395799 [INFO] Running command: /opt/aws/bin/cfn-get-metadata -s arn:aws:cloudformation:us-east-1:188701360622:stack/awseb-e-ibwb4kyapk-stack/25f4ff40-e6a9-11f0-a99f-0affd9bc13ff -r AWSEBBeanstalkMetadata --region us-east-1
2026/01/01 01:20:02.164599 [INFO] Checking if docker is running...
2026/01/01 01:20:02.164734 [INFO] Fetch current app container id...
2026/01/01 01:20:02.169735 [INFO] Running command: docker ps | grep 358feda85887
2026/01/01 01:20:02.212789 [INFO] Starting container 358feda85887
2026/01/01 01:20:02.212821 [INFO] Running command: docker start  358feda85887
2026/01/01 01:20:02.624962 [INFO] 358feda85887

2026/01/01 01:20:02.625111 [INFO] Clear existing beanstalk iptables rules...
2026/01/01 01:20:02.625123 [INFO] Running command: iptables-save | grep -v added_by_elasticbeanstalk | iptables-restore
2026/01/01 01:20:02.717080 [INFO] Getting container info...
2026/01/01 01:20:02.717125 [INFO] Running command: docker inspect 358feda85887
2026/01/01 01:20:02.739045 [INFO] Running command: ip route show default | awk '{print $5}'
2026/01/01 01:20:02.747898 [INFO] ens5

2026/01/01 01:20:02.747937 [INFO] Writing nginx upstream config...
2026/01/01 01:20:02.750420 [INFO] Running command: systemctl show -p PartOf nginx.service
2026/01/01 01:20:02.766040 [WARN] process nginx is already registered, skip registering again...
2026/01/01 01:20:02.766077 [INFO] Running command: systemctl show -p PartOf nginx.service
2026/01/01 01:20:02.781387 [INFO] Running command: systemctl restart nginx.service
2026/01/01 01:20:03.181755 [INFO] Running command: service iptables save
2026/01/01 01:20:03.281585 [INFO] iptables: Saving firewall rules to /etc/sysconfig/iptables: [  OK  ]

2026/01/01 01:20:03.281610 [INFO] Traffic forward set-up completed.
2026/01/01 01:20:03.281624 [INFO] Running command: docker wait  358feda85887
2026/01/01 01:20:40.685304 [INFO] 1

2026/01/01 01:20:41.167640 [INFO] Loading Manifest...
2026/01/01 01:20:41.174550 [INFO] Running command: /opt/aws/bin/cfn-get-metadata -s arn:aws:cloudformation:us-east-1:188701360622:stack/awseb-e-ibwb4kyapk-stack/25f4ff40-e6a9-11f0-a99f-0affd9bc13ff -r AWSEBAutoScalingGroup --region us-east-1
2026/01/01 01:20:41.492146 [INFO] Running command: /opt/aws/bin/cfn-get-metadata -s arn:aws:cloudformation:us-east-1:188701360622:stack/awseb-e-ibwb4kyapk-stack/25f4ff40-e6a9-11f0-a99f-0affd9bc13ff -r AWSEBBeanstalkMetadata --region us-east-1
2026/01/01 01:20:41.797385 [INFO] Checking if docker is running...
2026/01/01 01:20:41.797446 [INFO] Fetch current app container id...
2026/01/01 01:20:41.797468 [INFO] Running command: docker ps | grep 358feda85887
2026/01/01 01:20:41.812852 [INFO] Starting container 358feda85887
2026/01/01 01:20:41.812879 [INFO] Running command: docker start  358feda85887
2026/01/01 01:20:42.154323 [INFO] 358feda85887

2026/01/01 01:20:42.154427 [INFO] Clear existing beanstalk iptables rules...
2026/01/01 01:20:42.154450 [INFO] Running command: iptables-save | grep -v added_by_elasticbeanstalk | iptables-restore
2026/01/01 01:20:42.242684 [INFO] Getting container info...
2026/01/01 01:20:42.242717 [INFO] Running command: docker inspect 358feda85887
2026/01/01 01:20:42.276296 [INFO] Running command: ip route show default | awk '{print $5}'
2026/01/01 01:20:42.286653 [INFO] ens5

2026/01/01 01:20:42.286691 [INFO] Writing nginx upstream config...
2026/01/01 01:20:42.294068 [INFO] Running command: systemctl show -p PartOf nginx.service
2026/01/01 01:20:42.316882 [WARN] process nginx is already registered, skip registering again...
2026/01/01 01:20:42.316932 [INFO] Running command: systemctl show -p PartOf nginx.service
2026/01/01 01:20:42.337539 [INFO] Running command: systemctl restart nginx.service
2026/01/01 01:20:42.687838 [INFO] Running command: service iptables save
2026/01/01 01:20:42.788518 [INFO] iptables: Saving firewall rules to /etc/sysconfig/iptables: [  OK  ]

2026/01/01 01:20:42.788544 [INFO] Traffic forward set-up completed.
2026/01/01 01:20:42.788556 [INFO] Running command: docker wait  358feda85887
2026/01/01 01:21:20.144360 [INFO] 1

2026/01/01 01:21:20.438446 [INFO] Loading Manifest...
2026/01/01 01:21:20.444769 [INFO] Running command: /opt/aws/bin/cfn-get-metadata -s arn:aws:cloudformation:us-east-1:188701360622:stack/awseb-e-ibwb4kyapk-stack/25f4ff40-e6a9-11f0-a99f-0affd9bc13ff -r AWSEBAutoScalingGroup --region us-east-1
2026/01/01 01:21:20.770244 [INFO] Running command: /opt/aws/bin/cfn-get-metadata -s arn:aws:cloudformation:us-east-1:188701360622:stack/awseb-e-ibwb4kyapk-stack/25f4ff40-e6a9-11f0-a99f-0affd9bc13ff -r AWSEBBeanstalkMetadata --region us-east-1
2026/01/01 01:21:21.075973 [INFO] Checking if docker is running...
2026/01/01 01:21:21.076042 [INFO] Fetch current app container id...
2026/01/01 01:21:21.076070 [INFO] Running command: docker ps | grep 358feda85887
2026/01/01 01:21:21.092661 [INFO] Starting container 358feda85887
2026/01/01 01:21:21.092685 [INFO] Running command: docker start  358feda85887
2026/01/01 01:21:21.458470 [INFO] 358feda85887

2026/01/01 01:21:21.458582 [INFO] Clear existing beanstalk iptables rules...
2026/01/01 01:21:21.458597 [INFO] Running command: iptables-save | grep -v added_by_elasticbeanstalk | iptables-restore
2026/01/01 01:21:21.512793 [INFO] Getting container info...
2026/01/01 01:21:21.512827 [INFO] Running command: docker inspect 358feda85887
2026/01/01 01:21:21.554471 [INFO] Running command: ip route show default | awk '{print $5}'
2026/01/01 01:21:21.567114 [INFO] ens5

2026/01/01 01:21:21.567154 [INFO] Writing nginx upstream config...
2026/01/01 01:21:21.570719 [INFO] Running command: systemctl show -p PartOf nginx.service
2026/01/01 01:21:21.595500 [WARN] process nginx is already registered, skip registering again...
2026/01/01 01:21:21.595543 [INFO] Running command: systemctl show -p PartOf nginx.service
2026/01/01 01:21:21.612060 [INFO] Running command: systemctl restart nginx.service
2026/01/01 01:21:22.026829 [INFO] Running command: service iptables save
2026/01/01 01:21:22.111119 [INFO] iptables: Saving firewall rules to /etc/sysconfig/iptables: [  OK  ]

2026/01/01 01:21:22.111142 [INFO] Traffic forward set-up completed.
2026/01/01 01:21:22.111162 [INFO] Running command: docker wait  358feda85887
2026/01/01 01:21:59.469176 [INFO] 1

2026/01/01 01:21:59.924328 [INFO] Loading Manifest...
2026/01/01 01:21:59.945390 [INFO] Running command: /opt/aws/bin/cfn-get-metadata -s arn:aws:cloudformation:us-east-1:188701360622:stack/awseb-e-ibwb4kyapk-stack/25f4ff40-e6a9-11f0-a99f-0affd9bc13ff -r AWSEBAutoScalingGroup --region us-east-1
2026/01/01 01:22:00.339503 [INFO] Running command: /opt/aws/bin/cfn-get-metadata -s arn:aws:cloudformation:us-east-1:188701360622:stack/awseb-e-ibwb4kyapk-stack/25f4ff40-e6a9-11f0-a99f-0affd9bc13ff -r AWSEBBeanstalkMetadata --region us-east-1
2026/01/01 01:22:00.638256 [INFO] Checking if docker is running...
2026/01/01 01:22:00.638279 [INFO] Fetch current app container id...
2026/01/01 01:22:00.638301 [INFO] Running command: docker ps | grep 358feda85887
2026/01/01 01:22:00.653810 [INFO] Starting container 358feda85887
2026/01/01 01:22:00.653834 [INFO] Running command: docker start  358feda85887
2026/01/01 01:22:00.983744 [INFO] 358feda85887

2026/01/01 01:22:00.983824 [INFO] Clear existing beanstalk iptables rules...
2026/01/01 01:22:00.983834 [INFO] Running command: iptables-save | grep -v added_by_elasticbeanstalk | iptables-restore
2026/01/01 01:22:01.022837 [INFO] Getting container info...
2026/01/01 01:22:01.022886 [INFO] Running command: docker inspect 358feda85887
2026/01/01 01:22:01.067104 [INFO] Running command: ip route show default | awk '{print $5}'
2026/01/01 01:22:01.077408 [INFO] ens5

2026/01/01 01:22:01.077448 [INFO] Writing nginx upstream config...
2026/01/01 01:22:01.080014 [INFO] Running command: systemctl show -p PartOf nginx.service
2026/01/01 01:22:01.095159 [WARN] process nginx is already registered, skip registering again...
2026/01/01 01:22:01.095194 [INFO] Running command: systemctl show -p PartOf nginx.service
2026/01/01 01:22:01.109353 [INFO] Running command: systemctl restart nginx.service
2026/01/01 01:22:01.515513 [INFO] Running command: service iptables save
2026/01/01 01:22:01.622136 [INFO] iptables: Saving firewall rules to /etc/sysconfig/iptables: [  OK  ]

2026/01/01 01:22:01.622165 [INFO] Traffic forward set-up completed.
2026/01/01 01:22:01.622179 [INFO] Running command: docker wait  358feda85887
2026/01/01 01:22:39.179565 [INFO] 1

2026/01/01 01:22:39.668045 [INFO] Loading Manifest...
2026/01/01 01:22:39.673758 [INFO] Running command: /opt/aws/bin/cfn-get-metadata -s arn:aws:cloudformation:us-east-1:188701360622:stack/awseb-e-ibwb4kyapk-stack/25f4ff40-e6a9-11f0-a99f-0affd9bc13ff -r AWSEBAutoScalingGroup --region us-east-1
2026/01/01 01:22:39.995202 [INFO] Running command: /opt/aws/bin/cfn-get-metadata -s arn:aws:cloudformation:us-east-1:188701360622:stack/awseb-e-ibwb4kyapk-stack/25f4ff40-e6a9-11f0-a99f-0affd9bc13ff -r AWSEBBeanstalkMetadata --region us-east-1
2026/01/01 01:22:40.304977 [INFO] Checking if docker is running...
2026/01/01 01:22:40.305044 [INFO] Fetch current app container id...
2026/01/01 01:22:40.305076 [INFO] Running command: docker ps | grep 358feda85887
2026/01/01 01:22:40.321020 [INFO] Starting container 358feda85887
2026/01/01 01:22:40.321049 [INFO] Running command: docker start  358feda85887
2026/01/01 01:22:40.676204 [INFO] 358feda85887

2026/01/01 01:22:40.676309 [INFO] Clear existing beanstalk iptables rules...
2026/01/01 01:22:40.676324 [INFO] Running command: iptables-save | grep -v added_by_elasticbeanstalk | iptables-restore
2026/01/01 01:22:40.722769 [INFO] Getting container info...
2026/01/01 01:22:40.722805 [INFO] Running command: docker inspect 358feda85887
2026/01/01 01:22:40.758283 [INFO] Running command: ip route show default | awk '{print $5}'
2026/01/01 01:22:40.769752 [INFO] ens5

2026/01/01 01:22:40.769791 [INFO] Writing nginx upstream config...
2026/01/01 01:22:40.776154 [INFO] Running command: systemctl show -p PartOf nginx.service
2026/01/01 01:22:40.804326 [WARN] process nginx is already registered, skip registering again...
2026/01/01 01:22:40.804362 [INFO] Running command: systemctl show -p PartOf nginx.service
2026/01/01 01:22:40.842317 [INFO] Running command: systemctl restart nginx.service
2026/01/01 01:22:41.209381 [INFO] Running command: service iptables save
2026/01/01 01:22:41.274829 [INFO] iptables: Saving firewall rules to /etc/sysconfig/iptables: [  OK  ]

2026/01/01 01:22:41.274852 [INFO] Traffic forward set-up completed.
2026/01/01 01:22:41.274865 [INFO] Running command: docker wait  358feda85887
