
  .   ____          _            __ _ _
 /\\ / ___'_ __ _ _(_)_ __  __ _ \ \ \ \
( ( )\___ | '_ | '_| | '_ \/ _` | \ \ \ \
 \\/  ___)| |_)| | | | | || (_| |  ) ) ) )
  '  |____| .__|_| |_|_| |_\__, | / / / /
 =========|_|==============|___/=/_/_/_/

 :: Spring Boot ::                (v3.5.6)

2026-01-01T01:48:59.508Z  INFO 1 --- [Ecommerce-spring-api] [           main] c.e.E.EcommerceSpringApiApplication      : Starting EcommerceSpringApiApplication v1.0.0 using Java 21.0.9 with PID 1 (/app/app.jar started by root in /app)
2026-01-01T01:48:59.514Z  INFO 1 --- [Ecommerce-spring-api] [           main] c.e.E.EcommerceSpringApiApplication      : The following 1 profile is active: "prod"
2026-01-01T01:49:02.456Z  INFO 1 --- [Ecommerce-spring-api] [           main] .s.d.r.c.RepositoryConfigurationDelegate : Bootstrapping Spring Data JPA repositories in DEFAULT mode.
2026-01-01T01:49:02.618Z  INFO 1 --- [Ecommerce-spring-api] [           main] .s.d.r.c.RepositoryConfigurationDelegate : Finished Spring Data repository scanning in 137 ms. Found 7 JPA repository interfaces.
2026-01-01T01:49:04.836Z  INFO 1 --- [Ecommerce-spring-api] [           main] o.s.b.w.embedded.tomcat.TomcatWebServer  : Tomcat initialized with port 8080 (http)
2026-01-01T01:49:04.917Z  INFO 1 --- [Ecommerce-spring-api] [           main] o.apache.catalina.core.StandardService   : Starting service [Tomcat]
2026-01-01T01:49:04.918Z  INFO 1 --- [Ecommerce-spring-api] [           main] o.apache.catalina.core.StandardEngine    : Starting Servlet engine: [Apache Tomcat/10.1.46]
2026-01-01T01:49:05.035Z  INFO 1 --- [Ecommerce-spring-api] [           main] o.a.c.c.C.[Tomcat].[localhost].[/]       : Initializing Spring embedded WebApplicationContext
2026-01-01T01:49:05.037Z  INFO 1 --- [Ecommerce-spring-api] [           main] w.s.c.ServletWebServerApplicationContext : Root WebApplicationContext: initialization completed in 5392 ms
2026-01-01T01:49:06.720Z  INFO 1 --- [Ecommerce-spring-api] [           main] com.zaxxer.hikari.HikariDataSource       : HikariPool-1 - Starting...
2026-01-01T01:49:38.278Z  WARN 1 --- [Ecommerce-spring-api] [           main] ConfigServletWebServerApplicationContext : Exception encountered during context initialization - cancelling refresh attempt: org.springframework.beans.factory.BeanCreationException: Error creating bean with name 'entityManagerFactory' defined in class path resource [org/springframework/boot/autoconfigure/orm/jpa/HibernateJpaConfiguration.class]: Failed to initialize dependency 'flywayInitializer' of LoadTimeWeaverAware bean 'entityManagerFactory': Error creating bean with name 'flywayInitializer' defined in class path resource [org/springframework/boot/autoconfigure/flyway/FlywayAutoConfiguration$FlywayConfiguration.class]: Unable to obtain connection from database: Communications link failure

The last packet sent successfully to the server was 0 milliseconds ago. The driver has not received any packets from the server.
--------------------------------------------------------------------------------------------------------------------------------------------------------------------------------------------------------
SQL State  : 08S01
Error Code : 0
Message    : Communications link failure

The last packet sent successfully to the server was 0 milliseconds ago. The driver has not received any packets from the server.

2026-01-01T01:49:38.285Z  INFO 1 --- [Ecommerce-spring-api] [           main] o.apache.catalina.core.StandardService   : Stopping service [Tomcat]
2026-01-01T01:49:38.316Z  INFO 1 --- [Ecommerce-spring-api] [           main] .s.b.a.l.ConditionEvaluationReportLogger : 

Error starting ApplicationContext. To display the condition evaluation report re-run your application with 'debug' enabled.
2026-01-01T01:49:38.348Z ERROR 1 --- [Ecommerce-spring-api] [           main] o.s.boot.SpringApplication               : Application run failed

org.springframework.beans.factory.BeanCreationException: Error creating bean with name 'entityManagerFactory' defined in class path resource [org/springframework/boot/autoconfigure/orm/jpa/HibernateJpaConfiguration.class]: Failed to initialize dependency 'flywayInitializer' of LoadTimeWeaverAware bean 'entityManagerFactory': Error creating bean with name 'flywayInitializer' defined in class path resource [org/springframework/boot/autoconfigure/flyway/FlywayAutoConfiguration$FlywayConfiguration.class]: Unable to obtain connection from database: Communications link failure

The last packet sent successfully to the server was 0 milliseconds ago. The driver has not received any packets from the server.
--------------------------------------------------------------------------------------------------------------------------------------------------------------------------------------------------------
SQL State  : 08S01
Error Code : 0
Message    : Communications link failure

The last packet sent successfully to the server was 0 milliseconds ago. The driver has not received any packets from the server.

	at org.springframework.beans.factory.support.AbstractBeanFactory.doGetBean(AbstractBeanFactory.java:328) ~[spring-beans-6.2.11.jar!/:6.2.11]
	at org.springframework.beans.factory.support.AbstractBeanFactory.getBean(AbstractBeanFactory.java:207) ~[spring-beans-6.2.11.jar!/:6.2.11]
	at org.springframework.context.support.AbstractApplicationContext.finishBeanFactoryInitialization(AbstractApplicationContext.java:970) ~[spring-context-6.2.11.jar!/:6.2.11]
	at org.springframework.context.support.AbstractApplicationContext.refresh(AbstractApplicationContext.java:627) ~[spring-context-6.2.11.jar!/:6.2.11]
	at org.springframework.boot.web.servlet.context.ServletWebServerApplicationContext.refresh(ServletWebServerApplicationContext.java:146) ~[spring-boot-3.5.6.jar!/:3.5.6]
	at org.springframework.boot.SpringApplication.refresh(SpringApplication.java:752) ~[spring-boot-3.5.6.jar!/:3.5.6]
	at org.springframework.boot.SpringApplication.refreshContext(SpringApplication.java:439) ~[spring-boot-3.5.6.jar!/:3.5.6]
	at org.springframework.boot.SpringApplication.run(SpringApplication.java:318) ~[spring-boot-3.5.6.jar!/:3.5.6]
	at org.springframework.boot.SpringApplication.run(SpringApplication.java:1361) ~[spring-boot-3.5.6.jar!/:3.5.6]
	at org.springframework.boot.SpringApplication.run(SpringApplication.java:1350) ~[spring-boot-3.5.6.jar!/:3.5.6]
	at com.example.Ecommerce.EcommerceSpringApiApplication.main(EcommerceSpringApiApplication.java:10) ~[!/:1.0.0]
	at java.base/jdk.internal.reflect.DirectMethodHandleAccessor.invoke(Unknown Source) ~[na:na]
	at java.base/java.lang.reflect.Method.invoke(Unknown Source) ~[na:na]
	at org.springframework.boot.loader.launch.Launcher.launch(Launcher.java:102) ~[app.jar:1.0.0]
	at org.springframework.boot.loader.launch.Launcher.launch(Launcher.java:64) ~[app.jar:1.0.0]
	at org.springframework.boot.loader.launch.JarLauncher.main(JarLauncher.java:40) ~[app.jar:1.0.0]
Caused by: org.springframework.beans.factory.BeanCreationException: Error creating bean with name 'flywayInitializer' defined in class path resource [org/springframework/boot/autoconfigure/flyway/FlywayAutoConfiguration$FlywayConfiguration.class]: Unable to obtain connection from database: Communications link failure

The last packet sent successfully to the server was 0 milliseconds ago. The driver has not received any packets from the server.
--------------------------------------------------------------------------------------------------------------------------------------------------------------------------------------------------------
SQL State  : 08S01
Error Code : 0
Message    : Communications link failure

The last packet sent successfully to the server was 0 milliseconds ago. The driver has not received any packets from the server.

	at org.springframework.beans.factory.support.AbstractAutowireCapableBeanFactory.initializeBean(AbstractAutowireCapableBeanFactory.java:1826) ~[spring-beans-6.2.11.jar!/:6.2.11]
	at org.springframework.beans.factory.support.AbstractAutowireCapableBeanFactory.doCreateBean(AbstractAutowireCapableBeanFactory.java:607) ~[spring-beans-6.2.11.jar!/:6.2.11]
	at org.springframework.beans.factory.support.AbstractAutowireCapableBeanFactory.createBean(AbstractAutowireCapableBeanFactory.java:529) ~[spring-beans-6.2.11.jar!/:6.2.11]
	at org.springframework.beans.factory.support.AbstractBeanFactory.lambda$doGetBean$0(AbstractBeanFactory.java:339) ~[spring-beans-6.2.11.jar!/:6.2.11]
	at org.springframework.beans.factory.support.DefaultSingletonBeanRegistry.getSingleton(DefaultSingletonBeanRegistry.java:373) ~[spring-beans-6.2.11.jar!/:6.2.11]
	at org.springframework.beans.factory.support.AbstractBeanFactory.doGetBean(AbstractBeanFactory.java:337) ~[spring-beans-6.2.11.jar!/:6.2.11]
	at org.springframework.beans.factory.support.AbstractBeanFactory.getBean(AbstractBeanFactory.java:202) ~[spring-beans-6.2.11.jar!/:6.2.11]
	at org.springframework.beans.factory.support.AbstractBeanFactory.doGetBean(AbstractBeanFactory.java:315) ~[spring-beans-6.2.11.jar!/:6.2.11]
	... 15 common frames omitted
Caused by: org.flywaydb.core.internal.exception.FlywaySqlException: Unable to obtain connection from database: Communications link failure

The last packet sent successfully to the server was 0 milliseconds ago. The driver has not received any packets from the server.
--------------------------------------------------------------------------------------------------------------------------------------------------------------------------------------------------------
SQL State  : 08S01
Error Code : 0
Message    : Communications link failure

The last packet sent successfully to the server was 0 milliseconds ago. The driver has not received any packets from the server.

	at org.flywaydb.core.internal.jdbc.JdbcUtils.openConnection(JdbcUtils.java:71) ~[flyway-core-11.7.2.jar!/:na]
	at org.flywaydb.core.internal.jdbc.JdbcConnectionFactory.<init>(JdbcConnectionFactory.java:76) ~[flyway-core-11.7.2.jar!/:na]
	at org.flywaydb.core.FlywayExecutor.execute(FlywayExecutor.java:136) ~[flyway-core-11.7.2.jar!/:na]
	at org.flywaydb.core.Flyway.migrate(Flyway.java:188) ~[flyway-core-11.7.2.jar!/:na]
	at org.springframework.boot.autoconfigure.flyway.FlywayMigrationInitializer.afterPropertiesSet(FlywayMigrationInitializer.java:66) ~[spring-boot-autoconfigure-3.5.6.jar!/:3.5.6]
	at org.springframework.beans.factory.support.AbstractAutowireCapableBeanFactory.invokeInitMethods(AbstractAutowireCapableBeanFactory.java:1873) ~[spring-beans-6.2.11.jar!/:6.2.11]
	at org.springframework.beans.factory.support.AbstractAutowireCapableBeanFactory.initializeBean(AbstractAutowireCapableBeanFactory.java:1822) ~[spring-beans-6.2.11.jar!/:6.2.11]
	... 22 common frames omitted
Caused by: com.mysql.cj.jdbc.exceptions.CommunicationsException: Communications link failure

The last packet sent successfully to the server was 0 milliseconds ago. The driver has not received any packets from the server.
	at com.mysql.cj.jdbc.exceptions.SQLError.createCommunicationsException(SQLError.java:165) ~[mysql-connector-j-9.4.0.jar!/:9.4.0]
	at com.mysql.cj.jdbc.exceptions.SQLExceptionsMapping.translateException(SQLExceptionsMapping.java:55) ~[mysql-connector-j-9.4.0.jar!/:9.4.0]
	at com.mysql.cj.jdbc.ConnectionImpl.createNewIO(ConnectionImpl.java:839) ~[mysql-connector-j-9.4.0.jar!/:9.4.0]
	at com.mysql.cj.jdbc.ConnectionImpl.<init>(ConnectionImpl.java:415) ~[mysql-connector-j-9.4.0.jar!/:9.4.0]
	at com.mysql.cj.jdbc.ConnectionImpl.getInstance(ConnectionImpl.java:237) ~[mysql-connector-j-9.4.0.jar!/:9.4.0]
	at com.mysql.cj.jdbc.NonRegisteringDriver.connect(NonRegisteringDriver.java:180) ~[mysql-connector-j-9.4.0.jar!/:9.4.0]
	at com.zaxxer.hikari.util.DriverDataSource.getConnection(DriverDataSource.java:144) ~[HikariCP-6.3.3.jar!/:na]
	at com.zaxxer.hikari.pool.PoolBase.newConnection(PoolBase.java:370) ~[HikariCP-6.3.3.jar!/:na]
	at com.zaxxer.hikari.pool.PoolBase.newPoolEntry(PoolBase.java:207) ~[HikariCP-6.3.3.jar!/:na]
	at com.zaxxer.hikari.pool.HikariPool.createPoolEntry(HikariPool.java:488) ~[HikariCP-6.3.3.jar!/:na]
	at com.zaxxer.hikari.pool.HikariPool.checkFailFast(HikariPool.java:576) ~[HikariCP-6.3.3.jar!/:na]
	at com.zaxxer.hikari.pool.HikariPool.<init>(HikariPool.java:97) ~[HikariCP-6.3.3.jar!/:na]
	at com.zaxxer.hikari.HikariDataSource.getConnection(HikariDataSource.java:111) ~[HikariCP-6.3.3.jar!/:na]
	at org.flywaydb.core.internal.jdbc.JdbcUtils.openConnection(JdbcUtils.java:59) ~[flyway-core-11.7.2.jar!/:na]
	... 28 common frames omitted
Caused by: com.mysql.cj.exceptions.CJCommunicationsException: Communications link failure

The last packet sent successfully to the server was 0 milliseconds ago. The driver has not received any packets from the server.
	at java.base/jdk.internal.reflect.DirectConstructorHandleAccessor.newInstance(Unknown Source) ~[na:na]
	at java.base/java.lang.reflect.Constructor.newInstanceWithCaller(Unknown Source) ~[na:na]
	at java.base/java.lang.reflect.Constructor.newInstance(Unknown Source) ~[na:na]
	at com.mysql.cj.exceptions.ExceptionFactory.createException(ExceptionFactory.java:52) ~[mysql-connector-j-9.4.0.jar!/:9.4.0]
	at com.mysql.cj.exceptions.ExceptionFactory.createException(ExceptionFactory.java:95) ~[mysql-connector-j-9.4.0.jar!/:9.4.0]
	at com.mysql.cj.exceptions.ExceptionFactory.createException(ExceptionFactory.java:140) ~[mysql-connector-j-9.4.0.jar!/:9.4.0]
	at com.mysql.cj.exceptions.ExceptionFactory.createCommunicationsException(ExceptionFactory.java:156) ~[mysql-connector-j-9.4.0.jar!/:9.4.0]
	at com.mysql.cj.protocol.a.NativeSocketConnection.connect(NativeSocketConnection.java:79) ~[mysql-connector-j-9.4.0.jar!/:9.4.0]
	at com.mysql.cj.NativeSession.connect(NativeSession.java:142) ~[mysql-connector-j-9.4.0.jar!/:9.4.0]
	at com.mysql.cj.jdbc.ConnectionImpl.connectOneTryOnly(ConnectionImpl.java:963) ~[mysql-connector-j-9.4.0.jar!/:9.4.0]
	at com.mysql.cj.jdbc.ConnectionImpl.createNewIO(ConnectionImpl.java:827) ~[mysql-connector-j-9.4.0.jar!/:9.4.0]
	... 39 common frames omitted
Caused by: java.net.SocketTimeoutException: Connect timed out
	at java.base/sun.nio.ch.NioSocketImpl.timedFinishConnect(Unknown Source) ~[na:na]
	at java.base/sun.nio.ch.NioSocketImpl.connect(Unknown Source) ~[na:na]
	at java.base/java.net.SocksSocketImpl.connect(Unknown Source) ~[na:na]
	at java.base/java.net.Socket.connect(Unknown Source) ~[na:na]
	at com.mysql.cj.protocol.StandardSocketFactory.connect(StandardSocketFactory.java:144) ~[mysql-connector-j-9.4.0.jar!/:9.4.0]
	at com.mysql.cj.protocol.a.NativeSocketConnection.connect(NativeSocketConnection.java:53) ~[mysql-connector-j-9.4.0.jar!/:9.4.0]
	... 42 common frames omitted

2026-01-01T01:49:38.278Z  WARN 1 --- [Ecommerce-spring-api] [           main] ConfigServletWebServerApplicationContext : Exception encountered during context initialization - cancelling refresh attempt: org.springframework.beans.factory.BeanCreationException: Error creating bean with name 'entityManagerFactory' defined in class path resource [org/springframework/boot/autoconfigure/orm/jpa/HibernateJpaConfiguration.class]: Failed to initialize dependency 'flywayInitializer' of LoadTimeWeaverAware bean 'entityManagerFactory': Error creating bean with name 'flywayInitializer' defined in class path resource [org/springframework/boot/autoconfigure/flyway/FlywayAutoConfiguration$FlywayConfiguration.class]: Unable to obtain connection from database: Communications link failure

The last packet sent successfully to the server was 0 milliseconds ago. The driver has not received any packets from the server.
--------------------------------------------------------------------------------------------------------------------------------------------------------------------------------------------------------
SQL State  : 08S01
Error Code : 0
Message    : Communications link failure

The last packet sent successfully to the server was 0 milliseconds ago. The driver has not received any packets from the server.

2026-01-01T01:49:38.285Z  INFO 1 --- [Ecommerce-spring-api] [           main] o.apache.catalina.core.StandardService   : Stopping service [Tomcat]
2026-01-01T01:49:38.316Z  INFO 1 --- [Ecommerce-spring-api] [           main] .s.b.a.l.ConditionEvaluationReportLogger : 

Error starting ApplicationContext. To display the condition evaluation report re-run your application with 'debug' enabled.
2026-01-01T01:49:38.348Z ERROR 1 --- [Ecommerce-spring-api] [           main] o.s.boot.SpringApplication               : Application run failed

org.springframework.beans.factory.BeanCreationException: Error creating bean with name 'entityManagerFactory' defined in class path resource [org/springframework/boot/autoconfigure/orm/jpa/HibernateJpaConfiguration.class]: Failed to initialize dependency 'flywayInitializer' of LoadTimeWeaverAware bean 'entityManagerFactory': Error creating bean with name 'flywayInitializer' defined in class path resource [org/springframework/boot/autoconfigure/flyway/FlywayAutoConfiguration$FlywayConfiguration.class]: Unable to obtain connection from database: Communications link failure

The last packet sent successfully to the server was 0 milliseconds ago. The driver has not received any packets from the server.
--------------------------------------------------------------------------------------------------------------------------------------------------------------------------------------------------------
SQL State  : 08S01
Error Code : 0
Message    : Communications link failure

The last packet sent successfully to the server was 0 milliseconds ago. The driver has not received any packets from the server.

	at org.springframework.beans.factory.support.AbstractBeanFactory.doGetBean(AbstractBeanFactory.java:328) ~[spring-beans-6.2.11.jar!/:6.2.11]
	at org.springframework.beans.factory.support.AbstractBeanFactory.getBean(AbstractBeanFactory.java:207) ~[spring-beans-6.2.11.jar!/:6.2.11]
	at org.springframework.context.support.AbstractApplicationContext.finishBeanFactoryInitialization(AbstractApplicationContext.java:970) ~[spring-context-6.2.11.jar!/:6.2.11]
	at org.springframework.context.support.AbstractApplicationContext.refresh(AbstractApplicationContext.java:627) ~[spring-context-6.2.11.jar!/:6.2.11]
	at org.springframework.boot.web.servlet.context.ServletWebServerApplicationContext.refresh(ServletWebServerApplicationContext.java:146) ~[spring-boot-3.5.6.jar!/:3.5.6]
	at org.springframework.boot.SpringApplication.refresh(SpringApplication.java:752) ~[spring-boot-3.5.6.jar!/:3.5.6]
	at org.springframework.boot.SpringApplication.refreshContext(SpringApplication.java:439) ~[spring-boot-3.5.6.jar!/:3.5.6]
	at org.springframework.boot.SpringApplication.run(SpringApplication.java:318) ~[spring-boot-3.5.6.jar!/:3.5.6]
	at org.springframework.boot.SpringApplication.run(SpringApplication.java:1361) ~[spring-boot-3.5.6.jar!/:3.5.6]
	at org.springframework.boot.SpringApplication.run(SpringApplication.java:1350) ~[spring-boot-3.5.6.jar!/:3.5.6]
	at com.example.Ecommerce.EcommerceSpringApiApplication.main(EcommerceSpringApiApplication.java:10) ~[!/:1.0.0]
	at java.base/jdk.internal.reflect.DirectMethodHandleAccessor.invoke(Unknown Source) ~[na:na]
	at java.base/java.lang.reflect.Method.invoke(Unknown Source) ~[na:na]
	at org.springframework.boot.loader.launch.Launcher.launch(Launcher.java:102) ~[app.jar:1.0.0]
	at org.springframework.boot.loader.launch.Launcher.launch(Launcher.java:64) ~[app.jar:1.0.0]
	at org.springframework.boot.loader.launch.JarLauncher.main(JarLauncher.java:40) ~[app.jar:1.0.0]
Caused by: org.springframework.beans.factory.BeanCreationException: Error creating bean with name 'flywayInitializer' defined in class path resource [org/springframework/boot/autoconfigure/flyway/FlywayAutoConfiguration$FlywayConfiguration.class]: Unable to obtain connection from database: Communications link failure

The last packet sent successfully to the server was 0 milliseconds ago. The driver has not received any packets from the server.
--------------------------------------------------------------------------------------------------------------------------------------------------------------------------------------------------------
SQL State  : 08S01
Error Code : 0
Message    : Communications link failure

The last packet sent successfully to the server was 0 milliseconds ago. The driver has not received any packets from the server.

	at org.springframework.beans.factory.support.AbstractAutowireCapableBeanFactory.initializeBean(AbstractAutowireCapableBeanFactory.java:1826) ~[spring-beans-6.2.11.jar!/:6.2.11]
	at org.springframework.beans.factory.support.AbstractAutowireCapableBeanFactory.doCreateBean(AbstractAutowireCapableBeanFactory.java:607) ~[spring-beans-6.2.11.jar!/:6.2.11]
	at org.springframework.beans.factory.support.AbstractAutowireCapableBeanFactory.createBean(AbstractAutowireCapableBeanFactory.java:529) ~[spring-beans-6.2.11.jar!/:6.2.11]
	at org.springframework.beans.factory.support.AbstractBeanFactory.lambda$doGetBean$0(AbstractBeanFactory.java:339) ~[spring-beans-6.2.11.jar!/:6.2.11]
	at org.springframework.beans.factory.support.DefaultSingletonBeanRegistry.getSingleton(DefaultSingletonBeanRegistry.java:373) ~[spring-beans-6.2.11.jar!/:6.2.11]
	at org.springframework.beans.factory.support.AbstractBeanFactory.doGetBean(AbstractBeanFactory.java:337) ~[spring-beans-6.2.11.jar!/:6.2.11]
	at org.springframework.beans.factory.support.AbstractBeanFactory.getBean(AbstractBeanFactory.java:202) ~[spring-beans-6.2.11.jar!/:6.2.11]
	at org.springframework.beans.factory.support.AbstractBeanFactory.doGetBean(AbstractBeanFactory.java:315) ~[spring-beans-6.2.11.jar!/:6.2.11]
	... 15 common frames omitted
Caused by: org.flywaydb.core.internal.exception.FlywaySqlException: Unable to obtain connection from database: Communications link failure

The last packet sent successfully to the server was 0 milliseconds ago. The driver has not received any packets from the server.
--------------------------------------------------------------------------------------------------------------------------------------------------------------------------------------------------------
SQL State  : 08S01
Error Code : 0
Message    : Communications link failure

The last packet sent successfully to the server was 0 milliseconds ago. The driver has not received any packets from the server.

	at org.flywaydb.core.internal.jdbc.JdbcUtils.openConnection(JdbcUtils.java:71) ~[flyway-core-11.7.2.jar!/:na]
	at org.flywaydb.core.internal.jdbc.JdbcConnectionFactory.<init>(JdbcConnectionFactory.java:76) ~[flyway-core-11.7.2.jar!/:na]
	at org.flywaydb.core.FlywayExecutor.execute(FlywayExecutor.java:136) ~[flyway-core-11.7.2.jar!/:na]
	at org.flywaydb.core.Flyway.migrate(Flyway.java:188) ~[flyway-core-11.7.2.jar!/:na]
	at org.springframework.boot.autoconfigure.flyway.FlywayMigrationInitializer.afterPropertiesSet(FlywayMigrationInitializer.java:66) ~[spring-boot-autoconfigure-3.5.6.jar!/:3.5.6]
	at org.springframework.beans.factory.support.AbstractAutowireCapableBeanFactory.invokeInitMethods(AbstractAutowireCapableBeanFactory.java:1873) ~[spring-beans-6.2.11.jar!/:6.2.11]
	at org.springframework.beans.factory.support.AbstractAutowireCapableBeanFactory.initializeBean(AbstractAutowireCapableBeanFactory.java:1822) ~[spring-beans-6.2.11.jar!/:6.2.11]
	... 22 common frames omitted
Caused by: com.mysql.cj.jdbc.exceptions.CommunicationsException: Communications link failure

The last packet sent successfully to the server was 0 milliseconds ago. The driver has not received any packets from the server.
	at com.mysql.cj.jdbc.exceptions.SQLError.createCommunicationsException(SQLError.java:165) ~[mysql-connector-j-9.4.0.jar!/:9.4.0]
	at com.mysql.cj.jdbc.exceptions.SQLExceptionsMapping.translateException(SQLExceptionsMapping.java:55) ~[mysql-connector-j-9.4.0.jar!/:9.4.0]
	at com.mysql.cj.jdbc.ConnectionImpl.createNewIO(ConnectionImpl.java:839) ~[mysql-connector-j-9.4.0.jar!/:9.4.0]
	at com.mysql.cj.jdbc.ConnectionImpl.<init>(ConnectionImpl.java:415) ~[mysql-connector-j-9.4.0.jar!/:9.4.0]
	at com.mysql.cj.jdbc.ConnectionImpl.getInstance(ConnectionImpl.java:237) ~[mysql-connector-j-9.4.0.jar!/:9.4.0]
	at com.mysql.cj.jdbc.NonRegisteringDriver.connect(NonRegisteringDriver.java:180) ~[mysql-connector-j-9.4.0.jar!/:9.4.0]
	at com.zaxxer.hikari.util.DriverDataSource.getConnection(DriverDataSource.java:144) ~[HikariCP-6.3.3.jar!/:na]
	at com.zaxxer.hikari.pool.PoolBase.newConnection(PoolBase.java:370) ~[HikariCP-6.3.3.jar!/:na]
	at com.zaxxer.hikari.pool.PoolBase.newPoolEntry(PoolBase.java:207) ~[HikariCP-6.3.3.jar!/:na]
	at com.zaxxer.hikari.pool.HikariPool.createPoolEntry(HikariPool.java:488) ~[HikariCP-6.3.3.jar!/:na]
	at com.zaxxer.hikari.pool.HikariPool.checkFailFast(HikariPool.java:576) ~[HikariCP-6.3.3.jar!/:na]
	at com.zaxxer.hikari.pool.HikariPool.<init>(HikariPool.java:97) ~[HikariCP-6.3.3.jar!/:na]
	at com.zaxxer.hikari.HikariDataSource.getConnection(HikariDataSource.java:111) ~[HikariCP-6.3.3.jar!/:na]
	at org.flywaydb.core.internal.jdbc.JdbcUtils.openConnection(JdbcUtils.java:59) ~[flyway-core-11.7.2.jar!/:na]
	... 28 common frames omitted
Caused by: com.mysql.cj.exceptions.CJCommunicationsException: Communications link failure

The last packet sent successfully to the server was 0 milliseconds ago. The driver has not received any packets from the server.
	at java.base/jdk.internal.reflect.DirectConstructorHandleAccessor.newInstance(Unknown Source) ~[na:na]
	at java.base/java.lang.reflect.Constructor.newInstanceWithCaller(Unknown Source) ~[na:na]
	at java.base/java.lang.reflect.Constructor.newInstance(Unknown Source) ~[na:na]
	at com.mysql.cj.exceptions.ExceptionFactory.createException(ExceptionFactory.java:52) ~[mysql-connector-j-9.4.0.jar!/:9.4.0]
	at com.mysql.cj.exceptions.ExceptionFactory.createException(ExceptionFactory.java:95) ~[mysql-connector-j-9.4.0.jar!/:9.4.0]
	at com.mysql.cj.exceptions.ExceptionFactory.createException(ExceptionFactory.java:140) ~[mysql-connector-j-9.4.0.jar!/:9.4.0]
	at com.mysql.cj.exceptions.ExceptionFactory.createCommunicationsException(ExceptionFactory.java:156) ~[mysql-connector-j-9.4.0.jar!/:9.4.0]
	at com.mysql.cj.protocol.a.NativeSocketConnection.connect(NativeSocketConnection.java:79) ~[mysql-connector-j-9.4.0.jar!/:9.4.0]
	at com.mysql.cj.NativeSession.connect(NativeSession.java:142) ~[mysql-connector-j-9.4.0.jar!/:9.4.0]
	at com.mysql.cj.jdbc.ConnectionImpl.connectOneTryOnly(ConnectionImpl.java:963) ~[mysql-connector-j-9.4.0.jar!/:9.4.0]
	at com.mysql.cj.jdbc.ConnectionImpl.createNewIO(ConnectionImpl.java:827) ~[mysql-connector-j-9.4.0.jar!/:9.4.0]
	... 39 common frames omitted
Caused by: java.net.SocketTimeoutException: Connect timed out
	at java.base/sun.nio.ch.NioSocketImpl.timedFinishConnect(Unknown Source) ~[na:na]
	at java.base/sun.nio.ch.NioSocketImpl.connect(Unknown Source) ~[na:na]
	at java.base/java.net.SocksSocketImpl.connect(Unknown Source) ~[na:na]
	at java.base/java.net.Socket.connect(Unknown Source) ~[na:na]
	at com.mysql.cj.protocol.StandardSocketFactory.connect(StandardSocketFactory.java:144) ~[mysql-connector-j-9.4.0.jar!/:9.4.0]
	at com.mysql.cj.protocol.a.NativeSocketConnection.connect(NativeSocketConnection.java:53) ~[mysql-connector-j-9.4.0.jar!/:9.4.0]
	... 42 common frames omitted


  .   ____          _            __ _ _
 /\\ / ___'_ __ _ _(_)_ __  __ _ \ \ \ \
( ( )\___ | '_ | '_| | '_ \/ _` | \ \ \ \
 \\/  ___)| |_)| | | | | || (_| |  ) ) ) )
  '  |____| .__|_| |_|_| |_\__, | / / / /
 =========|_|==============|___/=/_/_/_/

 :: Spring Boot ::                (v3.5.6)

2026-01-01T01:49:42.691Z  INFO 1 --- [Ecommerce-spring-api] [           main] c.e.E.EcommerceSpringApiApplication      : Starting EcommerceSpringApiApplication v1.0.0 using Java 21.0.9 with PID 1 (/app/app.jar started by root in /app)
2026-01-01T01:49:42.710Z  INFO 1 --- [Ecommerce-spring-api] [           main] c.e.E.EcommerceSpringApiApplication      : The following 1 profile is active: "prod"
2026-01-01T01:49:45.272Z  INFO 1 --- [Ecommerce-spring-api] [           main] .s.d.r.c.RepositoryConfigurationDelegate : Bootstrapping Spring Data JPA repositories in DEFAULT mode.
2026-01-01T01:49:45.420Z  INFO 1 --- [Ecommerce-spring-api] [           main] .s.d.r.c.RepositoryConfigurationDelegate : Finished Spring Data repository scanning in 130 ms. Found 7 JPA repository interfaces.
2026-01-01T01:49:46.654Z  INFO 1 --- [Ecommerce-spring-api] [           main] o.s.b.w.embedded.tomcat.TomcatWebServer  : Tomcat initialized with port 8080 (http)
2026-01-01T01:49:46.680Z  INFO 1 --- [Ecommerce-spring-api] [           main] o.apache.catalina.core.StandardService   : Starting service [Tomcat]
2026-01-01T01:49:46.681Z  INFO 1 --- [Ecommerce-spring-api] [           main] o.apache.catalina.core.StandardEngine    : Starting Servlet engine: [Apache Tomcat/10.1.46]
2026-01-01T01:49:46.750Z  INFO 1 --- [Ecommerce-spring-api] [           main] o.a.c.c.C.[Tomcat].[localhost].[/]       : Initializing Spring embedded WebApplicationContext
2026-01-01T01:49:46.752Z  INFO 1 --- [Ecommerce-spring-api] [           main] w.s.c.ServletWebServerApplicationContext : Root WebApplicationContext: initialization completed in 3917 ms
2026-01-01T01:49:47.337Z  INFO 1 --- [Ecommerce-spring-api] [           main] com.zaxxer.hikari.HikariDataSource       : HikariPool-1 - Starting...
2026-01-01T01:50:18.571Z  WARN 1 --- [Ecommerce-spring-api] [           main] ConfigServletWebServerApplicationContext : Exception encountered during context initialization - cancelling refresh attempt: org.springframework.beans.factory.BeanCreationException: Error creating bean with name 'entityManagerFactory' defined in class path resource [org/springframework/boot/autoconfigure/orm/jpa/HibernateJpaConfiguration.class]: Failed to initialize dependency 'flywayInitializer' of LoadTimeWeaverAware bean 'entityManagerFactory': Error creating bean with name 'flywayInitializer' defined in class path resource [org/springframework/boot/autoconfigure/flyway/FlywayAutoConfiguration$FlywayConfiguration.class]: Unable to obtain connection from database: Communications link failure

The last packet sent successfully to the server was 0 milliseconds ago. The driver has not received any packets from the server.
--------------------------------------------------------------------------------------------------------------------------------------------------------------------------------------------------------
SQL State  : 08S01
Error Code : 0
Message    : Communications link failure

The last packet sent successfully to the server was 0 milliseconds ago. The driver has not received any packets from the server.

2026-01-01T01:50:18.575Z  INFO 1 --- [Ecommerce-spring-api] [           main] o.apache.catalina.core.StandardService   : Stopping service [Tomcat]
2026-01-01T01:50:18.600Z  INFO 1 --- [Ecommerce-spring-api] [           main] .s.b.a.l.ConditionEvaluationReportLogger : 

Error starting ApplicationContext. To display the condition evaluation report re-run your application with 'debug' enabled.
2026-01-01T01:50:18.629Z ERROR 1 --- [Ecommerce-spring-api] [           main] o.s.boot.SpringApplication               : Application run failed

org.springframework.beans.factory.BeanCreationException: Error creating bean with name 'entityManagerFactory' defined in class path resource [org/springframework/boot/autoconfigure/orm/jpa/HibernateJpaConfiguration.class]: Failed to initialize dependency 'flywayInitializer' of LoadTimeWeaverAware bean 'entityManagerFactory': Error creating bean with name 'flywayInitializer' defined in class path resource [org/springframework/boot/autoconfigure/flyway/FlywayAutoConfiguration$FlywayConfiguration.class]: Unable to obtain connection from database: Communications link failure

The last packet sent successfully to the server was 0 milliseconds ago. The driver has not received any packets from the server.
--------------------------------------------------------------------------------------------------------------------------------------------------------------------------------------------------------
SQL State  : 08S01
Error Code : 0
Message    : Communications link failure

The last packet sent successfully to the server was 0 milliseconds ago. The driver has not received any packets from the server.

	at org.springframework.beans.factory.support.AbstractBeanFactory.doGetBean(AbstractBeanFactory.java:328) ~[spring-beans-6.2.11.jar!/:6.2.11]
	at org.springframework.beans.factory.support.AbstractBeanFactory.getBean(AbstractBeanFactory.java:207) ~[spring-beans-6.2.11.jar!/:6.2.11]
	at org.springframework.context.support.AbstractApplicationContext.finishBeanFactoryInitialization(AbstractApplicationContext.java:970) ~[spring-context-6.2.11.jar!/:6.2.11]
	at org.springframework.context.support.AbstractApplicationContext.refresh(AbstractApplicationContext.java:627) ~[spring-context-6.2.11.jar!/:6.2.11]
	at org.springframework.boot.web.servlet.context.ServletWebServerApplicationContext.refresh(ServletWebServerApplicationContext.java:146) ~[spring-boot-3.5.6.jar!/:3.5.6]
	at org.springframework.boot.SpringApplication.refresh(SpringApplication.java:752) ~[spring-boot-3.5.6.jar!/:3.5.6]
	at org.springframework.boot.SpringApplication.refreshContext(SpringApplication.java:439) ~[spring-boot-3.5.6.jar!/:3.5.6]
	at org.springframework.boot.SpringApplication.run(SpringApplication.java:318) ~[spring-boot-3.5.6.jar!/:3.5.6]
	at org.springframework.boot.SpringApplication.run(SpringApplication.java:1361) ~[spring-boot-3.5.6.jar!/:3.5.6]
	at org.springframework.boot.SpringApplication.run(SpringApplication.java:1350) ~[spring-boot-3.5.6.jar!/:3.5.6]
	at com.example.Ecommerce.EcommerceSpringApiApplication.main(EcommerceSpringApiApplication.java:10) ~[!/:1.0.0]
	at java.base/jdk.internal.reflect.DirectMethodHandleAccessor.invoke(Unknown Source) ~[na:na]
	at java.base/java.lang.reflect.Method.invoke(Unknown Source) ~[na:na]
	at org.springframework.boot.loader.launch.Launcher.launch(Launcher.java:102) ~[app.jar:1.0.0]
	at org.springframework.boot.loader.launch.Launcher.launch(Launcher.java:64) ~[app.jar:1.0.0]
	at org.springframework.boot.loader.launch.JarLauncher.main(JarLauncher.java:40) ~[app.jar:1.0.0]
Caused by: org.springframework.beans.factory.BeanCreationException: Error creating bean with name 'flywayInitializer' defined in class path resource [org/springframework/boot/autoconfigure/flyway/FlywayAutoConfiguration$FlywayConfiguration.class]: Unable to obtain connection from database: Communications link failure

The last packet sent successfully to the server was 0 milliseconds ago. The driver has not received any packets from the server.
--------------------------------------------------------------------------------------------------------------------------------------------------------------------------------------------------------
SQL State  : 08S01
Error Code : 0
Message    : Communications link failure

The last packet sent successfully to the server was 0 milliseconds ago. The driver has not received any packets from the server.

	at org.springframework.beans.factory.support.AbstractAutowireCapableBeanFactory.initializeBean(AbstractAutowireCapableBeanFactory.java:1826) ~[spring-beans-6.2.11.jar!/:6.2.11]
	at org.springframework.beans.factory.support.AbstractAutowireCapableBeanFactory.doCreateBean(AbstractAutowireCapableBeanFactory.java:607) ~[spring-beans-6.2.11.jar!/:6.2.11]
	at org.springframework.beans.factory.support.AbstractAutowireCapableBeanFactory.createBean(AbstractAutowireCapableBeanFactory.java:529) ~[spring-beans-6.2.11.jar!/:6.2.11]
	at org.springframework.beans.factory.support.AbstractBeanFactory.lambda$doGetBean$0(AbstractBeanFactory.java:339) ~[spring-beans-6.2.11.jar!/:6.2.11]
	at org.springframework.beans.factory.support.DefaultSingletonBeanRegistry.getSingleton(DefaultSingletonBeanRegistry.java:373) ~[spring-beans-6.2.11.jar!/:6.2.11]
	at org.springframework.beans.factory.support.AbstractBeanFactory.doGetBean(AbstractBeanFactory.java:337) ~[spring-beans-6.2.11.jar!/:6.2.11]
	at org.springframework.beans.factory.support.AbstractBeanFactory.getBean(AbstractBeanFactory.java:202) ~[spring-beans-6.2.11.jar!/:6.2.11]
	at org.springframework.beans.factory.support.AbstractBeanFactory.doGetBean(AbstractBeanFactory.java:315) ~[spring-beans-6.2.11.jar!/:6.2.11]
	... 15 common frames omitted
Caused by: org.flywaydb.core.internal.exception.FlywaySqlException: Unable to obtain connection from database: Communications link failure

The last packet sent successfully to the server was 0 milliseconds ago. The driver has not received any packets from the server.
--------------------------------------------------------------------------------------------------------------------------------------------------------------------------------------------------------
SQL State  : 08S01
Error Code : 0
Message    : Communications link failure

The last packet sent successfully to the server was 0 milliseconds ago. The driver has not received any packets from the server.

	at org.flywaydb.core.internal.jdbc.JdbcUtils.openConnection(JdbcUtils.java:71) ~[flyway-core-11.7.2.jar!/:na]
	at org.flywaydb.core.internal.jdbc.JdbcConnectionFactory.<init>(JdbcConnectionFactory.java:76) ~[flyway-core-11.7.2.jar!/:na]
	at org.flywaydb.core.FlywayExecutor.execute(FlywayExecutor.java:136) ~[flyway-core-11.7.2.jar!/:na]
	at org.flywaydb.core.Flyway.migrate(Flyway.java:188) ~[flyway-core-11.7.2.jar!/:na]
	at org.springframework.boot.autoconfigure.flyway.FlywayMigrationInitializer.afterPropertiesSet(FlywayMigrationInitializer.java:66) ~[spring-boot-autoconfigure-3.5.6.jar!/:3.5.6]
	at org.springframework.beans.factory.support.AbstractAutowireCapableBeanFactory.invokeInitMethods(AbstractAutowireCapableBeanFactory.java:1873) ~[spring-beans-6.2.11.jar!/:6.2.11]
	at org.springframework.beans.factory.support.AbstractAutowireCapableBeanFactory.initializeBean(AbstractAutowireCapableBeanFactory.java:1822) ~[spring-beans-6.2.11.jar!/:6.2.11]
	... 22 common frames omitted
Caused by: com.mysql.cj.jdbc.exceptions.CommunicationsException: Communications link failure

The last packet sent successfully to the server was 0 milliseconds ago. The driver has not received any packets from the server.
	at com.mysql.cj.jdbc.exceptions.SQLError.createCommunicationsException(SQLError.java:165) ~[mysql-connector-j-9.4.0.jar!/:9.4.0]
	at com.mysql.cj.jdbc.exceptions.SQLExceptionsMapping.translateException(SQLExceptionsMapping.java:55) ~[mysql-connector-j-9.4.0.jar!/:9.4.0]
	at com.mysql.cj.jdbc.ConnectionImpl.createNewIO(ConnectionImpl.java:839) ~[mysql-connector-j-9.4.0.jar!/:9.4.0]
	at com.mysql.cj.jdbc.ConnectionImpl.<init>(ConnectionImpl.java:415) ~[mysql-connector-j-9.4.0.jar!/:9.4.0]
	at com.mysql.cj.jdbc.ConnectionImpl.getInstance(ConnectionImpl.java:237) ~[mysql-connector-j-9.4.0.jar!/:9.4.0]
	at com.mysql.cj.jdbc.NonRegisteringDriver.connect(NonRegisteringDriver.java:180) ~[mysql-connector-j-9.4.0.jar!/:9.4.0]
	at com.zaxxer.hikari.util.DriverDataSource.getConnection(DriverDataSource.java:144) ~[HikariCP-6.3.3.jar!/:na]
	at com.zaxxer.hikari.pool.PoolBase.newConnection(PoolBase.java:370) ~[HikariCP-6.3.3.jar!/:na]
	at com.zaxxer.hikari.pool.PoolBase.newPoolEntry(PoolBase.java:207) ~[HikariCP-6.3.3.jar!/:na]
	at com.zaxxer.hikari.pool.HikariPool.createPoolEntry(HikariPool.java:488) ~[HikariCP-6.3.3.jar!/:na]
	at com.zaxxer.hikari.pool.HikariPool.checkFailFast(HikariPool.java:576) ~[HikariCP-6.3.3.jar!/:na]
	at com.zaxxer.hikari.pool.HikariPool.<init>(HikariPool.java:97) ~[HikariCP-6.3.3.jar!/:na]
	at com.zaxxer.hikari.HikariDataSource.getConnection(HikariDataSource.java:111) ~[HikariCP-6.3.3.jar!/:na]
	at org.flywaydb.core.internal.jdbc.JdbcUtils.openConnection(JdbcUtils.java:59) ~[flyway-core-11.7.2.jar!/:na]
	... 28 common frames omitted
Caused by: com.mysql.cj.exceptions.CJCommunicationsException: Communications link failure

The last packet sent successfully to the server was 0 milliseconds ago. The driver has not received any packets from the server.
	at java.base/jdk.internal.reflect.DirectConstructorHandleAccessor.newInstance(Unknown Source) ~[na:na]
	at java.base/java.lang.reflect.Constructor.newInstanceWithCaller(Unknown Source) ~[na:na]
	at java.base/java.lang.reflect.Constructor.newInstance(Unknown Source) ~[na:na]
	at com.mysql.cj.exceptions.ExceptionFactory.createException(ExceptionFactory.java:52) ~[mysql-connector-j-9.4.0.jar!/:9.4.0]
	at com.mysql.cj.exceptions.ExceptionFactory.createException(ExceptionFactory.java:95) ~[mysql-connector-j-9.4.0.jar!/:9.4.0]
	at com.mysql.cj.exceptions.ExceptionFactory.createException(ExceptionFactory.java:140) ~[mysql-connector-j-9.4.0.jar!/:9.4.0]
	at com.mysql.cj.exceptions.ExceptionFactory.createCommunicationsException(ExceptionFactory.java:156) ~[mysql-connector-j-9.4.0.jar!/:9.4.0]
	at com.mysql.cj.protocol.a.NativeSocketConnection.connect(NativeSocketConnection.java:79) ~[mysql-connector-j-9.4.0.jar!/:9.4.0]
	at com.mysql.cj.NativeSession.connect(NativeSession.java:142) ~[mysql-connector-j-9.4.0.jar!/:9.4.0]
	at com.mysql.cj.jdbc.ConnectionImpl.connectOneTryOnly(ConnectionImpl.java:963) ~[mysql-connector-j-9.4.0.jar!/:9.4.0]
	at com.mysql.cj.jdbc.ConnectionImpl.createNewIO(ConnectionImpl.java:827) ~[mysql-connector-j-9.4.0.jar!/:9.4.0]
	... 39 common frames omitted
Caused by: java.net.SocketTimeoutException: Connect timed out
	at java.base/sun.nio.ch.NioSocketImpl.timedFinishConnect(Unknown Source) ~[na:na]
	at java.base/sun.nio.ch.NioSocketImpl.connect(Unknown Source) ~[na:na]
	at java.base/java.net.SocksSocketImpl.connect(Unknown Source) ~[na:na]
	at java.base/java.net.Socket.connect(Unknown Source) ~[na:na]
	at com.mysql.cj.protocol.StandardSocketFactory.connect(StandardSocketFactory.java:144) ~[mysql-connector-j-9.4.0.jar!/:9.4.0]
	at com.mysql.cj.protocol.a.NativeSocketConnection.connect(NativeSocketConnection.java:53) ~[mysql-connector-j-9.4.0.jar!/:9.4.0]
	... 42 common frames omitted

2026-01-01T01:50:18.571Z  WARN 1 --- [Ecommerce-spring-api] [           main] ConfigServletWebServerApplicationContext : Exception encountered during context initialization - cancelling refresh attempt: org.springframework.beans.factory.BeanCreationException: Error creating bean with name 'entityManagerFactory' defined in class path resource [org/springframework/boot/autoconfigure/orm/jpa/HibernateJpaConfiguration.class]: Failed to initialize dependency 'flywayInitializer' of LoadTimeWeaverAware bean 'entityManagerFactory': Error creating bean with name 'flywayInitializer' defined in class path resource [org/springframework/boot/autoconfigure/flyway/FlywayAutoConfiguration$FlywayConfiguration.class]: Unable to obtain connection from database: Communications link failure

The last packet sent successfully to the server was 0 milliseconds ago. The driver has not received any packets from the server.
--------------------------------------------------------------------------------------------------------------------------------------------------------------------------------------------------------
SQL State  : 08S01
Error Code : 0
Message    : Communications link failure

The last packet sent successfully to the server was 0 milliseconds ago. The driver has not received any packets from the server.

2026-01-01T01:50:18.575Z  INFO 1 --- [Ecommerce-spring-api] [           main] o.apache.catalina.core.StandardService   : Stopping service [Tomcat]
2026-01-01T01:50:18.600Z  INFO 1 --- [Ecommerce-spring-api] [           main] .s.b.a.l.ConditionEvaluationReportLogger : 

Error starting ApplicationContext. To display the condition evaluation report re-run your application with 'debug' enabled.
2026-01-01T01:50:18.629Z ERROR 1 --- [Ecommerce-spring-api] [           main] o.s.boot.SpringApplication               : Application run failed

org.springframework.beans.factory.BeanCreationException: Error creating bean with name 'entityManagerFactory' defined in class path resource [org/springframework/boot/autoconfigure/orm/jpa/HibernateJpaConfiguration.class]: Failed to initialize dependency 'flywayInitializer' of LoadTimeWeaverAware bean 'entityManagerFactory': Error creating bean with name 'flywayInitializer' defined in class path resource [org/springframework/boot/autoconfigure/flyway/FlywayAutoConfiguration$FlywayConfiguration.class]: Unable to obtain connection from database: Communications link failure

The last packet sent successfully to the server was 0 milliseconds ago. The driver has not received any packets from the server.
--------------------------------------------------------------------------------------------------------------------------------------------------------------------------------------------------------
SQL State  : 08S01
Error Code : 0
Message    : Communications link failure

The last packet sent successfully to the server was 0 milliseconds ago. The driver has not received any packets from the server.

	at org.springframework.beans.factory.support.AbstractBeanFactory.doGetBean(AbstractBeanFactory.java:328) ~[spring-beans-6.2.11.jar!/:6.2.11]
	at org.springframework.beans.factory.support.AbstractBeanFactory.getBean(AbstractBeanFactory.java:207) ~[spring-beans-6.2.11.jar!/:6.2.11]
	at org.springframework.context.support.AbstractApplicationContext.finishBeanFactoryInitialization(AbstractApplicationContext.java:970) ~[spring-context-6.2.11.jar!/:6.2.11]
	at org.springframework.context.support.AbstractApplicationContext.refresh(AbstractApplicationContext.java:627) ~[spring-context-6.2.11.jar!/:6.2.11]
	at org.springframework.boot.web.servlet.context.ServletWebServerApplicationContext.refresh(ServletWebServerApplicationContext.java:146) ~[spring-boot-3.5.6.jar!/:3.5.6]
	at org.springframework.boot.SpringApplication.refresh(SpringApplication.java:752) ~[spring-boot-3.5.6.jar!/:3.5.6]
	at org.springframework.boot.SpringApplication.refreshContext(SpringApplication.java:439) ~[spring-boot-3.5.6.jar!/:3.5.6]
	at org.springframework.boot.SpringApplication.run(SpringApplication.java:318) ~[spring-boot-3.5.6.jar!/:3.5.6]
	at org.springframework.boot.SpringApplication.run(SpringApplication.java:1361) ~[spring-boot-3.5.6.jar!/:3.5.6]
	at org.springframework.boot.SpringApplication.run(SpringApplication.java:1350) ~[spring-boot-3.5.6.jar!/:3.5.6]
	at com.example.Ecommerce.EcommerceSpringApiApplication.main(EcommerceSpringApiApplication.java:10) ~[!/:1.0.0]
	at java.base/jdk.internal.reflect.DirectMethodHandleAccessor.invoke(Unknown Source) ~[na:na]
	at java.base/java.lang.reflect.Method.invoke(Unknown Source) ~[na:na]
	at org.springframework.boot.loader.launch.Launcher.launch(Launcher.java:102) ~[app.jar:1.0.0]
	at org.springframework.boot.loader.launch.Launcher.launch(Launcher.java:64) ~[app.jar:1.0.0]
	at org.springframework.boot.loader.launch.JarLauncher.main(JarLauncher.java:40) ~[app.jar:1.0.0]
Caused by: org.springframework.beans.factory.BeanCreationException: Error creating bean with name 'flywayInitializer' defined in class path resource [org/springframework/boot/autoconfigure/flyway/FlywayAutoConfiguration$FlywayConfiguration.class]: Unable to obtain connection from database: Communications link failure

The last packet sent successfully to the server was 0 milliseconds ago. The driver has not received any packets from the server.
--------------------------------------------------------------------------------------------------------------------------------------------------------------------------------------------------------
SQL State  : 08S01
Error Code : 0
Message    : Communications link failure

The last packet sent successfully to the server was 0 milliseconds ago. The driver has not received any packets from the server.

	at org.springframework.beans.factory.support.AbstractAutowireCapableBeanFactory.initializeBean(AbstractAutowireCapableBeanFactory.java:1826) ~[spring-beans-6.2.11.jar!/:6.2.11]
	at org.springframework.beans.factory.support.AbstractAutowireCapableBeanFactory.doCreateBean(AbstractAutowireCapableBeanFactory.java:607) ~[spring-beans-6.2.11.jar!/:6.2.11]
	at org.springframework.beans.factory.support.AbstractAutowireCapableBeanFactory.createBean(AbstractAutowireCapableBeanFactory.java:529) ~[spring-beans-6.2.11.jar!/:6.2.11]
	at org.springframework.beans.factory.support.AbstractBeanFactory.lambda$doGetBean$0(AbstractBeanFactory.java:339) ~[spring-beans-6.2.11.jar!/:6.2.11]
	at org.springframework.beans.factory.support.DefaultSingletonBeanRegistry.getSingleton(DefaultSingletonBeanRegistry.java:373) ~[spring-beans-6.2.11.jar!/:6.2.11]
	at org.springframework.beans.factory.support.AbstractBeanFactory.doGetBean(AbstractBeanFactory.java:337) ~[spring-beans-6.2.11.jar!/:6.2.11]
	at org.springframework.beans.factory.support.AbstractBeanFactory.getBean(AbstractBeanFactory.java:202) ~[spring-beans-6.2.11.jar!/:6.2.11]
	at org.springframework.beans.factory.support.AbstractBeanFactory.doGetBean(AbstractBeanFactory.java:315) ~[spring-beans-6.2.11.jar!/:6.2.11]
	... 15 common frames omitted
Caused by: org.flywaydb.core.internal.exception.FlywaySqlException: Unable to obtain connection from database: Communications link failure

The last packet sent successfully to the server was 0 milliseconds ago. The driver has not received any packets from the server.
--------------------------------------------------------------------------------------------------------------------------------------------------------------------------------------------------------
SQL State  : 08S01
Error Code : 0
Message    : Communications link failure

The last packet sent successfully to the server was 0 milliseconds ago. The driver has not received any packets from the server.

	at org.flywaydb.core.internal.jdbc.JdbcUtils.openConnection(JdbcUtils.java:71) ~[flyway-core-11.7.2.jar!/:na]
	at org.flywaydb.core.internal.jdbc.JdbcConnectionFactory.<init>(JdbcConnectionFactory.java:76) ~[flyway-core-11.7.2.jar!/:na]
	at org.flywaydb.core.FlywayExecutor.execute(FlywayExecutor.java:136) ~[flyway-core-11.7.2.jar!/:na]
	at org.flywaydb.core.Flyway.migrate(Flyway.java:188) ~[flyway-core-11.7.2.jar!/:na]
	at org.springframework.boot.autoconfigure.flyway.FlywayMigrationInitializer.afterPropertiesSet(FlywayMigrationInitializer.java:66) ~[spring-boot-autoconfigure-3.5.6.jar!/:3.5.6]
	at org.springframework.beans.factory.support.AbstractAutowireCapableBeanFactory.invokeInitMethods(AbstractAutowireCapableBeanFactory.java:1873) ~[spring-beans-6.2.11.jar!/:6.2.11]
	at org.springframework.beans.factory.support.AbstractAutowireCapableBeanFactory.initializeBean(AbstractAutowireCapableBeanFactory.java:1822) ~[spring-beans-6.2.11.jar!/:6.2.11]
	... 22 common frames omitted
Caused by: com.mysql.cj.jdbc.exceptions.CommunicationsException: Communications link failure

The last packet sent successfully to the server was 0 milliseconds ago. The driver has not received any packets from the server.
	at com.mysql.cj.jdbc.exceptions.SQLError.createCommunicationsException(SQLError.java:165) ~[mysql-connector-j-9.4.0.jar!/:9.4.0]
	at com.mysql.cj.jdbc.exceptions.SQLExceptionsMapping.translateException(SQLExceptionsMapping.java:55) ~[mysql-connector-j-9.4.0.jar!/:9.4.0]
	at com.mysql.cj.jdbc.ConnectionImpl.createNewIO(ConnectionImpl.java:839) ~[mysql-connector-j-9.4.0.jar!/:9.4.0]
	at com.mysql.cj.jdbc.ConnectionImpl.<init>(ConnectionImpl.java:415) ~[mysql-connector-j-9.4.0.jar!/:9.4.0]
	at com.mysql.cj.jdbc.ConnectionImpl.getInstance(ConnectionImpl.java:237) ~[mysql-connector-j-9.4.0.jar!/:9.4.0]
	at com.mysql.cj.jdbc.NonRegisteringDriver.connect(NonRegisteringDriver.java:180) ~[mysql-connector-j-9.4.0.jar!/:9.4.0]
	at com.zaxxer.hikari.util.DriverDataSource.getConnection(DriverDataSource.java:144) ~[HikariCP-6.3.3.jar!/:na]
	at com.zaxxer.hikari.pool.PoolBase.newConnection(PoolBase.java:370) ~[HikariCP-6.3.3.jar!/:na]
	at com.zaxxer.hikari.pool.PoolBase.newPoolEntry(PoolBase.java:207) ~[HikariCP-6.3.3.jar!/:na]
	at com.zaxxer.hikari.pool.HikariPool.createPoolEntry(HikariPool.java:488) ~[HikariCP-6.3.3.jar!/:na]
	at com.zaxxer.hikari.pool.HikariPool.checkFailFast(HikariPool.java:576) ~[HikariCP-6.3.3.jar!/:na]
	at com.zaxxer.hikari.pool.HikariPool.<init>(HikariPool.java:97) ~[HikariCP-6.3.3.jar!/:na]
	at com.zaxxer.hikari.HikariDataSource.getConnection(HikariDataSource.java:111) ~[HikariCP-6.3.3.jar!/:na]
	at org.flywaydb.core.internal.jdbc.JdbcUtils.openConnection(JdbcUtils.java:59) ~[flyway-core-11.7.2.jar!/:na]
	... 28 common frames omitted
Caused by: com.mysql.cj.exceptions.CJCommunicationsException: Communications link failure

The last packet sent successfully to the server was 0 milliseconds ago. The driver has not received any packets from the server.
	at java.base/jdk.internal.reflect.DirectConstructorHandleAccessor.newInstance(Unknown Source) ~[na:na]
	at java.base/java.lang.reflect.Constructor.newInstanceWithCaller(Unknown Source) ~[na:na]
	at java.base/java.lang.reflect.Constructor.newInstance(Unknown Source) ~[na:na]
	at com.mysql.cj.exceptions.ExceptionFactory.createException(ExceptionFactory.java:52) ~[mysql-connector-j-9.4.0.jar!/:9.4.0]
	at com.mysql.cj.exceptions.ExceptionFactory.createException(ExceptionFactory.java:95) ~[mysql-connector-j-9.4.0.jar!/:9.4.0]
	at com.mysql.cj.exceptions.ExceptionFactory.createException(ExceptionFactory.java:140) ~[mysql-connector-j-9.4.0.jar!/:9.4.0]
	at com.mysql.cj.exceptions.ExceptionFactory.createCommunicationsException(ExceptionFactory.java:156) ~[mysql-connector-j-9.4.0.jar!/:9.4.0]
	at com.mysql.cj.protocol.a.NativeSocketConnection.connect(NativeSocketConnection.java:79) ~[mysql-connector-j-9.4.0.jar!/:9.4.0]
	at com.mysql.cj.NativeSession.connect(NativeSession.java:142) ~[mysql-connector-j-9.4.0.jar!/:9.4.0]
	at com.mysql.cj.jdbc.ConnectionImpl.connectOneTryOnly(ConnectionImpl.java:963) ~[mysql-connector-j-9.4.0.jar!/:9.4.0]
	at com.mysql.cj.jdbc.ConnectionImpl.createNewIO(ConnectionImpl.java:827) ~[mysql-connector-j-9.4.0.jar!/:9.4.0]
	... 39 common frames omitted
Caused by: java.net.SocketTimeoutException: Connect timed out
	at java.base/sun.nio.ch.NioSocketImpl.timedFinishConnect(Unknown Source) ~[na:na]
	at java.base/sun.nio.ch.NioSocketImpl.connect(Unknown Source) ~[na:na]
	at java.base/java.net.SocksSocketImpl.connect(Unknown Source) ~[na:na]
	at java.base/java.net.Socket.connect(Unknown Source) ~[na:na]
	at com.mysql.cj.protocol.StandardSocketFactory.connect(StandardSocketFactory.java:144) ~[mysql-connector-j-9.4.0.jar!/:9.4.0]
	at com.mysql.cj.protocol.a.NativeSocketConnection.connect(NativeSocketConnection.java:53) ~[mysql-connector-j-9.4.0.jar!/:9.4.0]
	... 42 common frames omitted


  .   ____          _            __ _ _
 /\\ / ___'_ __ _ _(_)_ __  __ _ \ \ \ \
( ( )\___ | '_ | '_| | '_ \/ _` | \ \ \ \
 \\/  ___)| |_)| | | | | || (_| |  ) ) ) )
  '  |____| .__|_| |_|_| |_\__, | / / / /
 =========|_|==============|___/=/_/_/_/

 :: Spring Boot ::                (v3.5.6)

2026-01-01T01:50:22.706Z  INFO 1 --- [Ecommerce-spring-api] [           main] c.e.E.EcommerceSpringApiApplication      : Starting EcommerceSpringApiApplication v1.0.0 using Java 21.0.9 with PID 1 (/app/app.jar started by root in /app)
2026-01-01T01:50:22.725Z  INFO 1 --- [Ecommerce-spring-api] [           main] c.e.E.EcommerceSpringApiApplication      : The following 1 profile is active: "prod"
2026-01-01T01:50:25.091Z  INFO 1 --- [Ecommerce-spring-api] [           main] .s.d.r.c.RepositoryConfigurationDelegate : Bootstrapping Spring Data JPA repositories in DEFAULT mode.
2026-01-01T01:50:25.201Z  INFO 1 --- [Ecommerce-spring-api] [           main] .s.d.r.c.RepositoryConfigurationDelegate : Finished Spring Data repository scanning in 91 ms. Found 7 JPA repository interfaces.
2026-01-01T01:50:26.383Z  INFO 1 --- [Ecommerce-spring-api] [           main] o.s.b.w.embedded.tomcat.TomcatWebServer  : Tomcat initialized with port 8080 (http)
2026-01-01T01:50:26.404Z  INFO 1 --- [Ecommerce-spring-api] [           main] o.apache.catalina.core.StandardService   : Starting service [Tomcat]
2026-01-01T01:50:26.404Z  INFO 1 --- [Ecommerce-spring-api] [           main] o.apache.catalina.core.StandardEngine    : Starting Servlet engine: [Apache Tomcat/10.1.46]
2026-01-01T01:50:26.460Z  INFO 1 --- [Ecommerce-spring-api] [           main] o.a.c.c.C.[Tomcat].[localhost].[/]       : Initializing Spring embedded WebApplicationContext
2026-01-01T01:50:26.462Z  INFO 1 --- [Ecommerce-spring-api] [           main] w.s.c.ServletWebServerApplicationContext : Root WebApplicationContext: initialization completed in 3629 ms
2026-01-01T01:50:27.027Z  INFO 1 --- [Ecommerce-spring-api] [           main] com.zaxxer.hikari.HikariDataSource       : HikariPool-1 - Starting...
2026-01-01T01:50:58.208Z  WARN 1 --- [Ecommerce-spring-api] [           main] ConfigServletWebServerApplicationContext : Exception encountered during context initialization - cancelling refresh attempt: org.springframework.beans.factory.BeanCreationException: Error creating bean with name 'entityManagerFactory' defined in class path resource [org/springframework/boot/autoconfigure/orm/jpa/HibernateJpaConfiguration.class]: Failed to initialize dependency 'flywayInitializer' of LoadTimeWeaverAware bean 'entityManagerFactory': Error creating bean with name 'flywayInitializer' defined in class path resource [org/springframework/boot/autoconfigure/flyway/FlywayAutoConfiguration$FlywayConfiguration.class]: Unable to obtain connection from database: Communications link failure

The last packet sent successfully to the server was 0 milliseconds ago. The driver has not received any packets from the server.
--------------------------------------------------------------------------------------------------------------------------------------------------------------------------------------------------------
SQL State  : 08S01
Error Code : 0
Message    : Communications link failure

The last packet sent successfully to the server was 0 milliseconds ago. The driver has not received any packets from the server.

2026-01-01T01:50:58.212Z  INFO 1 --- [Ecommerce-spring-api] [           main] o.apache.catalina.core.StandardService   : Stopping service [Tomcat]
2026-01-01T01:50:58.228Z  INFO 1 --- [Ecommerce-spring-api] [           main] .s.b.a.l.ConditionEvaluationReportLogger : 

Error starting ApplicationContext. To display the condition evaluation report re-run your application with 'debug' enabled.
2026-01-01T01:50:58.245Z ERROR 1 --- [Ecommerce-spring-api] [           main] o.s.boot.SpringApplication               : Application run failed

org.springframework.beans.factory.BeanCreationException: Error creating bean with name 'entityManagerFactory' defined in class path resource [org/springframework/boot/autoconfigure/orm/jpa/HibernateJpaConfiguration.class]: Failed to initialize dependency 'flywayInitializer' of LoadTimeWeaverAware bean 'entityManagerFactory': Error creating bean with name 'flywayInitializer' defined in class path resource [org/springframework/boot/autoconfigure/flyway/FlywayAutoConfiguration$FlywayConfiguration.class]: Unable to obtain connection from database: Communications link failure

The last packet sent successfully to the server was 0 milliseconds ago. The driver has not received any packets from the server.
--------------------------------------------------------------------------------------------------------------------------------------------------------------------------------------------------------
SQL State  : 08S01
Error Code : 0
Message    : Communications link failure

The last packet sent successfully to the server was 0 milliseconds ago. The driver has not received any packets from the server.

	at org.springframework.beans.factory.support.AbstractBeanFactory.doGetBean(AbstractBeanFactory.java:328) ~[spring-beans-6.2.11.jar!/:6.2.11]
	at org.springframework.beans.factory.support.AbstractBeanFactory.getBean(AbstractBeanFactory.java:207) ~[spring-beans-6.2.11.jar!/:6.2.11]
	at org.springframework.context.support.AbstractApplicationContext.finishBeanFactoryInitialization(AbstractApplicationContext.java:970) ~[spring-context-6.2.11.jar!/:6.2.11]
	at org.springframework.context.support.AbstractApplicationContext.refresh(AbstractApplicationContext.java:627) ~[spring-context-6.2.11.jar!/:6.2.11]
	at org.springframework.boot.web.servlet.context.ServletWebServerApplicationContext.refresh(ServletWebServerApplicationContext.java:146) ~[spring-boot-3.5.6.jar!/:3.5.6]
	at org.springframework.boot.SpringApplication.refresh(SpringApplication.java:752) ~[spring-boot-3.5.6.jar!/:3.5.6]
	at org.springframework.boot.SpringApplication.refreshContext(SpringApplication.java:439) ~[spring-boot-3.5.6.jar!/:3.5.6]
	at org.springframework.boot.SpringApplication.run(SpringApplication.java:318) ~[spring-boot-3.5.6.jar!/:3.5.6]
	at org.springframework.boot.SpringApplication.run(SpringApplication.java:1361) ~[spring-boot-3.5.6.jar!/:3.5.6]
	at org.springframework.boot.SpringApplication.run(SpringApplication.java:1350) ~[spring-boot-3.5.6.jar!/:3.5.6]
	at com.example.Ecommerce.EcommerceSpringApiApplication.main(EcommerceSpringApiApplication.java:10) ~[!/:1.0.0]
	at java.base/jdk.internal.reflect.DirectMethodHandleAccessor.invoke(Unknown Source) ~[na:na]
	at java.base/java.lang.reflect.Method.invoke(Unknown Source) ~[na:na]
	at org.springframework.boot.loader.launch.Launcher.launch(Launcher.java:102) ~[app.jar:1.0.0]
	at org.springframework.boot.loader.launch.Launcher.launch(Launcher.java:64) ~[app.jar:1.0.0]
	at org.springframework.boot.loader.launch.JarLauncher.main(JarLauncher.java:40) ~[app.jar:1.0.0]
Caused by: org.springframework.beans.factory.BeanCreationException: Error creating bean with name 'flywayInitializer' defined in class path resource [org/springframework/boot/autoconfigure/flyway/FlywayAutoConfiguration$FlywayConfiguration.class]: Unable to obtain connection from database: Communications link failure

The last packet sent successfully to the server was 0 milliseconds ago. The driver has not received any packets from the server.
--------------------------------------------------------------------------------------------------------------------------------------------------------------------------------------------------------
SQL State  : 08S01
Error Code : 0
Message    : Communications link failure

The last packet sent successfully to the server was 0 milliseconds ago. The driver has not received any packets from the server.

	at org.springframework.beans.factory.support.AbstractAutowireCapableBeanFactory.initializeBean(AbstractAutowireCapableBeanFactory.java:1826) ~[spring-beans-6.2.11.jar!/:6.2.11]
	at org.springframework.beans.factory.support.AbstractAutowireCapableBeanFactory.doCreateBean(AbstractAutowireCapableBeanFactory.java:607) ~[spring-beans-6.2.11.jar!/:6.2.11]
	at org.springframework.beans.factory.support.AbstractAutowireCapableBeanFactory.createBean(AbstractAutowireCapableBeanFactory.java:529) ~[spring-beans-6.2.11.jar!/:6.2.11]
	at org.springframework.beans.factory.support.AbstractBeanFactory.lambda$doGetBean$0(AbstractBeanFactory.java:339) ~[spring-beans-6.2.11.jar!/:6.2.11]
	at org.springframework.beans.factory.support.DefaultSingletonBeanRegistry.getSingleton(DefaultSingletonBeanRegistry.java:373) ~[spring-beans-6.2.11.jar!/:6.2.11]
	at org.springframework.beans.factory.support.AbstractBeanFactory.doGetBean(AbstractBeanFactory.java:337) ~[spring-beans-6.2.11.jar!/:6.2.11]
	at org.springframework.beans.factory.support.AbstractBeanFactory.getBean(AbstractBeanFactory.java:202) ~[spring-beans-6.2.11.jar!/:6.2.11]
	at org.springframework.beans.factory.support.AbstractBeanFactory.doGetBean(AbstractBeanFactory.java:315) ~[spring-beans-6.2.11.jar!/:6.2.11]
	... 15 common frames omitted
Caused by: org.flywaydb.core.internal.exception.FlywaySqlException: Unable to obtain connection from database: Communications link failure

The last packet sent successfully to the server was 0 milliseconds ago. The driver has not received any packets from the server.
--------------------------------------------------------------------------------------------------------------------------------------------------------------------------------------------------------
SQL State  : 08S01
Error Code : 0
Message    : Communications link failure

The last packet sent successfully to the server was 0 milliseconds ago. The driver has not received any packets from the server.

	at org.flywaydb.core.internal.jdbc.JdbcUtils.openConnection(JdbcUtils.java:71) ~[flyway-core-11.7.2.jar!/:na]
	at org.flywaydb.core.internal.jdbc.JdbcConnectionFactory.<init>(JdbcConnectionFactory.java:76) ~[flyway-core-11.7.2.jar!/:na]
	at org.flywaydb.core.FlywayExecutor.execute(FlywayExecutor.java:136) ~[flyway-core-11.7.2.jar!/:na]
	at org.flywaydb.core.Flyway.migrate(Flyway.java:188) ~[flyway-core-11.7.2.jar!/:na]
	at org.springframework.boot.autoconfigure.flyway.FlywayMigrationInitializer.afterPropertiesSet(FlywayMigrationInitializer.java:66) ~[spring-boot-autoconfigure-3.5.6.jar!/:3.5.6]
	at org.springframework.beans.factory.support.AbstractAutowireCapableBeanFactory.invokeInitMethods(AbstractAutowireCapableBeanFactory.java:1873) ~[spring-beans-6.2.11.jar!/:6.2.11]
	at org.springframework.beans.factory.support.AbstractAutowireCapableBeanFactory.initializeBean(AbstractAutowireCapableBeanFactory.java:1822) ~[spring-beans-6.2.11.jar!/:6.2.11]
	... 22 common frames omitted
Caused by: com.mysql.cj.jdbc.exceptions.CommunicationsException: Communications link failure

The last packet sent successfully to the server was 0 milliseconds ago. The driver has not received any packets from the server.
	at com.mysql.cj.jdbc.exceptions.SQLError.createCommunicationsException(SQLError.java:165) ~[mysql-connector-j-9.4.0.jar!/:9.4.0]
	at com.mysql.cj.jdbc.exceptions.SQLExceptionsMapping.translateException(SQLExceptionsMapping.java:55) ~[mysql-connector-j-9.4.0.jar!/:9.4.0]
	at com.mysql.cj.jdbc.ConnectionImpl.createNewIO(ConnectionImpl.java:839) ~[mysql-connector-j-9.4.0.jar!/:9.4.0]
	at com.mysql.cj.jdbc.ConnectionImpl.<init>(ConnectionImpl.java:415) ~[mysql-connector-j-9.4.0.jar!/:9.4.0]
	at com.mysql.cj.jdbc.ConnectionImpl.getInstance(ConnectionImpl.java:237) ~[mysql-connector-j-9.4.0.jar!/:9.4.0]
	at com.mysql.cj.jdbc.NonRegisteringDriver.connect(NonRegisteringDriver.java:180) ~[mysql-connector-j-9.4.0.jar!/:9.4.0]
	at com.zaxxer.hikari.util.DriverDataSource.getConnection(DriverDataSource.java:144) ~[HikariCP-6.3.3.jar!/:na]
	at com.zaxxer.hikari.pool.PoolBase.newConnection(PoolBase.java:370) ~[HikariCP-6.3.3.jar!/:na]
	at com.zaxxer.hikari.pool.PoolBase.newPoolEntry(PoolBase.java:207) ~[HikariCP-6.3.3.jar!/:na]
	at com.zaxxer.hikari.pool.HikariPool.createPoolEntry(HikariPool.java:488) ~[HikariCP-6.3.3.jar!/:na]
	at com.zaxxer.hikari.pool.HikariPool.checkFailFast(HikariPool.java:576) ~[HikariCP-6.3.3.jar!/:na]
	at com.zaxxer.hikari.pool.HikariPool.<init>(HikariPool.java:97) ~[HikariCP-6.3.3.jar!/:na]
	at com.zaxxer.hikari.HikariDataSource.getConnection(HikariDataSource.java:111) ~[HikariCP-6.3.3.jar!/:na]
	at org.flywaydb.core.internal.jdbc.JdbcUtils.openConnection(JdbcUtils.java:59) ~[flyway-core-11.7.2.jar!/:na]
	... 28 common frames omitted
Caused by: com.mysql.cj.exceptions.CJCommunicationsException: Communications link failure

The last packet sent successfully to the server was 0 milliseconds ago. The driver has not received any packets from the server.
	at java.base/jdk.internal.reflect.DirectConstructorHandleAccessor.newInstance(Unknown Source) ~[na:na]
	at java.base/java.lang.reflect.Constructor.newInstanceWithCaller(Unknown Source) ~[na:na]
	at java.base/java.lang.reflect.Constructor.newInstance(Unknown Source) ~[na:na]
	at com.mysql.cj.exceptions.ExceptionFactory.createException(ExceptionFactory.java:52) ~[mysql-connector-j-9.4.0.jar!/:9.4.0]
	at com.mysql.cj.exceptions.ExceptionFactory.createException(ExceptionFactory.java:95) ~[mysql-connector-j-9.4.0.jar!/:9.4.0]
	at com.mysql.cj.exceptions.ExceptionFactory.createException(ExceptionFactory.java:140) ~[mysql-connector-j-9.4.0.jar!/:9.4.0]
	at com.mysql.cj.exceptions.ExceptionFactory.createCommunicationsException(ExceptionFactory.java:156) ~[mysql-connector-j-9.4.0.jar!/:9.4.0]
	at com.mysql.cj.protocol.a.NativeSocketConnection.connect(NativeSocketConnection.java:79) ~[mysql-connector-j-9.4.0.jar!/:9.4.0]
	at com.mysql.cj.NativeSession.connect(NativeSession.java:142) ~[mysql-connector-j-9.4.0.jar!/:9.4.0]
	at com.mysql.cj.jdbc.ConnectionImpl.connectOneTryOnly(ConnectionImpl.java:963) ~[mysql-connector-j-9.4.0.jar!/:9.4.0]
	at com.mysql.cj.jdbc.ConnectionImpl.createNewIO(ConnectionImpl.java:827) ~[mysql-connector-j-9.4.0.jar!/:9.4.0]
	... 39 common frames omitted
Caused by: java.net.SocketTimeoutException: Connect timed out
	at java.base/sun.nio.ch.NioSocketImpl.timedFinishConnect(Unknown Source) ~[na:na]
	at java.base/sun.nio.ch.NioSocketImpl.connect(Unknown Source) ~[na:na]
	at java.base/java.net.SocksSocketImpl.connect(Unknown Source) ~[na:na]
	at java.base/java.net.Socket.connect(Unknown Source) ~[na:na]
	at com.mysql.cj.protocol.StandardSocketFactory.connect(StandardSocketFactory.java:144) ~[mysql-connector-j-9.4.0.jar!/:9.4.0]
	at com.mysql.cj.protocol.a.NativeSocketConnection.connect(NativeSocketConnection.java:53) ~[mysql-connector-j-9.4.0.jar!/:9.4.0]
	... 42 common frames omitted

2026-01-01T01:50:58.208Z  WARN 1 --- [Ecommerce-spring-api] [           main] ConfigServletWebServerApplicationContext : Exception encountered during context initialization - cancelling refresh attempt: org.springframework.beans.factory.BeanCreationException: Error creating bean with name 'entityManagerFactory' defined in class path resource [org/springframework/boot/autoconfigure/orm/jpa/HibernateJpaConfiguration.class]: Failed to initialize dependency 'flywayInitializer' of LoadTimeWeaverAware bean 'entityManagerFactory': Error creating bean with name 'flywayInitializer' defined in class path resource [org/springframework/boot/autoconfigure/flyway/FlywayAutoConfiguration$FlywayConfiguration.class]: Unable to obtain connection from database: Communications link failure

The last packet sent successfully to the server was 0 milliseconds ago. The driver has not received any packets from the server.
--------------------------------------------------------------------------------------------------------------------------------------------------------------------------------------------------------
SQL State  : 08S01
Error Code : 0
Message    : Communications link failure

The last packet sent successfully to the server was 0 milliseconds ago. The driver has not received any packets from the server.

2026-01-01T01:50:58.212Z  INFO 1 --- [Ecommerce-spring-api] [           main] o.apache.catalina.core.StandardService   : Stopping service [Tomcat]
2026-01-01T01:50:58.228Z  INFO 1 --- [Ecommerce-spring-api] [           main] .s.b.a.l.ConditionEvaluationReportLogger : 

Error starting ApplicationContext. To display the condition evaluation report re-run your application with 'debug' enabled.
2026-01-01T01:50:58.245Z ERROR 1 --- [Ecommerce-spring-api] [           main] o.s.boot.SpringApplication               : Application run failed

org.springframework.beans.factory.BeanCreationException: Error creating bean with name 'entityManagerFactory' defined in class path resource [org/springframework/boot/autoconfigure/orm/jpa/HibernateJpaConfiguration.class]: Failed to initialize dependency 'flywayInitializer' of LoadTimeWeaverAware bean 'entityManagerFactory': Error creating bean with name 'flywayInitializer' defined in class path resource [org/springframework/boot/autoconfigure/flyway/FlywayAutoConfiguration$FlywayConfiguration.class]: Unable to obtain connection from database: Communications link failure

The last packet sent successfully to the server was 0 milliseconds ago. The driver has not received any packets from the server.
--------------------------------------------------------------------------------------------------------------------------------------------------------------------------------------------------------
SQL State  : 08S01
Error Code : 0
Message    : Communications link failure

The last packet sent successfully to the server was 0 milliseconds ago. The driver has not received any packets from the server.

	at org.springframework.beans.factory.support.AbstractBeanFactory.doGetBean(AbstractBeanFactory.java:328) ~[spring-beans-6.2.11.jar!/:6.2.11]
	at org.springframework.beans.factory.support.AbstractBeanFactory.getBean(AbstractBeanFactory.java:207) ~[spring-beans-6.2.11.jar!/:6.2.11]
	at org.springframework.context.support.AbstractApplicationContext.finishBeanFactoryInitialization(AbstractApplicationContext.java:970) ~[spring-context-6.2.11.jar!/:6.2.11]
	at org.springframework.context.support.AbstractApplicationContext.refresh(AbstractApplicationContext.java:627) ~[spring-context-6.2.11.jar!/:6.2.11]
	at org.springframework.boot.web.servlet.context.ServletWebServerApplicationContext.refresh(ServletWebServerApplicationContext.java:146) ~[spring-boot-3.5.6.jar!/:3.5.6]
	at org.springframework.boot.SpringApplication.refresh(SpringApplication.java:752) ~[spring-boot-3.5.6.jar!/:3.5.6]
	at org.springframework.boot.SpringApplication.refreshContext(SpringApplication.java:439) ~[spring-boot-3.5.6.jar!/:3.5.6]
	at org.springframework.boot.SpringApplication.run(SpringApplication.java:318) ~[spring-boot-3.5.6.jar!/:3.5.6]
	at org.springframework.boot.SpringApplication.run(SpringApplication.java:1361) ~[spring-boot-3.5.6.jar!/:3.5.6]
	at org.springframework.boot.SpringApplication.run(SpringApplication.java:1350) ~[spring-boot-3.5.6.jar!/:3.5.6]
	at com.example.Ecommerce.EcommerceSpringApiApplication.main(EcommerceSpringApiApplication.java:10) ~[!/:1.0.0]
	at java.base/jdk.internal.reflect.DirectMethodHandleAccessor.invoke(Unknown Source) ~[na:na]
	at java.base/java.lang.reflect.Method.invoke(Unknown Source) ~[na:na]
	at org.springframework.boot.loader.launch.Launcher.launch(Launcher.java:102) ~[app.jar:1.0.0]
	at org.springframework.boot.loader.launch.Launcher.launch(Launcher.java:64) ~[app.jar:1.0.0]
	at org.springframework.boot.loader.launch.JarLauncher.main(JarLauncher.java:40) ~[app.jar:1.0.0]
Caused by: org.springframework.beans.factory.BeanCreationException: Error creating bean with name 'flywayInitializer' defined in class path resource [org/springframework/boot/autoconfigure/flyway/FlywayAutoConfiguration$FlywayConfiguration.class]: Unable to obtain connection from database: Communications link failure

The last packet sent successfully to the server was 0 milliseconds ago. The driver has not received any packets from the server.
--------------------------------------------------------------------------------------------------------------------------------------------------------------------------------------------------------
SQL State  : 08S01
Error Code : 0
Message    : Communications link failure

The last packet sent successfully to the server was 0 milliseconds ago. The driver has not received any packets from the server.

	at org.springframework.beans.factory.support.AbstractAutowireCapableBeanFactory.initializeBean(AbstractAutowireCapableBeanFactory.java:1826) ~[spring-beans-6.2.11.jar!/:6.2.11]
	at org.springframework.beans.factory.support.AbstractAutowireCapableBeanFactory.doCreateBean(AbstractAutowireCapableBeanFactory.java:607) ~[spring-beans-6.2.11.jar!/:6.2.11]
	at org.springframework.beans.factory.support.AbstractAutowireCapableBeanFactory.createBean(AbstractAutowireCapableBeanFactory.java:529) ~[spring-beans-6.2.11.jar!/:6.2.11]
	at org.springframework.beans.factory.support.AbstractBeanFactory.lambda$doGetBean$0(AbstractBeanFactory.java:339) ~[spring-beans-6.2.11.jar!/:6.2.11]
	at org.springframework.beans.factory.support.DefaultSingletonBeanRegistry.getSingleton(DefaultSingletonBeanRegistry.java:373) ~[spring-beans-6.2.11.jar!/:6.2.11]
	at org.springframework.beans.factory.support.AbstractBeanFactory.doGetBean(AbstractBeanFactory.java:337) ~[spring-beans-6.2.11.jar!/:6.2.11]
	at org.springframework.beans.factory.support.AbstractBeanFactory.getBean(AbstractBeanFactory.java:202) ~[spring-beans-6.2.11.jar!/:6.2.11]
	at org.springframework.beans.factory.support.AbstractBeanFactory.doGetBean(AbstractBeanFactory.java:315) ~[spring-beans-6.2.11.jar!/:6.2.11]
	... 15 common frames omitted
Caused by: org.flywaydb.core.internal.exception.FlywaySqlException: Unable to obtain connection from database: Communications link failure

The last packet sent successfully to the server was 0 milliseconds ago. The driver has not received any packets from the server.
--------------------------------------------------------------------------------------------------------------------------------------------------------------------------------------------------------
SQL State  : 08S01
Error Code : 0
Message    : Communications link failure

The last packet sent successfully to the server was 0 milliseconds ago. The driver has not received any packets from the server.

	at org.flywaydb.core.internal.jdbc.JdbcUtils.openConnection(JdbcUtils.java:71) ~[flyway-core-11.7.2.jar!/:na]
	at org.flywaydb.core.internal.jdbc.JdbcConnectionFactory.<init>(JdbcConnectionFactory.java:76) ~[flyway-core-11.7.2.jar!/:na]
	at org.flywaydb.core.FlywayExecutor.execute(FlywayExecutor.java:136) ~[flyway-core-11.7.2.jar!/:na]
	at org.flywaydb.core.Flyway.migrate(Flyway.java:188) ~[flyway-core-11.7.2.jar!/:na]
	at org.springframework.boot.autoconfigure.flyway.FlywayMigrationInitializer.afterPropertiesSet(FlywayMigrationInitializer.java:66) ~[spring-boot-autoconfigure-3.5.6.jar!/:3.5.6]
	at org.springframework.beans.factory.support.AbstractAutowireCapableBeanFactory.invokeInitMethods(AbstractAutowireCapableBeanFactory.java:1873) ~[spring-beans-6.2.11.jar!/:6.2.11]
	at org.springframework.beans.factory.support.AbstractAutowireCapableBeanFactory.initializeBean(AbstractAutowireCapableBeanFactory.java:1822) ~[spring-beans-6.2.11.jar!/:6.2.11]
	... 22 common frames omitted
Caused by: com.mysql.cj.jdbc.exceptions.CommunicationsException: Communications link failure

The last packet sent successfully to the server was 0 milliseconds ago. The driver has not received any packets from the server.
	at com.mysql.cj.jdbc.exceptions.SQLError.createCommunicationsException(SQLError.java:165) ~[mysql-connector-j-9.4.0.jar!/:9.4.0]
	at com.mysql.cj.jdbc.exceptions.SQLExceptionsMapping.translateException(SQLExceptionsMapping.java:55) ~[mysql-connector-j-9.4.0.jar!/:9.4.0]
	at com.mysql.cj.jdbc.ConnectionImpl.createNewIO(ConnectionImpl.java:839) ~[mysql-connector-j-9.4.0.jar!/:9.4.0]
	at com.mysql.cj.jdbc.ConnectionImpl.<init>(ConnectionImpl.java:415) ~[mysql-connector-j-9.4.0.jar!/:9.4.0]
	at com.mysql.cj.jdbc.ConnectionImpl.getInstance(ConnectionImpl.java:237) ~[mysql-connector-j-9.4.0.jar!/:9.4.0]
	at com.mysql.cj.jdbc.NonRegisteringDriver.connect(NonRegisteringDriver.java:180) ~[mysql-connector-j-9.4.0.jar!/:9.4.0]
	at com.zaxxer.hikari.util.DriverDataSource.getConnection(DriverDataSource.java:144) ~[HikariCP-6.3.3.jar!/:na]
	at com.zaxxer.hikari.pool.PoolBase.newConnection(PoolBase.java:370) ~[HikariCP-6.3.3.jar!/:na]
	at com.zaxxer.hikari.pool.PoolBase.newPoolEntry(PoolBase.java:207) ~[HikariCP-6.3.3.jar!/:na]
	at com.zaxxer.hikari.pool.HikariPool.createPoolEntry(HikariPool.java:488) ~[HikariCP-6.3.3.jar!/:na]
	at com.zaxxer.hikari.pool.HikariPool.checkFailFast(HikariPool.java:576) ~[HikariCP-6.3.3.jar!/:na]
	at com.zaxxer.hikari.pool.HikariPool.<init>(HikariPool.java:97) ~[HikariCP-6.3.3.jar!/:na]
	at com.zaxxer.hikari.HikariDataSource.getConnection(HikariDataSource.java:111) ~[HikariCP-6.3.3.jar!/:na]
	at org.flywaydb.core.internal.jdbc.JdbcUtils.openConnection(JdbcUtils.java:59) ~[flyway-core-11.7.2.jar!/:na]
	... 28 common frames omitted
Caused by: com.mysql.cj.exceptions.CJCommunicationsException: Communications link failure

The last packet sent successfully to the server was 0 milliseconds ago. The driver has not received any packets from the server.
	at java.base/jdk.internal.reflect.DirectConstructorHandleAccessor.newInstance(Unknown Source) ~[na:na]
	at java.base/java.lang.reflect.Constructor.newInstanceWithCaller(Unknown Source) ~[na:na]
	at java.base/java.lang.reflect.Constructor.newInstance(Unknown Source) ~[na:na]
	at com.mysql.cj.exceptions.ExceptionFactory.createException(ExceptionFactory.java:52) ~[mysql-connector-j-9.4.0.jar!/:9.4.0]
	at com.mysql.cj.exceptions.ExceptionFactory.createException(ExceptionFactory.java:95) ~[mysql-connector-j-9.4.0.jar!/:9.4.0]
	at com.mysql.cj.exceptions.ExceptionFactory.createException(ExceptionFactory.java:140) ~[mysql-connector-j-9.4.0.jar!/:9.4.0]
	at com.mysql.cj.exceptions.ExceptionFactory.createCommunicationsException(ExceptionFactory.java:156) ~[mysql-connector-j-9.4.0.jar!/:9.4.0]
	at com.mysql.cj.protocol.a.NativeSocketConnection.connect(NativeSocketConnection.java:79) ~[mysql-connector-j-9.4.0.jar!/:9.4.0]
	at com.mysql.cj.NativeSession.connect(NativeSession.java:142) ~[mysql-connector-j-9.4.0.jar!/:9.4.0]
	at com.mysql.cj.jdbc.ConnectionImpl.connectOneTryOnly(ConnectionImpl.java:963) ~[mysql-connector-j-9.4.0.jar!/:9.4.0]
	at com.mysql.cj.jdbc.ConnectionImpl.createNewIO(ConnectionImpl.java:827) ~[mysql-connector-j-9.4.0.jar!/:9.4.0]
	... 39 common frames omitted
Caused by: java.net.SocketTimeoutException: Connect timed out
	at java.base/sun.nio.ch.NioSocketImpl.timedFinishConnect(Unknown Source) ~[na:na]
	at java.base/sun.nio.ch.NioSocketImpl.connect(Unknown Source) ~[na:na]
	at java.base/java.net.SocksSocketImpl.connect(Unknown Source) ~[na:na]
	at java.base/java.net.Socket.connect(Unknown Source) ~[na:na]
	at com.mysql.cj.protocol.StandardSocketFactory.connect(StandardSocketFactory.java:144) ~[mysql-connector-j-9.4.0.jar!/:9.4.0]
	at com.mysql.cj.protocol.a.NativeSocketConnection.connect(NativeSocketConnection.java:53) ~[mysql-connector-j-9.4.0.jar!/:9.4.0]
	... 42 common frames omitted


  .   ____          _            __ _ _
 /\\ / ___'_ __ _ _(_)_ __  __ _ \ \ \ \
( ( )\___ | '_ | '_| | '_ \/ _` | \ \ \ \
 \\/  ___)| |_)| | | | | || (_| |  ) ) ) )
  '  |____| .__|_| |_|_| |_\__, | / / / /
 =========|_|==============|___/=/_/_/_/

 :: Spring Boot ::                (v3.5.6)

2026-01-01T01:51:02.216Z  INFO 1 --- [Ecommerce-spring-api] [           main] c.e.E.EcommerceSpringApiApplication      : Starting EcommerceSpringApiApplication v1.0.0 using Java 21.0.9 with PID 1 (/app/app.jar started by root in /app)
2026-01-01T01:51:02.228Z  INFO 1 --- [Ecommerce-spring-api] [           main] c.e.E.EcommerceSpringApiApplication      : The following 1 profile is active: "prod"
2026-01-01T01:51:04.583Z  INFO 1 --- [Ecommerce-spring-api] [           main] .s.d.r.c.RepositoryConfigurationDelegate : Bootstrapping Spring Data JPA repositories in DEFAULT mode.
2026-01-01T01:51:04.696Z  INFO 1 --- [Ecommerce-spring-api] [           main] .s.d.r.c.RepositoryConfigurationDelegate : Finished Spring Data repository scanning in 99 ms. Found 7 JPA repository interfaces.
2026-01-01T01:51:05.919Z  INFO 1 --- [Ecommerce-spring-api] [           main] o.s.b.w.embedded.tomcat.TomcatWebServer  : Tomcat initialized with port 8080 (http)
2026-01-01T01:51:05.945Z  INFO 1 --- [Ecommerce-spring-api] [           main] o.apache.catalina.core.StandardService   : Starting service [Tomcat]
2026-01-01T01:51:05.946Z  INFO 1 --- [Ecommerce-spring-api] [           main] o.apache.catalina.core.StandardEngine    : Starting Servlet engine: [Apache Tomcat/10.1.46]
2026-01-01T01:51:06.002Z  INFO 1 --- [Ecommerce-spring-api] [           main] o.a.c.c.C.[Tomcat].[localhost].[/]       : Initializing Spring embedded WebApplicationContext
2026-01-01T01:51:06.004Z  INFO 1 --- [Ecommerce-spring-api] [           main] w.s.c.ServletWebServerApplicationContext : Root WebApplicationContext: initialization completed in 3655 ms
2026-01-01T01:51:06.563Z  INFO 1 --- [Ecommerce-spring-api] [           main] com.zaxxer.hikari.HikariDataSource       : HikariPool-1 - Starting...
2026-01-01T01:51:37.763Z  WARN 1 --- [Ecommerce-spring-api] [           main] ConfigServletWebServerApplicationContext : Exception encountered during context initialization - cancelling refresh attempt: org.springframework.beans.factory.BeanCreationException: Error creating bean with name 'entityManagerFactory' defined in class path resource [org/springframework/boot/autoconfigure/orm/jpa/HibernateJpaConfiguration.class]: Failed to initialize dependency 'flywayInitializer' of LoadTimeWeaverAware bean 'entityManagerFactory': Error creating bean with name 'flywayInitializer' defined in class path resource [org/springframework/boot/autoconfigure/flyway/FlywayAutoConfiguration$FlywayConfiguration.class]: Unable to obtain connection from database: Communications link failure

The last packet sent successfully to the server was 0 milliseconds ago. The driver has not received any packets from the server.
--------------------------------------------------------------------------------------------------------------------------------------------------------------------------------------------------------
SQL State  : 08S01
Error Code : 0
Message    : Communications link failure

The last packet sent successfully to the server was 0 milliseconds ago. The driver has not received any packets from the server.

2026-01-01T01:51:37.767Z  INFO 1 --- [Ecommerce-spring-api] [           main] o.apache.catalina.core.StandardService   : Stopping service [Tomcat]
2026-01-01T01:51:37.788Z  INFO 1 --- [Ecommerce-spring-api] [           main] .s.b.a.l.ConditionEvaluationReportLogger : 

Error starting ApplicationContext. To display the condition evaluation report re-run your application with 'debug' enabled.
2026-01-01T01:51:37.818Z ERROR 1 --- [Ecommerce-spring-api] [           main] o.s.boot.SpringApplication               : Application run failed

org.springframework.beans.factory.BeanCreationException: Error creating bean with name 'entityManagerFactory' defined in class path resource [org/springframework/boot/autoconfigure/orm/jpa/HibernateJpaConfiguration.class]: Failed to initialize dependency 'flywayInitializer' of LoadTimeWeaverAware bean 'entityManagerFactory': Error creating bean with name 'flywayInitializer' defined in class path resource [org/springframework/boot/autoconfigure/flyway/FlywayAutoConfiguration$FlywayConfiguration.class]: Unable to obtain connection from database: Communications link failure

The last packet sent successfully to the server was 0 milliseconds ago. The driver has not received any packets from the server.
--------------------------------------------------------------------------------------------------------------------------------------------------------------------------------------------------------
SQL State  : 08S01
Error Code : 0
Message    : Communications link failure

The last packet sent successfully to the server was 0 milliseconds ago. The driver has not received any packets from the server.

	at org.springframework.beans.factory.support.AbstractBeanFactory.doGetBean(AbstractBeanFactory.java:328) ~[spring-beans-6.2.11.jar!/:6.2.11]
	at org.springframework.beans.factory.support.AbstractBeanFactory.getBean(AbstractBeanFactory.java:207) ~[spring-beans-6.2.11.jar!/:6.2.11]
	at org.springframework.context.support.AbstractApplicationContext.finishBeanFactoryInitialization(AbstractApplicationContext.java:970) ~[spring-context-6.2.11.jar!/:6.2.11]
	at org.springframework.context.support.AbstractApplicationContext.refresh(AbstractApplicationContext.java:627) ~[spring-context-6.2.11.jar!/:6.2.11]
	at org.springframework.boot.web.servlet.context.ServletWebServerApplicationContext.refresh(ServletWebServerApplicationContext.java:146) ~[spring-boot-3.5.6.jar!/:3.5.6]
	at org.springframework.boot.SpringApplication.refresh(SpringApplication.java:752) ~[spring-boot-3.5.6.jar!/:3.5.6]
	at org.springframework.boot.SpringApplication.refreshContext(SpringApplication.java:439) ~[spring-boot-3.5.6.jar!/:3.5.6]
	at org.springframework.boot.SpringApplication.run(SpringApplication.java:318) ~[spring-boot-3.5.6.jar!/:3.5.6]
	at org.springframework.boot.SpringApplication.run(SpringApplication.java:1361) ~[spring-boot-3.5.6.jar!/:3.5.6]
	at org.springframework.boot.SpringApplication.run(SpringApplication.java:1350) ~[spring-boot-3.5.6.jar!/:3.5.6]
	at com.example.Ecommerce.EcommerceSpringApiApplication.main(EcommerceSpringApiApplication.java:10) ~[!/:1.0.0]
	at java.base/jdk.internal.reflect.DirectMethodHandleAccessor.invoke(Unknown Source) ~[na:na]
	at java.base/java.lang.reflect.Method.invoke(Unknown Source) ~[na:na]
	at org.springframework.boot.loader.launch.Launcher.launch(Launcher.java:102) ~[app.jar:1.0.0]
	at org.springframework.boot.loader.launch.Launcher.launch(Launcher.java:64) ~[app.jar:1.0.0]
	at org.springframework.boot.loader.launch.JarLauncher.main(JarLauncher.java:40) ~[app.jar:1.0.0]
Caused by: org.springframework.beans.factory.BeanCreationException: Error creating bean with name 'flywayInitializer' defined in class path resource [org/springframework/boot/autoconfigure/flyway/FlywayAutoConfiguration$FlywayConfiguration.class]: Unable to obtain connection from database: Communications link failure

The last packet sent successfully to the server was 0 milliseconds ago. The driver has not received any packets from the server.
--------------------------------------------------------------------------------------------------------------------------------------------------------------------------------------------------------
SQL State  : 08S01
Error Code : 0
Message    : Communications link failure

The last packet sent successfully to the server was 0 milliseconds ago. The driver has not received any packets from the server.

	at org.springframework.beans.factory.support.AbstractAutowireCapableBeanFactory.initializeBean(AbstractAutowireCapableBeanFactory.java:1826) ~[spring-beans-6.2.11.jar!/:6.2.11]
	at org.springframework.beans.factory.support.AbstractAutowireCapableBeanFactory.doCreateBean(AbstractAutowireCapableBeanFactory.java:607) ~[spring-beans-6.2.11.jar!/:6.2.11]
	at org.springframework.beans.factory.support.AbstractAutowireCapableBeanFactory.createBean(AbstractAutowireCapableBeanFactory.java:529) ~[spring-beans-6.2.11.jar!/:6.2.11]
	at org.springframework.beans.factory.support.AbstractBeanFactory.lambda$doGetBean$0(AbstractBeanFactory.java:339) ~[spring-beans-6.2.11.jar!/:6.2.11]
	at org.springframework.beans.factory.support.DefaultSingletonBeanRegistry.getSingleton(DefaultSingletonBeanRegistry.java:373) ~[spring-beans-6.2.11.jar!/:6.2.11]
	at org.springframework.beans.factory.support.AbstractBeanFactory.doGetBean(AbstractBeanFactory.java:337) ~[spring-beans-6.2.11.jar!/:6.2.11]
	at org.springframework.beans.factory.support.AbstractBeanFactory.getBean(AbstractBeanFactory.java:202) ~[spring-beans-6.2.11.jar!/:6.2.11]
	at org.springframework.beans.factory.support.AbstractBeanFactory.doGetBean(AbstractBeanFactory.java:315) ~[spring-beans-6.2.11.jar!/:6.2.11]
	... 15 common frames omitted
Caused by: org.flywaydb.core.internal.exception.FlywaySqlException: Unable to obtain connection from database: Communications link failure

The last packet sent successfully to the server was 0 milliseconds ago. The driver has not received any packets from the server.
--------------------------------------------------------------------------------------------------------------------------------------------------------------------------------------------------------
SQL State  : 08S01
Error Code : 0
Message    : Communications link failure

The last packet sent successfully to the server was 0 milliseconds ago. The driver has not received any packets from the server.

	at org.flywaydb.core.internal.jdbc.JdbcUtils.openConnection(JdbcUtils.java:71) ~[flyway-core-11.7.2.jar!/:na]
	at org.flywaydb.core.internal.jdbc.JdbcConnectionFactory.<init>(JdbcConnectionFactory.java:76) ~[flyway-core-11.7.2.jar!/:na]
	at org.flywaydb.core.FlywayExecutor.execute(FlywayExecutor.java:136) ~[flyway-core-11.7.2.jar!/:na]
	at org.flywaydb.core.Flyway.migrate(Flyway.java:188) ~[flyway-core-11.7.2.jar!/:na]
	at org.springframework.boot.autoconfigure.flyway.FlywayMigrationInitializer.afterPropertiesSet(FlywayMigrationInitializer.java:66) ~[spring-boot-autoconfigure-3.5.6.jar!/:3.5.6]
	at org.springframework.beans.factory.support.AbstractAutowireCapableBeanFactory.invokeInitMethods(AbstractAutowireCapableBeanFactory.java:1873) ~[spring-beans-6.2.11.jar!/:6.2.11]
	at org.springframework.beans.factory.support.AbstractAutowireCapableBeanFactory.initializeBean(AbstractAutowireCapableBeanFactory.java:1822) ~[spring-beans-6.2.11.jar!/:6.2.11]
	... 22 common frames omitted
Caused by: com.mysql.cj.jdbc.exceptions.CommunicationsException: Communications link failure

The last packet sent successfully to the server was 0 milliseconds ago. The driver has not received any packets from the server.
	at com.mysql.cj.jdbc.exceptions.SQLError.createCommunicationsException(SQLError.java:165) ~[mysql-connector-j-9.4.0.jar!/:9.4.0]
	at com.mysql.cj.jdbc.exceptions.SQLExceptionsMapping.translateException(SQLExceptionsMapping.java:55) ~[mysql-connector-j-9.4.0.jar!/:9.4.0]
	at com.mysql.cj.jdbc.ConnectionImpl.createNewIO(ConnectionImpl.java:839) ~[mysql-connector-j-9.4.0.jar!/:9.4.0]
	at com.mysql.cj.jdbc.ConnectionImpl.<init>(ConnectionImpl.java:415) ~[mysql-connector-j-9.4.0.jar!/:9.4.0]
	at com.mysql.cj.jdbc.ConnectionImpl.getInstance(ConnectionImpl.java:237) ~[mysql-connector-j-9.4.0.jar!/:9.4.0]
	at com.mysql.cj.jdbc.NonRegisteringDriver.connect(NonRegisteringDriver.java:180) ~[mysql-connector-j-9.4.0.jar!/:9.4.0]
	at com.zaxxer.hikari.util.DriverDataSource.getConnection(DriverDataSource.java:144) ~[HikariCP-6.3.3.jar!/:na]
	at com.zaxxer.hikari.pool.PoolBase.newConnection(PoolBase.java:370) ~[HikariCP-6.3.3.jar!/:na]
	at com.zaxxer.hikari.pool.PoolBase.newPoolEntry(PoolBase.java:207) ~[HikariCP-6.3.3.jar!/:na]
	at com.zaxxer.hikari.pool.HikariPool.createPoolEntry(HikariPool.java:488) ~[HikariCP-6.3.3.jar!/:na]
	at com.zaxxer.hikari.pool.HikariPool.checkFailFast(HikariPool.java:576) ~[HikariCP-6.3.3.jar!/:na]
	at com.zaxxer.hikari.pool.HikariPool.<init>(HikariPool.java:97) ~[HikariCP-6.3.3.jar!/:na]
	at com.zaxxer.hikari.HikariDataSource.getConnection(HikariDataSource.java:111) ~[HikariCP-6.3.3.jar!/:na]
	at org.flywaydb.core.internal.jdbc.JdbcUtils.openConnection(JdbcUtils.java:59) ~[flyway-core-11.7.2.jar!/:na]
	... 28 common frames omitted
Caused by: com.mysql.cj.exceptions.CJCommunicationsException: Communications link failure

The last packet sent successfully to the server was 0 milliseconds ago. The driver has not received any packets from the server.
	at java.base/jdk.internal.reflect.DirectConstructorHandleAccessor.newInstance(Unknown Source) ~[na:na]
	at java.base/java.lang.reflect.Constructor.newInstanceWithCaller(Unknown Source) ~[na:na]
	at java.base/java.lang.reflect.Constructor.newInstance(Unknown Source) ~[na:na]
	at com.mysql.cj.exceptions.ExceptionFactory.createException(ExceptionFactory.java:52) ~[mysql-connector-j-9.4.0.jar!/:9.4.0]
	at com.mysql.cj.exceptions.ExceptionFactory.createException(ExceptionFactory.java:95) ~[mysql-connector-j-9.4.0.jar!/:9.4.0]
	at com.mysql.cj.exceptions.ExceptionFactory.createException(ExceptionFactory.java:140) ~[mysql-connector-j-9.4.0.jar!/:9.4.0]
	at com.mysql.cj.exceptions.ExceptionFactory.createCommunicationsException(ExceptionFactory.java:156) ~[mysql-connector-j-9.4.0.jar!/:9.4.0]
	at com.mysql.cj.protocol.a.NativeSocketConnection.connect(NativeSocketConnection.java:79) ~[mysql-connector-j-9.4.0.jar!/:9.4.0]
	at com.mysql.cj.NativeSession.connect(NativeSession.java:142) ~[mysql-connector-j-9.4.0.jar!/:9.4.0]
	at com.mysql.cj.jdbc.ConnectionImpl.connectOneTryOnly(ConnectionImpl.java:963) ~[mysql-connector-j-9.4.0.jar!/:9.4.0]
	at com.mysql.cj.jdbc.ConnectionImpl.createNewIO(ConnectionImpl.java:827) ~[mysql-connector-j-9.4.0.jar!/:9.4.0]
	... 39 common frames omitted
Caused by: java.net.SocketTimeoutException: Connect timed out
	at java.base/sun.nio.ch.NioSocketImpl.timedFinishConnect(Unknown Source) ~[na:na]
	at java.base/sun.nio.ch.NioSocketImpl.connect(Unknown Source) ~[na:na]
	at java.base/java.net.SocksSocketImpl.connect(Unknown Source) ~[na:na]
	at java.base/java.net.Socket.connect(Unknown Source) ~[na:na]
	at com.mysql.cj.protocol.StandardSocketFactory.connect(StandardSocketFactory.java:144) ~[mysql-connector-j-9.4.0.jar!/:9.4.0]
	at com.mysql.cj.protocol.a.NativeSocketConnection.connect(NativeSocketConnection.java:53) ~[mysql-connector-j-9.4.0.jar!/:9.4.0]
	... 42 common frames omitted

2026-01-01T01:51:37.763Z  WARN 1 --- [Ecommerce-spring-api] [           main] ConfigServletWebServerApplicationContext : Exception encountered during context initialization - cancelling refresh attempt: org.springframework.beans.factory.BeanCreationException: Error creating bean with name 'entityManagerFactory' defined in class path resource [org/springframework/boot/autoconfigure/orm/jpa/HibernateJpaConfiguration.class]: Failed to initialize dependency 'flywayInitializer' of LoadTimeWeaverAware bean 'entityManagerFactory': Error creating bean with name 'flywayInitializer' defined in class path resource [org/springframework/boot/autoconfigure/flyway/FlywayAutoConfiguration$FlywayConfiguration.class]: Unable to obtain connection from database: Communications link failure

The last packet sent successfully to the server was 0 milliseconds ago. The driver has not received any packets from the server.
--------------------------------------------------------------------------------------------------------------------------------------------------------------------------------------------------------
SQL State  : 08S01
Error Code : 0
Message    : Communications link failure

The last packet sent successfully to the server was 0 milliseconds ago. The driver has not received any packets from the server.

2026-01-01T01:51:37.767Z  INFO 1 --- [Ecommerce-spring-api] [           main] o.apache.catalina.core.StandardService   : Stopping service [Tomcat]
2026-01-01T01:51:37.788Z  INFO 1 --- [Ecommerce-spring-api] [           main] .s.b.a.l.ConditionEvaluationReportLogger : 

Error starting ApplicationContext. To display the condition evaluation report re-run your application with 'debug' enabled.
2026-01-01T01:51:37.818Z ERROR 1 --- [Ecommerce-spring-api] [           main] o.s.boot.SpringApplication               : Application run failed

org.springframework.beans.factory.BeanCreationException: Error creating bean with name 'entityManagerFactory' defined in class path resource [org/springframework/boot/autoconfigure/orm/jpa/HibernateJpaConfiguration.class]: Failed to initialize dependency 'flywayInitializer' of LoadTimeWeaverAware bean 'entityManagerFactory': Error creating bean with name 'flywayInitializer' defined in class path resource [org/springframework/boot/autoconfigure/flyway/FlywayAutoConfiguration$FlywayConfiguration.class]: Unable to obtain connection from database: Communications link failure

The last packet sent successfully to the server was 0 milliseconds ago. The driver has not received any packets from the server.
--------------------------------------------------------------------------------------------------------------------------------------------------------------------------------------------------------
SQL State  : 08S01
Error Code : 0
Message    : Communications link failure

The last packet sent successfully to the server was 0 milliseconds ago. The driver has not received any packets from the server.

	at org.springframework.beans.factory.support.AbstractBeanFactory.doGetBean(AbstractBeanFactory.java:328) ~[spring-beans-6.2.11.jar!/:6.2.11]
	at org.springframework.beans.factory.support.AbstractBeanFactory.getBean(AbstractBeanFactory.java:207) ~[spring-beans-6.2.11.jar!/:6.2.11]
	at org.springframework.context.support.AbstractApplicationContext.finishBeanFactoryInitialization(AbstractApplicationContext.java:970) ~[spring-context-6.2.11.jar!/:6.2.11]
	at org.springframework.context.support.AbstractApplicationContext.refresh(AbstractApplicationContext.java:627) ~[spring-context-6.2.11.jar!/:6.2.11]
	at org.springframework.boot.web.servlet.context.ServletWebServerApplicationContext.refresh(ServletWebServerApplicationContext.java:146) ~[spring-boot-3.5.6.jar!/:3.5.6]
	at org.springframework.boot.SpringApplication.refresh(SpringApplication.java:752) ~[spring-boot-3.5.6.jar!/:3.5.6]
	at org.springframework.boot.SpringApplication.refreshContext(SpringApplication.java:439) ~[spring-boot-3.5.6.jar!/:3.5.6]
	at org.springframework.boot.SpringApplication.run(SpringApplication.java:318) ~[spring-boot-3.5.6.jar!/:3.5.6]
	at org.springframework.boot.SpringApplication.run(SpringApplication.java:1361) ~[spring-boot-3.5.6.jar!/:3.5.6]
	at org.springframework.boot.SpringApplication.run(SpringApplication.java:1350) ~[spring-boot-3.5.6.jar!/:3.5.6]
	at com.example.Ecommerce.EcommerceSpringApiApplication.main(EcommerceSpringApiApplication.java:10) ~[!/:1.0.0]
	at java.base/jdk.internal.reflect.DirectMethodHandleAccessor.invoke(Unknown Source) ~[na:na]
	at java.base/java.lang.reflect.Method.invoke(Unknown Source) ~[na:na]
	at org.springframework.boot.loader.launch.Launcher.launch(Launcher.java:102) ~[app.jar:1.0.0]
	at org.springframework.boot.loader.launch.Launcher.launch(Launcher.java:64) ~[app.jar:1.0.0]
	at org.springframework.boot.loader.launch.JarLauncher.main(JarLauncher.java:40) ~[app.jar:1.0.0]
Caused by: org.springframework.beans.factory.BeanCreationException: Error creating bean with name 'flywayInitializer' defined in class path resource [org/springframework/boot/autoconfigure/flyway/FlywayAutoConfiguration$FlywayConfiguration.class]: Unable to obtain connection from database: Communications link failure

The last packet sent successfully to the server was 0 milliseconds ago. The driver has not received any packets from the server.
--------------------------------------------------------------------------------------------------------------------------------------------------------------------------------------------------------
SQL State  : 08S01
Error Code : 0
Message    : Communications link failure

The last packet sent successfully to the server was 0 milliseconds ago. The driver has not received any packets from the server.

	at org.springframework.beans.factory.support.AbstractAutowireCapableBeanFactory.initializeBean(AbstractAutowireCapableBeanFactory.java:1826) ~[spring-beans-6.2.11.jar!/:6.2.11]
	at org.springframework.beans.factory.support.AbstractAutowireCapableBeanFactory.doCreateBean(AbstractAutowireCapableBeanFactory.java:607) ~[spring-beans-6.2.11.jar!/:6.2.11]
	at org.springframework.beans.factory.support.AbstractAutowireCapableBeanFactory.createBean(AbstractAutowireCapableBeanFactory.java:529) ~[spring-beans-6.2.11.jar!/:6.2.11]
	at org.springframework.beans.factory.support.AbstractBeanFactory.lambda$doGetBean$0(AbstractBeanFactory.java:339) ~[spring-beans-6.2.11.jar!/:6.2.11]
	at org.springframework.beans.factory.support.DefaultSingletonBeanRegistry.getSingleton(DefaultSingletonBeanRegistry.java:373) ~[spring-beans-6.2.11.jar!/:6.2.11]
	at org.springframework.beans.factory.support.AbstractBeanFactory.doGetBean(AbstractBeanFactory.java:337) ~[spring-beans-6.2.11.jar!/:6.2.11]
	at org.springframework.beans.factory.support.AbstractBeanFactory.getBean(AbstractBeanFactory.java:202) ~[spring-beans-6.2.11.jar!/:6.2.11]
	at org.springframework.beans.factory.support.AbstractBeanFactory.doGetBean(AbstractBeanFactory.java:315) ~[spring-beans-6.2.11.jar!/:6.2.11]
	... 15 common frames omitted
Caused by: org.flywaydb.core.internal.exception.FlywaySqlException: Unable to obtain connection from database: Communications link failure

The last packet sent successfully to the server was 0 milliseconds ago. The driver has not received any packets from the server.
--------------------------------------------------------------------------------------------------------------------------------------------------------------------------------------------------------
SQL State  : 08S01
Error Code : 0
Message    : Communications link failure

The last packet sent successfully to the server was 0 milliseconds ago. The driver has not received any packets from the server.

	at org.flywaydb.core.internal.jdbc.JdbcUtils.openConnection(JdbcUtils.java:71) ~[flyway-core-11.7.2.jar!/:na]
	at org.flywaydb.core.internal.jdbc.JdbcConnectionFactory.<init>(JdbcConnectionFactory.java:76) ~[flyway-core-11.7.2.jar!/:na]
	at org.flywaydb.core.FlywayExecutor.execute(FlywayExecutor.java:136) ~[flyway-core-11.7.2.jar!/:na]
	at org.flywaydb.core.Flyway.migrate(Flyway.java:188) ~[flyway-core-11.7.2.jar!/:na]
	at org.springframework.boot.autoconfigure.flyway.FlywayMigrationInitializer.afterPropertiesSet(FlywayMigrationInitializer.java:66) ~[spring-boot-autoconfigure-3.5.6.jar!/:3.5.6]
	at org.springframework.beans.factory.support.AbstractAutowireCapableBeanFactory.invokeInitMethods(AbstractAutowireCapableBeanFactory.java:1873) ~[spring-beans-6.2.11.jar!/:6.2.11]
	at org.springframework.beans.factory.support.AbstractAutowireCapableBeanFactory.initializeBean(AbstractAutowireCapableBeanFactory.java:1822) ~[spring-beans-6.2.11.jar!/:6.2.11]
	... 22 common frames omitted
Caused by: com.mysql.cj.jdbc.exceptions.CommunicationsException: Communications link failure

The last packet sent successfully to the server was 0 milliseconds ago. The driver has not received any packets from the server.
	at com.mysql.cj.jdbc.exceptions.SQLError.createCommunicationsException(SQLError.java:165) ~[mysql-connector-j-9.4.0.jar!/:9.4.0]
	at com.mysql.cj.jdbc.exceptions.SQLExceptionsMapping.translateException(SQLExceptionsMapping.java:55) ~[mysql-connector-j-9.4.0.jar!/:9.4.0]
	at com.mysql.cj.jdbc.ConnectionImpl.createNewIO(ConnectionImpl.java:839) ~[mysql-connector-j-9.4.0.jar!/:9.4.0]
	at com.mysql.cj.jdbc.ConnectionImpl.<init>(ConnectionImpl.java:415) ~[mysql-connector-j-9.4.0.jar!/:9.4.0]
	at com.mysql.cj.jdbc.ConnectionImpl.getInstance(ConnectionImpl.java:237) ~[mysql-connector-j-9.4.0.jar!/:9.4.0]
	at com.mysql.cj.jdbc.NonRegisteringDriver.connect(NonRegisteringDriver.java:180) ~[mysql-connector-j-9.4.0.jar!/:9.4.0]
	at com.zaxxer.hikari.util.DriverDataSource.getConnection(DriverDataSource.java:144) ~[HikariCP-6.3.3.jar!/:na]
	at com.zaxxer.hikari.pool.PoolBase.newConnection(PoolBase.java:370) ~[HikariCP-6.3.3.jar!/:na]
	at com.zaxxer.hikari.pool.PoolBase.newPoolEntry(PoolBase.java:207) ~[HikariCP-6.3.3.jar!/:na]
	at com.zaxxer.hikari.pool.HikariPool.createPoolEntry(HikariPool.java:488) ~[HikariCP-6.3.3.jar!/:na]
	at com.zaxxer.hikari.pool.HikariPool.checkFailFast(HikariPool.java:576) ~[HikariCP-6.3.3.jar!/:na]
	at com.zaxxer.hikari.pool.HikariPool.<init>(HikariPool.java:97) ~[HikariCP-6.3.3.jar!/:na]
	at com.zaxxer.hikari.HikariDataSource.getConnection(HikariDataSource.java:111) ~[HikariCP-6.3.3.jar!/:na]
	at org.flywaydb.core.internal.jdbc.JdbcUtils.openConnection(JdbcUtils.java:59) ~[flyway-core-11.7.2.jar!/:na]
	... 28 common frames omitted
Caused by: com.mysql.cj.exceptions.CJCommunicationsException: Communications link failure

The last packet sent successfully to the server was 0 milliseconds ago. The driver has not received any packets from the server.
	at java.base/jdk.internal.reflect.DirectConstructorHandleAccessor.newInstance(Unknown Source) ~[na:na]
	at java.base/java.lang.reflect.Constructor.newInstanceWithCaller(Unknown Source) ~[na:na]
	at java.base/java.lang.reflect.Constructor.newInstance(Unknown Source) ~[na:na]
	at com.mysql.cj.exceptions.ExceptionFactory.createException(ExceptionFactory.java:52) ~[mysql-connector-j-9.4.0.jar!/:9.4.0]
	at com.mysql.cj.exceptions.ExceptionFactory.createException(ExceptionFactory.java:95) ~[mysql-connector-j-9.4.0.jar!/:9.4.0]
	at com.mysql.cj.exceptions.ExceptionFactory.createException(ExceptionFactory.java:140) ~[mysql-connector-j-9.4.0.jar!/:9.4.0]
	at com.mysql.cj.exceptions.ExceptionFactory.createCommunicationsException(ExceptionFactory.java:156) ~[mysql-connector-j-9.4.0.jar!/:9.4.0]
	at com.mysql.cj.protocol.a.NativeSocketConnection.connect(NativeSocketConnection.java:79) ~[mysql-connector-j-9.4.0.jar!/:9.4.0]
	at com.mysql.cj.NativeSession.connect(NativeSession.java:142) ~[mysql-connector-j-9.4.0.jar!/:9.4.0]
	at com.mysql.cj.jdbc.ConnectionImpl.connectOneTryOnly(ConnectionImpl.java:963) ~[mysql-connector-j-9.4.0.jar!/:9.4.0]
	at com.mysql.cj.jdbc.ConnectionImpl.createNewIO(ConnectionImpl.java:827) ~[mysql-connector-j-9.4.0.jar!/:9.4.0]
	... 39 common frames omitted
Caused by: java.net.SocketTimeoutException: Connect timed out
	at java.base/sun.nio.ch.NioSocketImpl.timedFinishConnect(Unknown Source) ~[na:na]
	at java.base/sun.nio.ch.NioSocketImpl.connect(Unknown Source) ~[na:na]
	at java.base/java.net.SocksSocketImpl.connect(Unknown Source) ~[na:na]
	at java.base/java.net.Socket.connect(Unknown Source) ~[na:na]
	at com.mysql.cj.protocol.StandardSocketFactory.connect(StandardSocketFactory.java:144) ~[mysql-connector-j-9.4.0.jar!/:9.4.0]
	at com.mysql.cj.protocol.a.NativeSocketConnection.connect(NativeSocketConnection.java:53) ~[mysql-connector-j-9.4.0.jar!/:9.4.0]
	... 42 common frames omitted


  .   ____          _            __ _ _
 /\\ / ___'_ __ _ _(_)_ __  __ _ \ \ \ \
( ( )\___ | '_ | '_| | '_ \/ _` | \ \ \ \
 \\/  ___)| |_)| | | | | || (_| |  ) ) ) )
  '  |____| .__|_| |_|_| |_\__, | / / / /
 =========|_|==============|___/=/_/_/_/

 :: Spring Boot ::                (v3.5.6)

2026-01-01T01:51:41.469Z  INFO 1 --- [Ecommerce-spring-api] [           main] c.e.E.EcommerceSpringApiApplication      : Starting EcommerceSpringApiApplication v1.0.0 using Java 21.0.9 with PID 1 (/app/app.jar started by root in /app)
2026-01-01T01:51:41.482Z  INFO 1 --- [Ecommerce-spring-api] [           main] c.e.E.EcommerceSpringApiApplication      : The following 1 profile is active: "prod"
2026-01-01T01:51:43.853Z  INFO 1 --- [Ecommerce-spring-api] [           main] .s.d.r.c.RepositoryConfigurationDelegate : Bootstrapping Spring Data JPA repositories in DEFAULT mode.
2026-01-01T01:51:43.988Z  INFO 1 --- [Ecommerce-spring-api] [           main] .s.d.r.c.RepositoryConfigurationDelegate : Finished Spring Data repository scanning in 122 ms. Found 7 JPA repository interfaces.
2026-01-01T01:51:45.182Z  INFO 1 --- [Ecommerce-spring-api] [           main] o.s.b.w.embedded.tomcat.TomcatWebServer  : Tomcat initialized with port 8080 (http)
2026-01-01T01:51:45.206Z  INFO 1 --- [Ecommerce-spring-api] [           main] o.apache.catalina.core.StandardService   : Starting service [Tomcat]
2026-01-01T01:51:45.207Z  INFO 1 --- [Ecommerce-spring-api] [           main] o.apache.catalina.core.StandardEngine    : Starting Servlet engine: [Apache Tomcat/10.1.46]
2026-01-01T01:51:45.259Z  INFO 1 --- [Ecommerce-spring-api] [           main] o.a.c.c.C.[Tomcat].[localhost].[/]       : Initializing Spring embedded WebApplicationContext
2026-01-01T01:51:45.262Z  INFO 1 --- [Ecommerce-spring-api] [           main] w.s.c.ServletWebServerApplicationContext : Root WebApplicationContext: initialization completed in 3707 ms
2026-01-01T01:51:45.839Z  INFO 1 --- [Ecommerce-spring-api] [           main] com.zaxxer.hikari.HikariDataSource       : HikariPool-1 - Starting...
